date,Headline_CPI,Core_CPI,PCE_Price_Index,Core_PCE,CPI_Food,CPI_Energy,UMich_Inflation_Expectations,Breakeven_Inflation_5Y,Breakeven_Inflation_10Y,Nominal_GDP,Real_GDP,Real_GDP_Per_Capita,Industrial_Production,Total_Vehicle_Sales,Unemployment_Rate,U6_Underemployment,Nonfarm_Payrolls,Initial_Jobless_Claims,Avg_Weekly_Hours,Avg_Hourly_Earnings,JOLTS_Job_Openings,Labor_Force_Participation,FedFunds_Rate,FedFunds_Daily,Treasury_2Y,Treasury_10Y,Treasury_30Y,Yield_Curve_10Y_2Y,Yield_Curve_10Y_3M,HY_OAS_Spread,IG_OAS_Spread,Mortgage_Rate_30Y,M2_Money_Stock,Total_Reserves,Commercial_Loans,Consumer_Credit_Total,Consumer_Credit_Revolving,Case_Shiller_Home_Price,Housing_Starts,Building_Permits,Existing_Home_Sales,Months_Supply_Housing,UMich_Consumer_Sentiment,Retail_Sales,Personal_Consumption_Expenditures,Personal_Savings_Rate,Trade_Balance,Trade_Weighted_USD_Broad,VIX,SP500,Chicago_Fed_Financial_Conditions,StL_Fed_Financial_Stress,Federal_Debt_Total,Federal_Surplus_Deficit,Monthly_Treasury_Statement_Deficit,Gini_Index_USA,SEP_FedFunds_Median,SEP_FedFunds_Median_LongerRun,SEP_RealGDP_Median,SEP_PCE_Inflation_Median
1990-01-05,127.5,132.1,58.553,59.181,129.7,98.9,4.1,,,5872.701,10047.386,40361.0,61.729,16.308,5.4,,109196.0,,,,,66.8,8.23,8.274,7.907500000000001,7.9750000000000005,8.035,0.0675,0.1375,,,9.83,3166.8,62.9,635.7875,797714.86,213647.44,76.896,1551.0,1748.0,,7.0,93.0,,3730.7,7.9,,,18.689999999999998,,0.03327,,3051958.0,,8282.0,38.3,,,,
1990-01-12,127.5,132.1,58.553,59.181,129.7,98.9,4.1,,,5872.701,10047.386,40361.0,61.729,16.308,5.4,,109196.0,355000.0,,,,66.8,8.23,8.20142857142857,7.912000000000001,8.041999999999998,8.116,0.13,0.266,,,9.8,3166.8,62.9,635.7875,797714.86,213647.44,76.896,1551.0,1748.0,,7.0,93.0,,3730.7,7.9,,,21.918,,0.04492,,3051958.0,,8282.0,38.3,,,,
1990-01-19,127.5,132.1,58.553,59.181,129.7,98.9,4.1,,,5872.701,10047.386,40361.0,61.729,16.308,5.4,,109196.0,369000.0,,,,66.8,8.23,8.209999999999999,8.16,8.2425,8.285,0.0825,0.2675,,,9.9,3166.8,62.9,635.7875,797714.86,213647.44,76.896,1551.0,1748.0,,7.0,93.0,,3730.7,7.9,,,24.304,,0.0548,,3051958.0,,8282.0,38.3,,,,
1990-01-26,127.5,132.1,58.553,59.181,129.7,98.9,4.1,,,5872.701,10047.386,40361.0,61.729,16.308,5.4,,109196.0,375000.0,,,,66.8,8.23,8.234285714285715,8.216,8.364,8.404,0.148,0.418,,,10.05,3166.8,62.9,635.7875,797714.86,213647.44,76.896,1551.0,1748.0,,7.0,93.0,,3730.7,7.9,,,25.744,,0.06205,,3051958.0,,8282.0,38.3,,,,
1990-02-02,128.0,132.7,58.811,59.468,130.8,98.2,4.1,,,5872.701,10047.386,40361.0,62.2896,14.363,5.3,,109436.0,345000.0,,,,66.7,8.24,8.241428571428571,8.306000000000001,8.472,8.5,0.166,0.454,,,10.17,3179.2,60.6,636.5317,798773.19,216504.57,77.052,1437.0,1329.0,,7.6,89.5,,3728.2,8.5,,,25.648000000000003,,0.06401,,3051958.0,,-35207.0,38.3,,,,
1990-02-09,128.0,132.7,58.811,59.468,130.8,98.2,4.1,,,5872.701,10047.386,40361.0,62.2896,14.363,5.3,,109436.0,368000.0,,,,66.7,8.24,8.215714285714286,8.366,8.484,8.508,0.118,0.414,,,10.21,3179.2,60.6,636.5317,798773.19,216504.57,77.052,1437.0,1329.0,,7.6,89.5,,3728.2,8.5,,,24.196,,0.06134,,3051958.0,,-35207.0,38.3,,,,
1990-02-16,128.0,132.7,58.811,59.468,130.8,98.2,4.1,,,5872.701,10047.386,40361.0,62.2896,14.363,5.3,,109436.0,367000.0,,,,66.7,8.24,8.222857142857142,8.302,8.392,8.432,0.09,0.47000000000000003,,,10.1,3179.2,60.6,636.5317,798773.19,216504.57,77.052,1437.0,1329.0,,7.6,89.5,,3728.2,8.5,,,22.136000000000003,,0.05574,,3051958.0,,-35207.0,38.3,,,,
1990-02-23,128.0,132.7,58.811,59.468,130.8,98.2,4.1,,,5872.701,10047.386,40361.0,62.2896,14.363,5.3,,109436.0,348000.0,,,,66.7,8.24,8.25,8.475,8.577499999999999,8.61,0.10250000000000001,0.5800000000000001,,,10.31,3179.2,60.6,636.5317,798773.19,216504.57,77.052,1437.0,1329.0,,7.6,89.5,,3728.2,8.5,,,23.225,,0.04933,,3051958.0,,-35207.0,38.3,,,,
1990-03-02,128.6,133.5,59.033,59.754,131.0,97.6,3.7,,,5872.701,10047.386,40361.0,62.5999,14.486,5.2,,109640.0,350000.0,,,,66.7,8.28,8.272857142857143,8.431999999999999,8.501999999999999,8.528,0.06999999999999999,0.48200000000000004,,,10.23,3190.1,60.6,638.2437,798748.09,217589.37,77.2,1289.0,1246.0,,7.8,91.3,,3754.9,8.3,,,22.296,,0.04484,,3051958.0,,-53324.0,38.3,,,,
1990-03-09,128.6,133.5,59.033,59.754,131.0,97.6,3.7,,,5872.701,10047.386,40361.0,62.5999,14.486,5.2,,109640.0,351000.0,,,,66.7,8.28,8.282857142857143,8.59,8.608,8.604000000000001,0.018000000000000002,0.43200000000000005,,,10.29,3190.1,60.6,638.2437,798748.09,217589.37,77.2,1289.0,1246.0,,7.8,91.3,,3754.9,8.3,,,20.344,,0.0441,,3051958.0,,-53324.0,38.3,,,,
1990-03-16,128.6,133.5,59.033,59.754,131.0,97.6,3.7,,,5872.701,10047.386,40361.0,62.5999,14.486,5.2,,109640.0,349000.0,,,,66.7,8.28,8.258571428571429,8.704,8.652000000000001,8.626000000000001,-0.052000000000000005,0.422,,,10.34,3190.1,60.6,638.2437,798748.09,217589.37,77.2,1289.0,1246.0,,7.8,91.3,,3754.9,8.3,,,19.44,,0.04961,,3051958.0,,-53324.0,38.3,,,,
1990-03-23,128.6,133.5,59.033,59.754,131.0,97.6,3.7,,,5872.701,10047.386,40361.0,62.5999,14.486,5.2,,109640.0,349000.0,,,,66.7,8.28,8.277142857142858,8.656,8.546,8.49,-0.11000000000000001,0.34199999999999997,,,10.26,3190.1,60.6,638.2437,798748.09,217589.37,77.2,1289.0,1246.0,,7.8,91.3,,3754.9,8.3,,,20.130000000000003,,0.06043,,3051958.0,,-53324.0,38.3,,,,
1990-03-30,128.6,133.5,59.033,59.754,131.0,97.6,3.7,,,5872.701,10047.386,40361.0,62.5999,14.486,5.2,,109640.0,331000.0,,,,66.7,8.28,8.282857142857143,8.606,8.558,8.526,-0.048,0.44000000000000006,,,10.22,3190.1,60.6,638.2437,798748.09,217589.37,77.2,1289.0,1246.0,,7.8,91.3,,3754.9,8.3,,,19.712,,0.07537,,3051958.0,,-53324.0,38.3,,,,
1990-04-06,128.9,134.0,59.157,59.932,130.8,97.5,3.6,,,5960.028,10083.855,40382.0,62.4359,14.281,5.4,,109674.0,346000.0,,,,66.6,8.26,8.312857142857142,8.565999999999999,8.592,8.559999999999999,0.026000000000000002,0.554,,,10.26,3201.6,62.5,640.9802,798747.01,219769.62,77.278,1248.0,1136.0,,8.3,93.9,,3770.0,8.7,,,21.656,,0.09188,,3143754.0,,41829.0,38.3,,,,
1990-04-13,128.9,134.0,59.157,59.932,130.8,97.5,3.6,,,5960.028,10083.855,40382.0,62.4359,14.281,5.4,,109674.0,367000.0,,,,66.6,8.26,8.222857142857142,8.5525,8.615,8.575,0.0625,0.5675,,,10.25,3201.6,62.5,640.9802,798747.01,219769.62,77.278,1248.0,1136.0,,8.3,93.9,,3770.0,8.7,,,20.380000000000003,,0.10445,,3143754.0,,41829.0,38.3,,,,
1990-04-20,128.9,134.0,59.157,59.932,130.8,97.5,3.6,,,5960.028,10083.855,40382.0,62.4359,14.281,5.4,,109674.0,357000.0,,,,66.6,8.26,8.295714285714286,8.745999999999999,8.825999999999999,8.803999999999998,0.08,0.8,,,10.41,3201.6,62.5,640.9802,798747.01,219769.62,77.278,1248.0,1136.0,,8.3,93.9,,3770.0,8.7,,,21.918,,0.1111,,3143754.0,,41829.0,38.3,,,,
1990-04-27,128.9,134.0,59.157,59.932,130.8,97.5,3.6,,,5960.028,10083.855,40382.0,62.4359,14.281,5.4,,109674.0,360000.0,,,,66.6,8.26,8.22,8.95,9.024000000000001,9.0,0.074,0.978,,,10.56,3201.6,62.5,640.9802,798747.01,219769.62,77.278,1248.0,1136.0,,8.3,93.9,,3770.0,8.7,,,21.832,,0.10829,,3143754.0,,41829.0,38.3,,,,
1990-05-04,129.1,134.4,59.29,60.115,131.1,96.7,3.4,,,5960.028,10083.855,40382.0,62.6258,14.022,5.4,,109828.0,363000.0,,,,66.6,8.18,8.118571428571428,8.942,9.017999999999999,8.982,0.076,0.898,,,10.67,3200.6,60.2,639.811,799751.03,223276.19,77.297,1212.0,1067.0,,8.2,90.6,,3775.8,8.7,,,18.472,,0.09366,,3143754.0,,-42482.0,38.3,,,,
1990-05-11,129.1,134.4,59.29,60.115,131.1,96.7,3.4,,,5960.028,10083.855,40382.0,62.6258,14.022,5.4,,109828.0,354000.0,,,,66.6,8.18,8.214285714285714,8.681999999999999,8.809999999999999,8.802000000000001,0.128,0.808,,,10.54,3200.6,60.2,639.811,799751.03,223276.19,77.297,1212.0,1067.0,,8.2,90.6,,3775.8,8.7,,,18.636,,0.068,,3143754.0,,-42482.0,38.3,,,,
1990-05-18,129.1,134.4,59.29,60.115,131.1,96.7,3.4,,,5960.028,10083.855,40382.0,62.6258,14.022,5.4,,109828.0,355000.0,,,,66.6,8.18,8.148571428571428,8.556000000000001,8.675999999999998,8.638,0.12000000000000002,0.742,,,10.37,3200.6,60.2,639.811,799751.03,223276.19,77.297,1212.0,1067.0,,8.2,90.6,,3775.8,8.7,,,18.362000000000002,,0.033,,3143754.0,,-42482.0,38.3,,,,
1990-05-25,129.1,134.4,59.29,60.115,131.1,96.7,3.4,,,5960.028,10083.855,40382.0,62.6258,14.022,5.4,,109828.0,353000.0,,,,66.6,8.18,8.242857142857144,8.538,8.664,8.632,0.126,0.688,,,10.33,3200.6,60.2,639.811,799751.03,223276.19,77.297,1212.0,1067.0,,8.2,90.6,,3775.8,8.7,,,17.351999999999997,,-0.00811,,3143754.0,,-42482.0,38.3,,,,
1990-06-01,129.9,135.1,59.552,60.349,132.1,97.3,3.8,,,5960.028,10083.855,40382.0,62.8382,14.149,5.2,,109850.0,359000.0,,,,66.4,8.29,8.18142857142857,8.4575,8.58,8.5625,0.12250000000000001,0.58,,,10.29,3213.7,61.2,641.3645,802892.74,225664.82,77.258,1177.0,1108.0,,7.9,88.3,,3804.5,8.6,,,17.6625,,-0.05128,,3143754.0,,-11105.0,38.3,,,,
1990-06-08,129.9,135.1,59.552,60.349,132.1,97.3,3.8,,,5960.028,10083.855,40382.0,62.8382,14.149,5.2,,109850.0,368000.0,,,,66.4,8.29,8.262857142857142,8.331999999999999,8.458000000000002,8.440000000000001,0.126,0.49800000000000005,,,10.1,3213.7,61.2,641.3645,802892.74,225664.82,77.258,1177.0,1108.0,,7.9,88.3,,3804.5,8.6,,,17.848,,-0.09137,,3143754.0,,-11105.0,38.3,,,,
1990-06-15,129.9,135.1,59.552,60.349,132.1,97.3,3.8,,,5960.028,10083.855,40382.0,62.8382,14.149,5.2,,109850.0,359000.0,,,,66.4,8.29,8.314285714285713,8.312000000000001,8.440000000000001,8.416,0.128,0.484,,,10.12,3213.7,61.2,641.3645,802892.74,225664.82,77.258,1177.0,1108.0,,7.9,88.3,,3804.5,8.6,,,16.724,,-0.12439,,3143754.0,,-11105.0,38.3,,,,
1990-06-22,129.9,135.1,59.552,60.349,132.1,97.3,3.8,,,5960.028,10083.855,40382.0,62.8382,14.149,5.2,,109850.0,359000.0,,,,66.4,8.29,8.262857142857142,8.408,8.518,8.492,0.11000000000000001,0.512,,,10.16,3213.7,61.2,641.3645,802892.74,225664.82,77.258,1177.0,1108.0,,7.9,88.3,,3804.5,8.6,,,16.458,,-0.14744,,3143754.0,,-11105.0,38.3,,,,
1990-06-29,129.9,135.1,59.552,60.349,132.1,97.3,3.8,,,5960.028,10083.855,40382.0,62.8382,14.149,5.2,,109850.0,362000.0,,,,66.4,8.29,8.311428571428571,8.356,8.512,8.488,0.156,0.47800000000000004,,,10.15,3213.7,61.2,641.3645,802892.74,225664.82,77.258,1177.0,1108.0,,7.9,88.3,,3804.5,8.6,,,16.206,,-0.15767,,3143754.0,,-11105.0,38.3,,,,
1990-07-06,130.5,135.8,59.699,60.501,132.8,97.1,3.4,,,6015.116,10090.569,40266.0,62.7284,14.081,5.5,,109815.0,364000.0,,,,66.5,8.15,8.324285714285715,8.2475,8.44,8.435,0.1925,0.4675,,,10.06,3224.5,60.9,639.7963,806887.5,229586.26,77.14,1171.0,1078.0,,7.8,88.2,,3821.7,8.7,,,16.5075,,-0.15453,,3233313.0,,-25924.0,38.3,,,,
1990-07-13,130.5,135.8,59.699,60.501,132.8,97.1,3.4,,,6015.116,10090.569,40266.0,62.7284,14.081,5.5,,109815.0,362000.0,,,,66.5,8.15,8.255714285714285,8.304,8.532,8.526,0.22800000000000004,0.538,,,10.11,3224.5,60.9,639.7963,806887.5,229586.26,77.14,1171.0,1078.0,,7.8,88.2,,3821.7,8.7,,,16.881999999999998,,-0.13918,,3233313.0,,-25924.0,38.3,,,,
1990-07-20,130.5,135.8,59.699,60.501,132.8,97.1,3.4,,,6015.116,10090.569,40266.0,62.7284,14.081,5.5,,109815.0,367000.0,,,,66.5,8.15,8.075714285714286,8.124,8.474,8.514,0.35,0.6519999999999999,,,9.99,3224.5,60.9,639.7963,806887.5,229586.26,77.14,1171.0,1078.0,,7.8,88.2,,3821.7,8.7,,,17.3,,-0.11227,,3233313.0,,-25924.0,38.3,,,,
1990-07-27,130.5,135.8,59.699,60.501,132.8,97.1,3.4,,,6015.116,10090.569,40266.0,62.7284,14.081,5.5,,109815.0,370000.0,,,,66.5,8.15,8.051428571428572,8.065999999999999,8.482,8.540000000000001,0.41600000000000004,0.6980000000000001,,,9.98,3224.5,60.9,639.7963,806887.5,229586.26,77.14,1171.0,1078.0,,7.8,88.2,,3821.7,8.7,,,21.408,,-0.07555,,3233313.0,,-25924.0,38.3,,,,
1990-08-03,131.6,136.6,60.096,60.753,133.2,101.6,4.6,,,6015.116,10090.569,40266.0,62.9475,13.859,5.7,,109607.0,369000.0,,,,66.5,8.13,8.041428571428572,7.876,8.366,8.437999999999999,0.49000000000000005,0.696,,,9.84,3242.0,60.7,640.2745,808758.57,232414.91,77.008,1115.0,1069.0,,8.2,76.4,,3848.3,8.1,,,22.616,,-0.03137,,3233313.0,,-52719.0,38.3,,,,
1990-08-10,131.6,136.6,60.096,60.753,133.2,101.6,4.6,,,6015.116,10090.569,40266.0,62.9475,13.859,5.7,,109607.0,369000.0,,,,66.5,8.13,8.069999999999999,7.9799999999999995,8.72,8.818,0.74,1.1059999999999999,,,10.08,3242.0,60.7,640.2745,808758.57,232414.91,77.008,1115.0,1069.0,,8.2,76.4,,3848.3,8.1,,,29.413999999999998,,0.01898,,3233313.0,,-52719.0,38.3,,,,
1990-08-17,131.6,136.6,60.096,60.753,133.2,101.6,4.6,,,6015.116,10090.569,40266.0,62.9475,13.859,5.7,,109607.0,381000.0,,,,66.5,8.13,8.198571428571428,8.004,8.714,8.844,0.71,1.016,,,10.05,3242.0,60.7,640.2745,808758.57,232414.91,77.008,1115.0,1069.0,,8.2,76.4,,3848.3,8.1,,,25.584,,0.0716,,3233313.0,,-52719.0,38.3,,,,
1990-08-24,131.6,136.6,60.096,60.753,133.2,101.6,4.6,,,6015.116,10090.569,40266.0,62.9475,13.859,5.7,,109607.0,393000.0,,,,66.5,8.13,8.234285714285715,8.232,8.922,9.034,0.6900000000000001,1.126,,,10.29,3242.0,60.7,640.2745,808758.57,232414.91,77.008,1115.0,1069.0,,8.2,76.4,,3848.3,8.1,,,31.262,,0.1264,,3233313.0,,-52719.0,38.3,,,,
1990-08-31,131.6,136.6,60.096,60.753,133.2,101.6,4.6,,,6015.116,10090.569,40266.0,62.9475,13.859,5.7,,109607.0,394000.0,,,,66.5,8.13,8.064285714285715,8.158,8.879999999999999,9.001999999999999,0.722,1.168,,,10.24,3242.0,60.7,640.2745,808758.57,232414.91,77.008,1115.0,1069.0,,8.2,76.4,,3848.3,8.1,,,29.183999999999997,,0.1805,,3233313.0,,-52719.0,38.3,,,,
1990-09-07,132.5,137.1,60.465,60.965,133.6,106.5,4.7,,,6015.116,10090.569,40266.0,62.9523,14.298,5.9,,109522.0,392000.0,,,,66.4,8.2,8.284285714285714,8.0575,8.8525,8.9725,0.795,1.2275,,,10.19,3254.6,61.4,639.3691,810436.23,234725.03,76.849,1110.0,976.0,,8.4,72.8,,3870.1,8.1,,,29.255,,0.23414,,3233313.0,,20768.0,38.3,,,,
1990-09-14,132.5,137.1,60.465,60.965,133.6,106.5,4.7,,,6015.116,10090.569,40266.0,62.9523,14.298,5.9,,109522.0,390000.0,,,,66.4,8.2,8.065714285714286,8.056000000000001,8.838,8.974,0.782,1.21,,,10.13,3254.6,61.4,639.3691,810436.23,234725.03,76.849,1110.0,976.0,,8.4,72.8,,3870.1,8.1,,,29.145999999999997,,0.28525,,3233313.0,,20768.0,38.3,,,,
1990-09-21,132.5,137.1,60.465,60.965,133.6,106.5,4.7,,,6015.116,10090.569,40266.0,62.9523,14.298,5.9,,109522.0,395000.0,,,,66.4,8.2,8.241428571428571,8.075999999999999,8.916,9.062000000000001,0.8400000000000001,1.298,,,10.16,3254.6,61.4,639.3691,810436.23,234725.03,76.849,1110.0,976.0,,8.4,72.8,,3870.1,8.1,,,28.99,,0.33296,,3233313.0,,20768.0,38.3,,,,
1990-09-28,132.5,137.1,60.465,60.965,133.6,106.5,4.7,,,6015.116,10090.569,40266.0,62.9523,14.298,5.9,,109522.0,389000.0,,,,66.4,8.2,8.235714285714286,8.124,8.958,9.096,0.834,1.432,,,10.22,3254.6,61.4,639.3691,810436.23,234725.03,76.849,1110.0,976.0,,8.4,72.8,,3870.1,8.1,,,29.068,,0.37607,,3233313.0,,20768.0,38.3,,,,
1990-10-05,133.4,137.6,60.811,61.172,134.1,110.8,4.8,,,6004.733,9998.704,39759.0,62.5845,13.749,5.9,,109377.0,404000.0,,,,66.4,8.11,8.262857142857143,7.884,8.686,8.825999999999999,0.8019999999999999,1.328,,,10.08,3259.3,61.0,637.518,812655.11,236170.64,76.7,1014.0,925.0,,8.7,63.9,,3870.6,7.9,,,27.72,,0.4091,,3364820.0,-221036.0,-31364.0,38.3,,,,
1990-10-12,133.4,137.6,60.811,61.172,134.1,110.8,4.8,,,6004.733,9998.704,39759.0,62.5845,13.749,5.9,,109377.0,404000.0,,,,66.4,8.11,8.127142857142857,7.965,8.870000000000001,9.0175,0.905,1.4775,,,10.22,3259.3,61.0,637.518,812655.11,236170.64,76.7,1014.0,925.0,,8.7,63.9,,3870.6,7.9,,,31.172000000000004,,0.43252,,3364820.0,-221036.0,-31364.0,38.3,,,,
1990-10-19,133.4,137.6,60.811,61.172,134.1,110.8,4.8,,,6004.733,9998.704,39759.0,62.5845,13.749,5.9,,109377.0,422000.0,,,,66.4,8.11,7.968571428571429,7.903999999999999,8.736,8.876,0.8320000000000001,1.2959999999999998,,,10.24,3259.3,61.0,637.518,812655.11,236170.64,76.7,1014.0,925.0,,8.7,63.9,,3870.6,7.9,,,30.384000000000004,,0.44681,,3364820.0,-221036.0,-31364.0,38.3,,,,
1990-10-26,133.4,137.6,60.811,61.172,134.1,110.8,4.8,,,6004.733,9998.704,39759.0,62.5845,13.749,5.9,,109377.0,435000.0,,,,66.4,8.11,7.981428571428571,7.825999999999999,8.638,8.767999999999999,0.8119999999999999,1.208,,,10.17,3259.3,61.0,637.518,812655.11,236170.64,76.7,1014.0,925.0,,8.7,63.9,,3870.6,7.9,,,28.582,,0.45194,,3364820.0,-221036.0,-31364.0,38.3,,,,
1990-11-02,133.7,138.0,60.888,61.246,134.5,111.2,4.7,,,6004.733,9998.704,39759.0,61.7887,13.134,6.2,,109222.0,440000.0,,,,66.4,7.81,8.178571428571429,7.748,8.638,8.77,0.89,1.302,,,10.13,3262.6,62.0,639.1886,813662.66,239294.12,76.367,1145.0,941.0,,8.2,66.0,,3871.9,8.0,,,30.476,,0.4524,,3364820.0,-221036.0,-47723.0,38.3,,,,
1990-11-09,133.7,138.0,60.888,61.246,134.5,111.2,4.7,,,6004.733,9998.704,39759.0,61.7887,13.134,6.2,,109222.0,430000.0,,,,66.4,7.81,7.884285714285714,7.646000000000001,8.532,8.668000000000001,0.8859999999999999,1.226,,,10.09,3262.6,62.0,639.1886,813662.66,239294.12,76.367,1145.0,941.0,,8.2,66.0,,3871.9,8.0,,,29.516000000000002,,0.45173,,3364820.0,-221036.0,-47723.0,38.3,,,,
1990-11-16,133.7,138.0,60.888,61.246,134.5,111.2,4.7,,,6004.733,9998.704,39759.0,61.7887,13.134,6.2,,109222.0,448000.0,,,,66.4,7.81,8.01142857142857,7.59,8.35,8.504999999999999,0.76,1.05,,,10.02,3262.6,62.0,639.1886,813662.66,239294.12,76.367,1145.0,941.0,,8.2,66.0,,3871.9,8.0,,,23.396,,0.4518,,3364820.0,-221036.0,-47723.0,38.3,,,,
1990-11-23,133.7,138.0,60.888,61.246,134.5,111.2,4.7,,,6004.733,9998.704,39759.0,61.7887,13.134,6.2,,109222.0,447000.0,,,,66.4,7.81,7.687142857142858,7.58,8.3025,8.465,0.7275,1.01,,,9.93,3262.6,62.0,639.1886,813662.66,239294.12,76.367,1145.0,941.0,,8.2,66.0,,3871.9,8.0,,,20.7775,,0.45612,,3364820.0,-221036.0,-47723.0,38.3,,,,
1990-11-30,133.7,138.0,60.888,61.246,134.5,111.2,4.7,,,6004.733,9998.704,39759.0,61.7887,13.134,6.2,,109222.0,462000.0,,,,66.4,7.81,7.577142857142857,7.544,8.286,8.437999999999999,0.742,1.022,,,9.9,3262.6,62.0,639.1886,813662.66,239294.12,76.367,1145.0,941.0,,8.2,66.0,,3871.9,8.0,,,22.93,,0.46675,,3364820.0,-221036.0,-47723.0,38.3,,,,
1990-12-07,134.2,138.6,60.945,61.331,134.6,111.0,4.7,,,6004.733,9998.704,39759.0,61.3352,12.958,6.3,,109168.0,451000.0,,,,66.4,7.31,7.515714285714286,7.448,8.158,8.318,0.71,0.944,,,9.81,3271.8,59.1,642.0284,808230.57,238642.62,76.184,969.0,861.0,,8.5,65.5,,3861.3,8.8,,,22.094,,0.47964,,3364820.0,-221036.0,-7387.0,38.3,,,,
1990-12-14,134.2,138.6,60.945,61.331,134.6,111.0,4.7,,,6004.733,9998.704,39759.0,61.3352,12.958,6.3,,109168.0,449000.0,,,,66.4,7.31,7.232857142857143,7.284000000000001,7.9719999999999995,8.129999999999999,0.688,0.924,,,9.56,3271.8,59.1,642.0284,808230.57,238642.62,76.184,969.0,861.0,,8.5,65.5,,3861.3,8.8,,,23.102,,0.49464,,3364820.0,-221036.0,-7387.0,38.3,,,,
1990-12-21,134.2,138.6,60.945,61.331,134.6,111.0,4.7,,,6004.733,9998.704,39759.0,61.3352,12.958,6.3,,109168.0,447000.0,,,,66.4,7.31,7.2542857142857144,7.2700000000000005,8.034,8.203999999999999,0.764,1.168,,,9.64,3271.8,59.1,642.0284,808230.57,238642.62,76.184,969.0,861.0,,8.5,65.5,,3861.3,8.8,,,23.366,,0.50958,,3364820.0,-221036.0,-7387.0,38.3,,,,
1990-12-28,134.2,138.6,60.945,61.331,134.6,111.0,4.7,,,6004.733,9998.704,39759.0,61.3352,12.958,6.3,,109168.0,474000.0,,,,66.4,7.31,7.438571428571429,7.279999999999999,8.15,8.305,0.87,1.47,,,9.68,3271.8,59.1,642.0284,808230.57,238642.62,76.184,969.0,861.0,,8.5,65.5,,3861.3,8.8,,,24.5175,,0.51677,,3364820.0,-221036.0,-7387.0,38.3,,,,
1991-01-04,134.7,139.5,61.177,61.637,135.0,108.5,3.9,,,6035.178,9951.916,39451.0,61.1355,11.829,6.4,,109058.0,454000.0,,,,66.2,6.91,6.812857142857142,7.12,8.0,8.1775,0.88,1.335,,,9.56,3287.7,50.9,636.1319,806600.5,238714.84,75.913,798.0,786.0,,9.4,66.8,,3841.0,9.4,,,27.03,,0.50945,,3465189.0,-221036.0,1650.0,38.0,,,,
1991-01-11,134.7,139.5,61.177,61.637,135.0,108.5,3.9,,,6035.178,9951.916,39451.0,61.1355,11.829,6.4,,109058.0,415000.0,,,,66.2,6.91,6.372857142857143,7.145999999999999,8.18,8.382,1.034,1.6740000000000002,,,9.63,3287.7,50.9,636.1319,806600.5,238714.84,75.913,798.0,786.0,,9.4,66.8,,3841.0,9.4,,,31.318,,0.48836,,3465189.0,-221036.0,1650.0,38.0,,,,
1991-01-18,134.7,139.5,61.177,61.637,135.0,108.5,3.9,,,6035.178,9951.916,39451.0,61.1355,11.829,6.4,,109058.0,437000.0,,,,66.2,6.91,6.627142857142857,7.176,8.154,8.314,0.9780000000000001,1.908,,,9.75,3287.7,50.9,636.1319,806600.5,238714.84,75.913,798.0,786.0,,9.4,66.8,,3841.0,9.4,,,31.68,,0.44912,,3465189.0,-221036.0,1650.0,38.0,,,,
1991-01-25,134.7,139.5,61.177,61.637,135.0,108.5,3.9,,,6035.178,9951.916,39451.0,61.1355,11.829,6.4,,109058.0,445000.0,,,,66.2,6.91,7.275714285714286,7.0875,8.0425,8.215,0.955,1.7375,,,9.61,3287.7,50.9,636.1319,806600.5,238714.84,75.913,798.0,786.0,,9.4,66.8,,3841.0,9.4,,,23.642,,0.39022,,3465189.0,-221036.0,1650.0,38.0,,,,
1991-02-01,134.8,140.2,61.208,61.807,135.1,104.5,3.4,,,6035.178,9951.916,39451.0,60.6838,12.409,6.6,,108735.0,462000.0,,,,66.2,6.25,7.341428571428572,7.034000000000001,8.016,8.192,0.986,1.6640000000000001,,,9.56,3304.5,48.5,635.9164,807030.43,242288.12,75.731,965.0,853.0,,7.9,70.4,,3866.7,9.0,,,21.908,,0.32171,,3465189.0,-221036.0,-26191.0,38.0,,,,
1991-02-08,134.8,140.2,61.208,61.807,135.1,104.5,3.4,,,6035.178,9951.916,39451.0,60.6838,12.409,6.6,,108735.0,483000.0,,,,66.2,6.25,6.058571428571428,6.808,7.822,8.01,1.014,1.706,,,9.36,3304.5,48.5,635.9164,807030.43,242288.12,75.731,965.0,853.0,,7.9,70.4,,3866.7,9.0,,,22.596,,0.2467,,3465189.0,-221036.0,-26191.0,38.0,,,,
1991-02-15,134.8,140.2,61.208,61.807,135.1,104.5,3.4,,,6035.178,9951.916,39451.0,60.6838,12.409,6.6,,108735.0,480000.0,,,,66.2,6.25,6.257142857142857,6.786,7.784000000000001,7.9719999999999995,0.998,1.7440000000000002,,,9.25,3304.5,48.5,635.9164,807030.43,242288.12,75.731,965.0,853.0,,7.9,70.4,,3866.7,9.0,,,21.346,,0.17136,,3465189.0,-221036.0,-26191.0,38.0,,,,
1991-02-22,134.8,140.2,61.208,61.807,135.1,104.5,3.4,,,6035.178,9951.916,39451.0,60.6838,12.409,6.6,,108735.0,474000.0,,,,66.2,6.25,6.317142857142857,6.905,7.8575,8.03,0.9525,1.745,,,9.29,3304.5,48.5,635.9164,807030.43,242288.12,75.731,965.0,853.0,,7.9,70.4,,3866.7,9.0,,,20.9725,,0.10027,,3465189.0,-221036.0,-26191.0,38.0,,,,
1991-03-01,134.8,140.5,61.221,61.936,135.3,101.9,3.3,,,6035.178,9951.916,39451.0,60.3346,12.848,6.8,,108568.0,499000.0,,,,66.3,6.12,6.384285714285714,7.045999999999999,7.998,8.162,0.952,1.782,,,9.4,3321.9,48.6,635.219,808351.83,246840.76,75.565,921.0,911.0,,7.3,87.7,,3913.0,8.1,,,21.4325,,0.03599,,3465189.0,-221036.0,-41173.0,38.0,,,,
1991-03-08,134.8,140.5,61.221,61.936,135.3,101.9,3.3,,,6035.178,9951.916,39451.0,60.3346,12.848,6.8,,108568.0,488000.0,,,,66.3,6.12,6.368571428571428,7.128,8.102,8.272,0.974,1.862,,,9.49,3321.9,48.6,635.219,808351.83,246840.76,75.565,921.0,911.0,,7.3,87.7,,3913.0,8.1,,,20.744,,-0.02157,,3465189.0,-221036.0,-41173.0,38.0,,,,
1991-03-15,134.8,140.5,61.221,61.936,135.3,101.9,3.3,,,6035.178,9951.916,39451.0,60.3346,12.848,6.8,,108568.0,499000.0,,,,66.3,6.12,6.057142857142857,7.016,8.058,8.238,1.042,2.044,,,9.5,3321.9,48.6,635.219,808351.83,246840.76,75.565,921.0,911.0,,7.3,87.7,,3913.0,8.1,,,17.125999999999998,,-0.07162,,3465189.0,-221036.0,-41173.0,38.0,,,,
1991-03-22,134.8,140.5,61.221,61.936,135.3,101.9,3.3,,,6035.178,9951.916,39451.0,60.3346,12.848,6.8,,108568.0,498000.0,,,,66.3,6.12,6.1499999999999995,7.153999999999999,8.178,8.36,1.024,2.118,,,9.59,3321.9,48.6,635.219,808351.83,246840.76,75.565,921.0,911.0,,7.3,87.7,,3913.0,8.1,,,16.258,,-0.11419,,3465189.0,-221036.0,-41173.0,38.0,,,,
1991-03-29,134.8,140.5,61.221,61.936,135.3,101.9,3.3,,,6035.178,9951.916,39451.0,60.3346,12.848,6.8,,108568.0,509000.0,,,,66.3,6.12,6.018571428571429,7.0975,8.0975,8.2825,1.0,2.09,,,9.52,3321.9,48.6,635.219,808351.83,246840.76,75.565,921.0,911.0,,7.3,87.7,,3913.0,8.1,,,16.625,,-0.15025,,3465189.0,-221036.0,-41173.0,38.0,,,,
1991-04-05,135.1,140.9,61.332,62.06,136.1,101.2,3.2,,,6126.862,10029.51,39632.0,60.4938,12.038,6.7,,108350.0,499000.0,,,,66.4,5.91,6.071428571428571,6.965999999999999,8.028,8.216,1.062,2.098,,,9.49,3332.4,50.3,631.3454,807818.95,248743.89,75.565,1001.0,916.0,,7.3,81.8,,3907.1,8.7,,,17.613999999999997,,-0.17975,,3537988.0,-221036.0,30009.0,38.0,,,,
1991-04-12,135.1,140.9,61.332,62.06,136.1,101.2,3.2,,,6126.862,10029.51,39632.0,60.4938,12.038,6.7,,108350.0,452000.0,,,,66.4,5.91,5.744285714285715,6.94,8.036,8.212,1.096,2.27,,,9.48,3332.4,50.3,631.3454,807818.95,248743.89,75.565,1001.0,916.0,,7.3,81.8,,3907.1,8.7,,,18.59,,-0.20378,,3537988.0,-221036.0,30009.0,38.0,,,,
1991-04-19,135.1,140.9,61.332,62.06,136.1,101.2,3.2,,,6126.862,10029.51,39632.0,60.4938,12.038,6.7,,108350.0,477000.0,,,,66.4,5.91,5.807142857142857,6.948,7.998,8.156,1.05,2.186,,,9.47,3332.4,50.3,631.3454,807818.95,248743.89,75.565,1001.0,916.0,,7.3,81.8,,3907.1,8.7,,,15.946000000000002,,-0.22317,,3537988.0,-221036.0,30009.0,38.0,,,,
1991-04-26,135.1,140.9,61.332,62.06,136.1,101.2,3.2,,,6126.862,10029.51,39632.0,60.4938,12.038,6.7,,108350.0,478000.0,,,,66.4,5.91,5.911428571428571,6.978,8.092,8.252,1.114,2.258,,,9.53,3332.4,50.3,631.3454,807818.95,248743.89,75.565,1001.0,916.0,,7.3,81.8,,3907.1,8.7,,,16.988,,-0.23671,,3537988.0,-221036.0,30009.0,38.0,,,,
1991-05-03,135.6,141.3,61.586,62.307,136.6,102.1,3.1,,,6126.862,10029.51,39632.0,61.0633,12.487,6.9,,108253.0,462000.0,,,,66.2,5.78,5.887142857142857,6.812,8.022,8.193999999999999,1.21,2.336,,,9.47,3343.0,49.1,627.7868,807832.16,250931.03,75.762,996.0,991.0,,7.0,78.3,,3933.2,8.5,,,17.808,,-0.24519,,3537988.0,-221036.0,-53367.0,38.0,,,,
1991-05-10,135.6,141.3,61.586,62.307,136.6,102.1,3.1,,,6126.862,10029.51,39632.0,61.0633,12.487,6.9,,108253.0,451000.0,,,,66.2,5.78,5.761428571428572,6.837999999999999,8.058,8.25,1.22,2.402,,,9.47,3343.0,49.1,627.7868,807832.16,250931.03,75.762,996.0,991.0,,7.0,78.3,,3933.2,8.5,,,17.574,,-0.24867,,3537988.0,-221036.0,-53367.0,38.0,,,,
1991-05-17,135.6,141.3,61.586,62.307,136.6,102.1,3.1,,,6126.862,10029.51,39632.0,61.0633,12.487,6.9,,108253.0,446000.0,,,,66.2,5.78,5.817142857142857,6.848000000000001,8.108,8.315999999999999,1.26,2.4939999999999998,,,9.5,3343.0,49.1,627.7868,807832.16,250931.03,75.762,996.0,991.0,,7.0,78.3,,3933.2,8.5,,,17.584,,-0.24732,,3537988.0,-221036.0,-53367.0,38.0,,,,
1991-05-24,135.6,141.3,61.586,62.307,136.6,102.1,3.1,,,6126.862,10029.51,39632.0,61.0633,12.487,6.9,,108253.0,448000.0,,,,66.2,5.78,5.744285714285715,6.779999999999999,8.084,8.292,1.3039999999999998,2.4699999999999998,,,9.47,3343.0,49.1,627.7868,807832.16,250931.03,75.762,996.0,991.0,,7.0,78.3,,3933.2,8.5,,,16.134,,-0.24315,,3537988.0,-221036.0,-53367.0,38.0,,,,
1991-05-31,135.6,141.3,61.586,62.307,136.6,102.1,3.1,,,6126.862,10029.51,39632.0,61.0633,12.487,6.9,,108253.0,443000.0,,,,66.2,5.78,5.784285714285715,6.6375,8.055,8.2625,1.4175,2.42,,,9.45,3343.0,49.1,627.7868,807832.16,250931.03,75.762,996.0,991.0,,7.0,78.3,,3933.2,8.5,,,15.879999999999999,,-0.23831,,3537988.0,-221036.0,-53367.0,38.0,,,,
1991-06-07,136.0,141.8,61.69,62.442,137.4,101.1,3.3,,,6126.862,10029.51,39632.0,61.5581,12.719,6.9,,108330.0,432000.0,,,,66.2,5.9,5.881428571428572,6.85,8.198,8.394,1.348,2.444,,,9.48,3351.9,50.4,626.1112,805994.66,252246.44,75.994,1036.0,964.0,,7.0,82.1,,3940.5,9.0,,,16.669999999999998,,-0.23614,,3537988.0,-221036.0,-2579.0,38.0,,,,
1991-06-14,136.0,141.8,61.69,62.442,137.4,101.1,3.3,,,6126.862,10029.51,39632.0,61.5581,12.719,6.9,,108330.0,441000.0,,,,66.2,5.9,5.744285714285715,7.036,8.313999999999998,8.502,1.278,2.56,,,9.66,3351.9,50.4,626.1112,805994.66,252246.44,75.994,1036.0,964.0,,7.0,82.1,,3940.5,9.0,,,17.095999999999997,,-0.2394,,3537988.0,-221036.0,-2579.0,38.0,,,,
1991-06-21,136.0,141.8,61.69,62.442,137.4,101.1,3.3,,,6126.862,10029.51,39632.0,61.5581,12.719,6.9,,108330.0,429000.0,,,,66.2,5.9,5.788571428571429,6.956,8.314,8.504,1.358,2.552,,,9.65,3351.9,50.4,626.1112,805994.66,252246.44,75.994,1036.0,964.0,,7.0,82.1,,3940.5,9.0,,,16.468,,-0.25087,,3537988.0,-221036.0,-2579.0,38.0,,,,
1991-06-28,136.0,141.8,61.69,62.442,137.4,101.1,3.3,,,6126.862,10029.51,39632.0,61.5581,12.719,6.9,,108330.0,423000.0,,,,66.2,5.9,5.944285714285714,6.981999999999999,8.309999999999999,8.488,1.328,2.5759999999999996,,,9.67,3351.9,50.4,626.1112,805994.66,252246.44,75.994,1036.0,964.0,,7.0,82.1,,3940.5,9.0,,,18.306,,-0.27075,,3537988.0,-221036.0,-2579.0,38.0,,,,
1991-07-05,136.2,142.3,61.787,62.632,136.7,100.7,3.1,,,6205.937,10080.195,39691.0,61.7305,12.972,6.8,,108290.0,418000.0,,,,66.1,5.82,6.178571428571429,6.995,8.282499999999999,8.4475,1.2875,2.5324999999999998,,,9.62,3356.1,50.7,623.1573,804027.56,253720.26,76.08,1063.0,973.0,,7.1,82.9,,3966.0,8.4,,,18.5225,,-0.30003,,3665303.0,-221036.0,-40831.0,38.0,,,,
1991-07-12,136.2,142.3,61.787,62.632,136.7,100.7,3.1,,,6205.937,10080.195,39691.0,61.7305,12.972,6.8,,108290.0,422000.0,,,,66.1,5.82,5.804285714285714,6.953999999999999,8.322,8.495999999999999,1.3679999999999999,2.5780000000000003,,,9.64,3356.1,50.7,623.1573,804027.56,253720.26,76.08,1063.0,973.0,,7.1,82.9,,3966.0,8.4,,,18.984,,-0.3357,,3665303.0,-221036.0,-40831.0,38.0,,,,
1991-07-19,136.2,142.3,61.787,62.632,136.7,100.7,3.1,,,6205.937,10080.195,39691.0,61.7305,12.972,6.8,,108290.0,420000.0,,,,66.1,5.82,5.838571428571428,6.904000000000001,8.284,8.474,1.3800000000000001,2.518,,,9.54,3356.1,50.7,623.1573,804027.56,253720.26,76.08,1063.0,973.0,,7.1,82.9,,3966.0,8.4,,,16.812,,-0.37578,,3665303.0,-221036.0,-40831.0,38.0,,,,
1991-07-26,136.2,142.3,61.787,62.632,136.7,100.7,3.1,,,6205.937,10080.195,39691.0,61.7305,12.972,6.8,,108290.0,408000.0,,,,66.1,5.82,5.751428571428571,6.890000000000001,8.245999999999999,8.434000000000001,1.356,2.488,,,9.5,3356.1,50.7,623.1573,804027.56,253720.26,76.08,1063.0,973.0,,7.1,82.9,,3966.0,8.4,,,16.216,,-0.41624,,3665303.0,-221036.0,-40831.0,38.0,,,,
1991-08-02,136.6,142.9,61.931,62.804,136.2,101.1,3.2,,,6205.937,10080.195,39691.0,61.7298,12.565,6.9,,108300.0,423000.0,,,,66.0,5.66,5.785714285714286,6.8,8.174,8.354000000000001,1.374,2.468,,,9.44,3355.0,50.6,618.3468,802021.92,255892.74,76.106,1049.0,944.0,,6.8,82.0,,3969.1,8.7,,,15.41,,-0.45376,,3665303.0,-221036.0,-43649.0,38.0,,,,
1991-08-09,136.6,142.9,61.931,62.804,136.2,101.1,3.2,,,6205.937,10080.195,39691.0,61.7298,12.565,6.9,,108300.0,438000.0,,,,66.0,5.66,5.788571428571428,6.562,7.9799999999999995,8.208,1.418,2.414,,,9.27,3355.0,50.6,618.3468,802021.92,255892.74,76.106,1049.0,944.0,,6.8,82.0,,3969.1,8.7,,,15.690000000000001,,-0.48624,,3665303.0,-221036.0,-43649.0,38.0,,,,
1991-08-16,136.6,142.9,61.931,62.804,136.2,101.1,3.2,,,6205.937,10080.195,39691.0,61.7298,12.565,6.9,,108300.0,437000.0,,,,66.0,5.66,5.6257142857142854,6.396,7.872,8.128,1.476,2.42,,,9.19,3355.0,50.6,618.3468,802021.92,255892.74,76.106,1049.0,944.0,,6.8,82.0,,3969.1,8.7,,,15.256,,-0.51144,,3665303.0,-221036.0,-43649.0,38.0,,,,
1991-08-23,136.6,142.9,61.931,62.804,136.2,101.1,3.2,,,6205.937,10080.195,39691.0,61.7298,12.565,6.9,,108300.0,433000.0,,,,66.0,5.66,5.67,6.282,7.82,8.09,1.5379999999999998,2.42,,,9.17,3355.0,50.6,618.3468,802021.92,255892.74,76.106,1049.0,944.0,,6.8,82.0,,3969.1,8.7,,,16.934,,-0.52951,,3665303.0,-221036.0,-43649.0,38.0,,,,
1991-08-30,136.6,142.9,61.931,62.804,136.2,101.1,3.2,,,6205.937,10080.195,39691.0,61.7298,12.565,6.9,,108300.0,425000.0,,,,66.0,5.66,5.547142857142857,6.36,7.836,8.080000000000002,1.476,2.334,,,9.15,3355.0,50.6,618.3468,802021.92,255892.74,76.106,1049.0,944.0,,6.8,82.0,,3969.1,8.7,,,14.972,,-0.54235,,3665303.0,-221036.0,-43649.0,38.0,,,,
1991-09-06,137.0,143.4,62.144,63.055,136.4,101.5,3.0,,,6205.937,10080.195,39691.0,62.2195,13.107,6.9,,108335.0,425000.0,,,,66.2,5.45,5.627142857142857,6.3025,7.8025,8.055,1.5,2.32,,,9.14,3354.9,51.1,620.4959,800889.34,258812.22,76.193,1015.0,974.0,,7.4,83.0,,3984.7,8.9,,,16.955,,-0.54967,,3665303.0,-221036.0,-6887.0,38.0,,,,
1991-09-13,137.0,143.4,62.144,63.055,136.4,101.5,3.0,,,6205.937,10080.195,39691.0,62.2195,13.107,6.9,,108335.0,424000.0,,,,66.2,5.45,5.5042857142857144,6.21,7.706,7.9879999999999995,1.496,2.316,,,9.02,3354.9,51.1,620.4959,800889.34,258812.22,76.193,1015.0,974.0,,7.4,83.0,,3984.7,8.9,,,17.6,,-0.55514,,3665303.0,-221036.0,-6887.0,38.0,,,,
1991-09-20,137.0,143.4,62.144,63.055,136.4,101.5,3.0,,,6205.937,10080.195,39691.0,62.2195,13.107,6.9,,108335.0,418000.0,,,,66.2,5.45,5.404285714285714,6.182,7.609999999999999,7.9159999999999995,1.428,2.262,,,8.95,3354.9,51.1,620.4959,800889.34,258812.22,76.193,1015.0,974.0,,7.4,83.0,,3984.7,8.9,,,17.54,,-0.55888,,3665303.0,-221036.0,-6887.0,38.0,,,,
1991-09-27,137.0,143.4,62.144,63.055,136.4,101.5,3.0,,,6205.937,10080.195,39691.0,62.2195,13.107,6.9,,108335.0,419000.0,,,,66.2,5.45,5.297142857142857,6.093999999999999,7.548,7.88,1.454,2.23,,,8.92,3354.9,51.1,620.4959,800889.34,258812.22,76.193,1015.0,974.0,,7.4,83.0,,3984.7,8.9,,,15.951999999999998,,-0.56197,,3665303.0,-221036.0,-6887.0,38.0,,,,
1991-10-04,137.2,143.7,62.26,63.194,136.2,101.6,3.2,,,6264.54,10115.329,39694.0,62.1855,12.217,7.0,,108361.0,437000.0,,,,66.1,5.21,5.3100000000000005,5.9719999999999995,7.45,7.8180000000000005,1.478,2.228,,,8.87,3360.1,51.6,620.9588,798616.98,261348.24,76.073,1079.0,991.0,,6.7,78.3,,3976.0,9.4,,,15.828,,-0.56501,,3801698.0,-269238.0,-36594.0,38.0,,,,
1991-10-11,137.2,143.7,62.26,63.194,136.2,101.6,3.2,,,6264.54,10115.329,39694.0,62.1855,12.217,7.0,,108361.0,424000.0,,,,66.1,5.21,5.152857142857143,5.928,7.481999999999999,7.88,1.554,2.316,,,8.82,3360.1,51.6,620.9588,798616.98,261348.24,76.073,1079.0,991.0,,6.7,78.3,,3976.0,9.4,,,18.066,,-0.5697,,3801698.0,-269238.0,-36594.0,38.0,,,,
1991-10-18,137.2,143.7,62.26,63.194,136.2,101.6,3.2,,,6264.54,10115.329,39694.0,62.1855,12.217,7.0,,108361.0,425000.0,,,,66.1,5.21,5.33,5.8975,7.4975000000000005,7.93,1.6,2.345,,,8.82,3360.1,51.6,620.9588,798616.98,261348.24,76.073,1079.0,991.0,,6.7,78.3,,3976.0,9.4,,,15.994,,-0.57555,,3801698.0,-269238.0,-36594.0,38.0,,,,
1991-10-25,137.2,143.7,62.26,63.194,136.2,101.6,3.2,,,6264.54,10115.329,39694.0,62.1855,12.217,7.0,,108361.0,419000.0,,,,66.1,5.21,5.222857142857143,5.976,7.662000000000001,8.065999999999999,1.686,2.498,,,8.91,3360.1,51.6,620.9588,798616.98,261348.24,76.073,1079.0,991.0,,6.7,78.3,,3976.0,9.4,,,16.168,,-0.58268,,3801698.0,-269238.0,-36594.0,38.0,,,,
1991-11-01,137.8,144.2,62.397,63.312,136.7,102.4,2.9,,,6264.54,10115.329,39694.0,62.0871,12.576,7.0,,108300.0,423000.0,,,,66.1,4.81,5.071428571428571,5.748,7.518000000000001,7.936,1.77,2.528,,,8.78,3365.5,53.1,618.4141,798274.98,262777.28,76.01,1103.0,984.0,,6.2,69.1,,4003.6,9.1,,,15.508000000000001,,-0.59144,,3801698.0,-269238.0,-44684.0,38.0,,,,
1991-11-08,137.8,144.2,62.397,63.312,136.7,102.4,2.9,,,6264.54,10115.329,39694.0,62.0871,12.576,7.0,,108300.0,447000.0,,,,66.1,4.81,4.941428571428572,5.642,7.481999999999999,7.956,1.8399999999999999,2.6719999999999997,,,8.76,3365.5,53.1,618.4141,798274.98,262777.28,76.01,1103.0,984.0,,6.2,69.1,,4003.6,9.1,,,16.14,,-0.60087,,3801698.0,-269238.0,-44684.0,38.0,,,,
1991-11-15,137.8,144.2,62.397,63.312,136.7,102.4,2.9,,,6264.54,10115.329,39694.0,62.0871,12.576,7.0,,108300.0,453000.0,,,,66.1,4.81,4.782857142857144,5.61,7.365,7.835,1.755,2.6125,,,8.69,3365.5,53.1,618.4141,798274.98,262777.28,76.01,1103.0,984.0,,6.2,69.1,,4003.6,9.1,,,15.604,,-0.61051,,3801698.0,-269238.0,-44684.0,38.0,,,,
1991-11-22,137.8,144.2,62.397,63.312,136.7,102.4,2.9,,,6264.54,10115.329,39694.0,62.0871,12.576,7.0,,108300.0,439000.0,,,,66.1,4.81,4.835714285714286,5.512,7.382,7.922,1.8699999999999999,2.762,,,8.63,3365.5,53.1,618.4141,798274.98,262777.28,76.01,1103.0,984.0,,6.2,69.1,,4003.6,9.1,,,19.866,,-0.62005,,3801698.0,-269238.0,-44684.0,38.0,,,,
1991-11-29,137.8,144.2,62.397,63.312,136.7,102.4,2.9,,,6264.54,10115.329,39694.0,62.0871,12.576,7.0,,108300.0,444000.0,,,,66.1,4.81,4.647142857142858,5.4399999999999995,7.4175,7.9625,1.9775,2.9050000000000002,,,8.7,3365.5,53.1,618.4141,798274.98,262777.28,76.01,1103.0,984.0,,6.2,69.1,,4003.6,9.1,,,20.455000000000002,,-0.63004,,3801698.0,-269238.0,-44684.0,38.0,,,,
1991-12-06,138.2,144.7,62.553,63.468,137.0,103.1,2.7,,,6264.54,10115.329,39694.0,61.7852,12.658,7.3,,108330.0,444000.0,,,,66.0,4.43,4.79,5.25,7.248,7.859999999999999,1.998,2.806,,,8.62,3372.2,55.5,618.8362,798028.97,263768.55,76.052,1079.0,1061.0,,6.2,68.2,,4020.5,9.8,,,19.73,,-0.64041,,3801698.0,-269238.0,-2534.0,38.0,,,,
1991-12-13,138.2,144.7,62.553,63.468,137.0,103.1,2.7,,,6264.54,10115.329,39694.0,61.7852,12.658,7.3,,108330.0,475000.0,,,,66.0,4.43,4.505714285714285,5.07,7.212000000000001,7.787999999999999,2.1420000000000003,2.936,,,8.53,3372.2,55.5,618.8362,798028.97,263768.55,76.052,1079.0,1061.0,,6.2,68.2,,4020.5,9.8,,,19.432,,-0.65076,,3801698.0,-269238.0,-2534.0,38.0,,,,
1991-12-20,138.2,144.7,62.553,63.468,137.0,103.1,2.7,,,6264.54,10115.329,39694.0,61.7852,12.658,7.3,,108330.0,475000.0,,,,66.0,4.43,4.452857142857143,5.008,7.132,7.709999999999999,2.124,2.9939999999999998,,,8.49,3372.2,55.5,618.8362,798028.97,263768.55,76.052,1079.0,1061.0,,6.2,68.2,,4020.5,9.8,,,17.826,,-0.65854,,3801698.0,-269238.0,-2534.0,38.0,,,,
1991-12-27,138.2,144.7,62.553,63.468,137.0,103.1,2.7,,,6264.54,10115.329,39694.0,61.7852,12.658,7.3,,108330.0,436000.0,,,,66.0,4.43,4.227142857142857,4.8325,6.8575,7.5225,2.025,2.9425,,,8.35,3372.2,55.5,618.8362,798028.97,263768.55,76.052,1079.0,1061.0,,6.2,68.2,,4020.5,9.8,,,15.855,,-0.66533,,3801698.0,-269238.0,-2534.0,38.0,,,,
1992-01-03,138.3,145.1,62.638,63.641,136.6,101.5,2.7,,,6363.102,10236.435,40051.0,61.4616,12.591,7.3,,108365.0,441000.0,,,,66.3,4.03,4.178571428571429,4.785,6.775,7.45,1.9899999999999998,2.815,,,8.24,3381.2,55.8,613.5738,798982.71,265386.49,76.089,1176.0,1077.0,,5.2,67.5,159177.0,4084.7,9.5,-2026.0,,18.66,,-0.66721,,3881288.0,-269238.0,-15668.0,38.4,,,,
1992-01-10,138.3,145.1,62.638,63.641,136.6,101.5,2.7,,,6363.102,10236.435,40051.0,61.4616,12.591,7.3,,108365.0,432000.0,,,,66.3,4.03,4.12,4.742,6.798,7.426,2.056,2.9219999999999997,,,8.23,3381.2,55.8,613.5738,798982.71,265386.49,76.089,1176.0,1077.0,,5.2,67.5,159177.0,4084.7,9.5,-2026.0,,18.863999999999997,,-0.66792,,3881288.0,-269238.0,-15668.0,38.4,,,,
1992-01-17,138.3,145.1,62.638,63.641,136.6,101.5,2.7,,,6363.102,10236.435,40051.0,61.4616,12.591,7.3,,108365.0,440000.0,,,,66.3,4.03,3.912857142857143,5.018,7.044,7.572,2.026,3.132,,,8.45,3381.2,55.8,613.5738,798982.71,265386.49,76.089,1176.0,1077.0,,5.2,67.5,159177.0,4084.7,9.5,-2026.0,,17.274,,-0.66506,,3881288.0,-269238.0,-15668.0,38.4,,,,
1992-01-24,138.3,145.1,62.638,63.641,136.6,101.5,2.7,,,6363.102,10236.435,40051.0,61.4616,12.591,7.3,,108365.0,443000.0,,,,66.3,4.03,3.9600000000000004,5.0175,7.1425,7.6525,2.125,3.27,,,8.56,3381.2,55.8,613.5738,798982.71,265386.49,76.089,1176.0,1077.0,,5.2,67.5,159177.0,4084.7,9.5,-2026.0,,16.758000000000003,,-0.66162,,3881288.0,-269238.0,-15668.0,38.4,,,,
1992-01-31,138.3,145.1,62.638,63.641,136.6,101.5,2.7,,,6363.102,10236.435,40051.0,61.4616,12.591,7.3,,108365.0,441000.0,,,,66.3,4.03,4.05,5.136,7.254,7.736,2.118,3.316,,,8.68,3381.2,55.8,613.5738,798982.71,265386.49,76.089,1176.0,1077.0,,5.2,67.5,159177.0,4084.7,9.5,-2026.0,,17.369999999999997,,-0.65902,,3881288.0,-269238.0,-15668.0,38.4,,,,
1992-02-07,138.6,145.4,62.797,63.814,137.1,101.2,2.6,,,6363.102,10236.435,40051.0,61.8955,12.927,7.4,,108312.0,440000.0,,,,66.2,4.06,4.112857142857143,5.072,7.252,7.768000000000001,2.18,3.3340000000000005,,,8.67,3400.0,55.2,609.6743,799640.38,266482.13,76.159,1250.0,1146.0,,4.9,68.8,159189.0,4099.5,9.8,-831.0,,18.336000000000002,,-0.65695,,3881288.0,-269238.0,-49180.0,38.4,,,,
1992-02-14,138.6,145.4,62.797,63.814,137.1,101.2,2.6,,,6363.102,10236.435,40051.0,61.8955,12.927,7.4,,108312.0,445000.0,,,,66.2,4.06,3.934285714285714,5.104,7.31,7.843999999999999,2.2060000000000004,3.4479999999999995,,,8.73,3400.0,55.2,609.6743,799640.38,266482.13,76.159,1250.0,1146.0,,4.9,68.8,159189.0,4099.5,9.8,-831.0,,17.622,,-0.65601,,3881288.0,-269238.0,-49180.0,38.4,,,,
1992-02-21,138.6,145.4,62.797,63.814,137.1,101.2,2.6,,,6363.102,10236.435,40051.0,61.8955,12.927,7.4,,108312.0,446000.0,,,,66.2,4.06,4.197142857142857,5.32,7.4375,7.9399999999999995,2.1175,3.465,,,8.82,3400.0,55.2,609.6743,799640.38,266482.13,76.159,1250.0,1146.0,,4.9,68.8,159189.0,4099.5,9.8,-831.0,,17.2425,,-0.6558,,3881288.0,-269238.0,-49180.0,38.4,,,,
1992-02-28,138.6,145.4,62.797,63.814,137.1,101.2,2.6,,,6363.102,10236.435,40051.0,61.8955,12.927,7.4,,108312.0,436000.0,,,,66.2,4.06,3.9757142857142855,5.374,7.372,7.884,1.9979999999999998,3.3200000000000003,,,8.83,3400.0,55.2,609.6743,799640.38,266482.13,76.159,1250.0,1146.0,,4.9,68.8,159189.0,4099.5,9.8,-831.0,,16.662,,-0.65706,,3881288.0,-269238.0,-49180.0,38.4,,,,
1992-03-06,139.1,145.9,62.949,63.973,137.6,101.2,2.6,,,6363.102,10236.435,40051.0,62.4232,12.824,7.4,,108367.0,444000.0,,,,66.4,3.98,4.069999999999999,5.529999999999999,7.446,7.922,1.916,3.308,,,8.85,3403.9,56.3,607.3438,799442.11,266755.7,76.279,1297.0,1082.0,,6.1,76.0,158647.0,4117.0,9.7,-2641.0,,18.05,,-0.65999,,3881288.0,-269238.0,-50712.0,38.4,,,,
1992-03-13,139.1,145.9,62.949,63.973,137.6,101.2,2.6,,,6363.102,10236.435,40051.0,62.4232,12.824,7.4,,108367.0,421000.0,,,,66.4,3.98,3.912857142857143,5.656000000000001,7.537999999999999,7.965999999999999,1.8820000000000001,3.418,,,8.88,3403.9,56.3,607.3438,799442.11,266755.7,76.279,1297.0,1082.0,,6.1,76.0,158647.0,4117.0,9.7,-2641.0,,19.244,,-0.66467,,3881288.0,-269238.0,-50712.0,38.4,,,,
1992-03-20,139.1,145.9,62.949,63.973,137.6,101.2,2.6,,,6363.102,10236.435,40051.0,62.4232,12.824,7.4,,108367.0,437000.0,,,,66.4,3.98,4.072857142857143,5.838,7.628,8.026,1.7899999999999998,3.468,,,9.03,3403.9,56.3,607.3438,799442.11,266755.7,76.279,1297.0,1082.0,,6.1,76.0,158647.0,4117.0,9.7,-2641.0,,17.056,,-0.67291,,3881288.0,-269238.0,-50712.0,38.4,,,,
1992-03-27,139.1,145.9,62.949,63.973,137.6,101.2,2.6,,,6363.102,10236.435,40051.0,62.4232,12.824,7.4,,108367.0,440000.0,,,,66.4,3.98,3.93,5.748,7.558,7.970000000000001,1.81,3.428,,,8.98,3403.9,56.3,607.3438,799442.11,266755.7,76.279,1297.0,1082.0,,6.1,76.0,158647.0,4117.0,9.7,-2641.0,,16.31,,-0.68491,,3881288.0,-269238.0,-50712.0,38.4,,,,
1992-04-03,139.4,146.3,63.119,64.183,137.5,101.4,3.0,,,6470.763,10347.429,40350.0,62.897,12.55,7.4,,108516.0,420000.0,,,,66.5,3.73,4.115714285714286,5.532,7.486,7.922,1.954,3.3659999999999997,,,8.96,3399.7,50.4,604.4206,797658.14,267829.23,76.348,1099.0,1054.0,,6.1,77.2,159921.0,4131.5,9.8,-3109.0,,16.482,,-0.70034,,3984656.0,-269238.0,14603.0,38.4,,,,
1992-04-10,139.4,146.3,63.119,64.183,137.5,101.4,3.0,,,6470.763,10347.429,40350.0,62.897,12.55,7.4,,108516.0,412000.0,,,,66.5,3.73,3.845714285714286,5.256,7.396000000000001,7.892,2.1399999999999997,3.508,,,8.84,3399.7,50.4,604.4206,797658.14,267829.23,76.348,1099.0,1054.0,,6.1,77.2,159921.0,4131.5,9.8,-3109.0,,18.084,,-0.71932,,3984656.0,-269238.0,14603.0,38.4,,,,
1992-04-17,139.4,146.3,63.119,64.183,137.5,101.4,3.0,,,6470.763,10347.429,40350.0,62.897,12.55,7.4,,108516.0,413000.0,,,,66.5,3.73,3.597142857142857,5.205,7.375,7.885,2.17,3.6675,,,8.76,3399.7,50.4,604.4206,797658.14,267829.23,76.348,1099.0,1054.0,,6.1,77.2,159921.0,4131.5,9.8,-3109.0,,15.7425,,-0.7402,,3984656.0,-269238.0,14603.0,38.4,,,,
1992-04-24,139.4,146.3,63.119,64.183,137.5,101.4,3.0,,,6470.763,10347.429,40350.0,62.897,12.55,7.4,,108516.0,424000.0,,,,66.5,3.73,3.5385714285714287,5.402,7.5760000000000005,8.042,2.1740000000000004,3.806,,,8.85,3399.7,50.4,604.4206,797658.14,267829.23,76.348,1099.0,1054.0,,6.1,77.2,159921.0,4131.5,9.8,-3109.0,,15.992,,-0.76251,,3984656.0,-269238.0,14603.0,38.4,,,,
1992-05-01,139.7,146.8,63.203,64.273,137.2,102.0,2.9,,,6470.763,10347.429,40350.0,63.104,13.098,7.6,,108646.0,424000.0,,,,66.6,3.82,3.6885714285714286,5.4,7.587999999999999,8.062000000000001,2.1879999999999997,3.8019999999999996,,,8.84,3398.6,48.8,602.2525,797667.9,268751.8,76.399,1214.0,1056.0,,6.0,79.2,160471.0,4158.4,9.8,-3919.0,,16.163999999999998,,-0.78524,,3984656.0,-269238.0,-46773.0,38.4,,,,
1992-05-08,139.7,146.8,63.203,64.273,137.2,102.0,2.9,,,6470.763,10347.429,40350.0,63.104,13.098,7.6,,108646.0,431000.0,,,,66.6,3.82,3.7471428571428573,5.3,7.5,7.981999999999999,2.2,3.7879999999999994,,,8.75,3398.6,48.8,602.2525,797667.9,268751.8,76.399,1214.0,1056.0,,6.0,79.2,160471.0,4158.4,9.8,-3919.0,,16.516,,-0.80669,,3984656.0,-269238.0,-46773.0,38.4,,,,
1992-05-15,139.7,146.8,63.203,64.273,137.2,102.0,2.9,,,6470.763,10347.429,40350.0,63.104,13.098,7.6,,108646.0,417000.0,,,,66.6,3.82,3.9014285714285712,5.162000000000001,7.343999999999999,7.858,2.182,3.66,,,8.64,3398.6,48.8,602.2525,797667.9,268751.8,76.399,1214.0,1056.0,,6.0,79.2,160471.0,4158.4,9.8,-3919.0,,15.27,,-0.82664,,3984656.0,-269238.0,-46773.0,38.4,,,,
1992-05-22,139.7,146.8,63.203,64.273,137.2,102.0,2.9,,,6470.763,10347.429,40350.0,63.104,13.098,7.6,,108646.0,414000.0,,,,66.6,3.82,3.8485714285714288,5.1659999999999995,7.294,7.814,2.128,3.596,,,8.53,3398.6,48.8,602.2525,797667.9,268751.8,76.399,1214.0,1056.0,,6.0,79.2,160471.0,4158.4,9.8,-3919.0,,13.892,,-0.84494,,3984656.0,-269238.0,-46773.0,38.4,,,,
1992-05-29,139.7,146.8,63.203,64.273,137.2,102.0,2.9,,,6470.763,10347.429,40350.0,63.104,13.098,7.6,,108646.0,414000.0,,,,66.6,3.82,3.812857142857143,5.26,7.3975,7.885,2.1375,3.6,,,8.6,3398.6,48.8,602.2525,797667.9,268751.8,76.399,1214.0,1056.0,,6.0,79.2,160471.0,4158.4,9.8,-3919.0,,14.135,,-0.86086,,3984656.0,-269238.0,-46773.0,38.4,,,,
1992-06-05,140.1,147.1,63.315,64.323,137.6,103.3,3.1,,,6470.763,10347.429,40350.0,63.1363,13.543,7.8,,108706.0,411000.0,,,,66.7,3.76,3.8085714285714287,5.214,7.345999999999999,7.874,2.132,3.5460000000000003,,,8.59,3393.4,49.5,600.7283,797276.31,270707.63,76.332,1145.0,1057.0,,5.6,80.4,161205.0,4177.1,10.0,-2824.0,,14.331999999999999,,-0.87543,,3984656.0,-269238.0,3782.0,38.4,,,,
1992-06-12,140.1,147.1,63.315,64.323,137.6,103.3,3.1,,,6470.763,10347.429,40350.0,63.1363,13.543,7.8,,108706.0,416000.0,,,,66.7,3.76,3.7028571428571424,5.1,7.322,7.87,2.2220000000000004,3.558,,,8.54,3393.4,49.5,600.7283,797276.31,270707.63,76.332,1145.0,1057.0,,5.6,80.4,161205.0,4177.1,10.0,-2824.0,,15.803999999999998,,-0.88973,,3984656.0,-269238.0,3782.0,38.4,,,,
1992-06-19,140.1,147.1,63.315,64.323,137.6,103.3,3.1,,,6470.763,10347.429,40350.0,63.1363,13.543,7.8,,108706.0,420000.0,,,,66.7,3.76,3.7157142857142857,5.002,7.236,7.828,2.234,3.5159999999999996,,,8.48,3393.4,49.5,600.7283,797276.31,270707.63,76.332,1145.0,1057.0,,5.6,80.4,161205.0,4177.1,10.0,-2824.0,,16.514,,-0.9033,,3984656.0,-269238.0,3782.0,38.4,,,,
1992-06-26,140.1,147.1,63.315,64.323,137.6,103.3,3.1,,,6470.763,10347.429,40350.0,63.1363,13.543,7.8,,108706.0,419000.0,,,,66.7,3.76,3.7457142857142856,4.964,7.196000000000001,7.8180000000000005,2.232,3.464,,,8.43,3393.4,49.5,600.7283,797276.31,270707.63,76.332,1145.0,1057.0,,5.6,80.4,161205.0,4177.1,10.0,-2824.0,,14.931999999999999,,-0.91577,,3984656.0,-269238.0,3782.0,38.4,,,,
1992-07-03,140.5,147.6,63.524,64.566,137.4,103.7,2.7,,,6566.641,10449.673,40599.0,63.7176,12.853,7.7,,108793.0,420000.0,,,,66.7,3.25,3.6942857142857144,4.7575,7.0725,7.74,2.315,3.5100000000000002,,,8.29,3393.9,49.8,599.2521,798068.16,270817.59,76.266,1139.0,1089.0,,5.3,76.6,162855.0,4204.8,9.5,-2781.0,,13.445,,-0.92639,,4064621.0,-269238.0,-43147.0,38.4,,,,
1992-07-10,140.5,147.6,63.524,64.566,137.4,103.7,2.7,,,6566.641,10449.673,40599.0,63.7176,12.853,7.7,,108793.0,407000.0,,,,66.7,3.25,3.29,4.4079999999999995,6.904000000000001,7.618,2.496,3.618,,,8.13,3393.9,49.8,599.2521,798068.16,270817.59,76.266,1139.0,1089.0,,5.3,76.6,162855.0,4204.8,9.5,-2781.0,,14.906,,-0.93397,,4064621.0,-269238.0,-43147.0,38.4,,,,
1992-07-17,140.5,147.6,63.524,64.566,137.4,103.7,2.7,,,6566.641,10449.673,40599.0,63.7176,12.853,7.7,,108793.0,408000.0,,,,66.7,3.25,3.25,4.298,6.922,7.659999999999999,2.6239999999999997,3.664,,,8.09,3393.9,49.8,599.2521,798068.16,270817.59,76.266,1139.0,1089.0,,5.3,76.6,162855.0,4204.8,9.5,-2781.0,,12.98,,-0.93895,,4064621.0,-269238.0,-43147.0,38.4,,,,
1992-07-24,140.5,147.6,63.524,64.566,137.4,103.7,2.7,,,6566.641,10449.673,40599.0,63.7176,12.853,7.7,,108793.0,392000.0,,,,66.7,3.25,3.2114285714285713,4.276,6.8180000000000005,7.612,2.5420000000000003,3.5740000000000003,,,8.08,3393.9,49.8,599.2521,798068.16,270817.59,76.266,1139.0,1089.0,,5.3,76.6,162855.0,4204.8,9.5,-2781.0,,13.106,,-0.94052,,4064621.0,-269238.0,-43147.0,38.4,,,,
1992-07-31,140.5,147.6,63.524,64.566,137.4,103.7,2.7,,,6566.641,10449.673,40599.0,63.7176,12.853,7.7,,108793.0,564000.0,,,,66.7,3.25,3.2014285714285715,4.308,6.6659999999999995,7.464,2.3579999999999997,3.4120000000000004,,,8.05,3393.9,49.8,599.2521,798068.16,270817.59,76.266,1139.0,1089.0,,5.3,76.6,162855.0,4204.8,9.5,-2781.0,,13.412,,-0.93893,,4064621.0,-269238.0,-43147.0,38.4,,,,
1992-08-07,140.8,147.9,63.609,64.625,138.4,103.5,2.8,,,6566.641,10449.673,40599.0,63.3613,12.873,7.6,,108916.0,423000.0,,,,66.6,3.3,3.325714285714286,4.294,6.648000000000001,7.434,2.354,3.414,,,8.06,3398.8,50.2,597.2831,799823.8,272080.5,76.232,1226.0,1075.0,,5.2,76.1,162412.0,4220.9,9.6,-4455.0,,13.88,,-0.93389,,4064621.0,-269238.0,-24742.0,38.4,,,,
1992-08-14,140.8,147.9,63.609,64.625,138.4,103.5,2.8,,,6566.641,10449.673,40599.0,63.3613,12.873,7.6,,108916.0,406000.0,,,,66.6,3.3,3.2414285714285715,4.1579999999999995,6.516,7.343999999999999,2.3579999999999997,3.34,,,7.96,3398.8,50.2,597.2831,799823.8,272080.5,76.232,1226.0,1075.0,,5.2,76.1,162412.0,4220.9,9.6,-4455.0,,14.896,,-0.92594,,4064621.0,-269238.0,-24742.0,38.4,,,,
1992-08-21,140.8,147.9,63.609,64.625,138.4,103.5,2.8,,,6566.641,10449.673,40599.0,63.3613,12.873,7.6,,108916.0,401000.0,,,,66.6,3.3,3.3385714285714285,4.08,6.5,7.3420000000000005,2.42,3.3519999999999994,,,7.87,3398.8,50.2,597.2831,799823.8,272080.5,76.232,1226.0,1075.0,,5.2,76.1,162412.0,4220.9,9.6,-4455.0,,14.457999999999998,,-0.91445,,4064621.0,-269238.0,-24742.0,38.4,,,,
1992-08-28,140.8,147.9,63.609,64.625,138.4,103.5,2.8,,,6566.641,10449.673,40599.0,63.3613,12.873,7.6,,108916.0,398000.0,,,,66.6,3.3,3.2842857142857147,4.248,6.672,7.436,2.4240000000000004,3.44,,,8.01,3398.8,50.2,597.2831,799823.8,272080.5,76.232,1226.0,1075.0,,5.2,76.1,162412.0,4220.9,9.6,-4455.0,,14.622,,-0.89941,,4064621.0,-269238.0,-24742.0,38.4,,,,
1992-09-04,141.1,148.1,63.713,64.73,138.9,103.6,3.0,,,6566.641,10449.673,40599.0,63.5703,13.378,7.6,,108951.0,408000.0,,,,66.5,3.22,3.2885714285714287,4.07,6.531999999999999,7.366,2.462,3.3619999999999997,,,7.94,3410.3,51.5,598.3956,800198.9,273176.96,76.24,1186.0,1114.0,,5.0,75.6,164361.0,4255.3,8.6,-3530.0,,13.114,,-0.88088,,4064621.0,-269238.0,5310.0,38.4,,,,
1992-09-11,141.1,148.1,63.713,64.73,138.9,103.6,3.0,,,6566.641,10449.673,40599.0,63.5703,13.378,7.6,,108951.0,416000.0,,,,66.5,3.22,3.0485714285714285,3.845,6.32,7.255,2.475,3.35,,,7.84,3410.3,51.5,598.3956,800198.9,273176.96,76.24,1186.0,1114.0,,5.0,75.6,164361.0,4255.3,8.6,-3530.0,,13.1,,-0.85935,,4064621.0,-269238.0,5310.0,38.4,,,,
1992-09-18,141.1,148.1,63.713,64.73,138.9,103.6,3.0,,,6566.641,10449.673,40599.0,63.5703,13.378,7.6,,108951.0,416000.0,,,,66.5,3.22,3.3085714285714287,3.8560000000000003,6.388,7.32,2.532,3.434,,,7.89,3410.3,51.5,598.3956,800198.9,273176.96,76.24,1186.0,1114.0,,5.0,75.6,164361.0,4255.3,8.6,-3530.0,,13.88,,-0.83361,,4064621.0,-269238.0,5310.0,38.4,,,,
1992-09-25,141.1,148.1,63.713,64.73,138.9,103.6,3.0,,,6566.641,10449.673,40599.0,63.5703,13.378,7.6,,108951.0,427000.0,,,,66.5,3.22,3.0828571428571427,3.91,6.470000000000001,7.409999999999999,2.5599999999999996,3.522,,,8.02,3410.3,51.5,598.3956,800198.9,273176.96,76.24,1186.0,1114.0,,5.0,75.6,164361.0,4255.3,8.6,-3530.0,,13.88,,-0.80447,,4064621.0,-269238.0,5310.0,38.4,,,,
1992-10-02,141.7,148.8,63.938,64.979,138.9,104.3,2.8,,,6680.803,10558.648,40881.0,63.9995,13.655,7.3,,109139.0,409000.0,,,,66.2,3.1,3.4699999999999998,3.75,6.32,7.3420000000000005,2.57,3.582,,,7.93,3423.8,53.1,596.8324,799555.99,275207.64,76.379,1244.0,1132.0,,5.1,73.3,166063.0,4284.7,7.9,-3520.0,,15.707999999999998,,-0.77338,,4177009.0,-290321.0,-48792.0,38.4,,,,
1992-10-09,141.7,148.8,63.938,64.979,138.9,104.3,2.8,,,6680.803,10558.648,40881.0,63.9995,13.655,7.3,,109139.0,398000.0,,,,66.2,3.1,3.0985714285714288,3.8259999999999996,6.386,7.44,2.56,3.5519999999999996,,,8.01,3423.8,53.1,596.8324,799555.99,275207.64,76.379,1244.0,1132.0,,5.1,73.3,166063.0,4284.7,7.9,-3520.0,,20.15,,-0.74316,,4177009.0,-290321.0,-48792.0,38.4,,,,
1992-10-16,141.7,148.8,63.938,64.979,138.9,104.3,2.8,,,6680.803,10558.648,40881.0,63.9995,13.655,7.3,,109139.0,374000.0,,,,66.2,3.1,3.255714285714286,4.0175,6.5375,7.52,2.52,3.565,,,8.06,3423.8,53.1,596.8324,799555.99,275207.64,76.379,1244.0,1132.0,,5.1,73.3,166063.0,4284.7,7.9,-3520.0,,17.986,,-0.71604,,4177009.0,-290321.0,-48792.0,38.4,,,,
1992-10-23,141.7,148.8,63.938,64.979,138.9,104.3,2.8,,,6680.803,10558.648,40881.0,63.9995,13.655,7.3,,109139.0,385000.0,,,,66.2,3.1,2.9728571428571433,4.2780000000000005,6.784000000000001,7.622,2.506,3.7640000000000002,,,8.23,3423.8,53.1,596.8324,799555.99,275207.64,76.379,1244.0,1132.0,,5.1,73.3,166063.0,4284.7,7.9,-3520.0,,16.619999999999997,,-0.69508,,4177009.0,-290321.0,-48792.0,38.4,,,,
1992-10-30,141.7,148.8,63.938,64.979,138.9,104.3,2.8,,,6680.803,10558.648,40881.0,63.9995,13.655,7.3,,109139.0,367000.0,,,,66.2,3.1,3.001428571428572,4.354,6.776000000000001,7.63,2.4219999999999997,3.7619999999999996,,,8.21,3423.8,53.1,596.8324,799555.99,275207.64,76.379,1244.0,1132.0,,5.1,73.3,166063.0,4284.7,7.9,-3520.0,,16.026,,-0.68295,,4177009.0,-290321.0,-48792.0,38.4,,,,
1992-11-06,142.1,149.2,64.064,65.121,138.7,105.1,2.9,,,6680.803,10558.648,40881.0,64.2422,13.218,7.4,,109283.0,365000.0,,,,66.3,3.09,3.02,4.444,6.895999999999999,7.69,2.4520000000000004,3.8,,,8.29,3426.5,54.7,596.8948,802697.98,275459.75,76.558,1214.0,1118.0,,5.4,85.3,166124.0,4300.5,7.9,-3968.0,,16.07,,-0.68141,,4177009.0,-290321.0,-32726.0,38.4,,,,
1992-11-13,142.1,149.2,64.064,65.121,138.7,105.1,2.9,,,6680.803,10558.648,40881.0,64.2422,13.218,7.4,,109283.0,374000.0,,,,66.3,3.09,2.9214285714285713,4.5125,6.88,7.6425,2.3675,3.73,,,8.32,3426.5,54.7,596.8948,802697.98,275459.75,76.558,1214.0,1118.0,,5.4,85.3,166124.0,4300.5,7.9,-3968.0,,14.313999999999998,,-0.68963,,4177009.0,-290321.0,-32726.0,38.4,,,,
1992-11-20,142.1,149.2,64.064,65.121,138.7,105.1,2.9,,,6680.803,10558.648,40881.0,64.2422,13.218,7.4,,109283.0,377000.0,,,,66.3,3.09,2.967142857142857,4.636,6.837999999999999,7.540000000000001,2.2020000000000004,3.6020000000000003,,,8.32,3426.5,54.7,596.8948,802697.98,275459.75,76.558,1214.0,1118.0,,5.4,85.3,166124.0,4300.5,7.9,-3968.0,,14.484,,-0.70797,,4177009.0,-290321.0,-32726.0,38.4,,,,
1992-11-27,142.1,149.2,64.064,65.121,138.7,105.1,2.9,,,6680.803,10558.648,40881.0,64.2422,13.218,7.4,,109283.0,357000.0,,,,66.3,3.09,3.371428571428571,4.6925,6.8625,7.555,2.17,3.545,,,8.29,3426.5,54.7,596.8948,802697.98,275459.75,76.558,1214.0,1118.0,,5.4,85.3,166124.0,4300.5,7.9,-3968.0,,12.785,,-0.73559,,4177009.0,-290321.0,-32726.0,38.4,,,,
1992-12-04,142.3,149.6,64.176,65.242,138.8,105.3,2.8,,,6680.803,10558.648,40881.0,64.3507,13.784,7.4,,109502.0,341000.0,,,,66.3,2.92,3.1042857142857145,4.7780000000000005,6.914,7.56,2.136,3.536,,,8.34,3424.7,56.6,596.9202,806118.69,278449.67,76.677,1227.0,1176.0,,5.0,91.0,167691.0,4336.4,10.5,-5603.0,,12.442,,-0.77038,,4177009.0,-290321.0,-38947.0,38.4,,,,
1992-12-11,142.3,149.6,64.176,65.242,138.8,105.3,2.8,,,6680.803,10558.648,40881.0,64.3507,13.784,7.4,,109502.0,350000.0,,,,66.3,2.92,2.935714285714286,4.654,6.768000000000001,7.438,2.114,3.45,,,8.23,3424.7,56.6,596.9202,806118.69,278449.67,76.677,1227.0,1176.0,,5.0,91.0,167691.0,4336.4,10.5,-5603.0,,12.28,,-0.80923,,4177009.0,-290321.0,-38947.0,38.4,,,,
1992-12-18,142.3,149.6,64.176,65.242,138.8,105.3,2.8,,,6680.803,10558.648,40881.0,64.3507,13.784,7.4,,109502.0,359000.0,,,,66.3,2.92,2.914285714285714,4.718,6.792,7.44,2.0740000000000003,3.5119999999999996,,,8.19,3424.7,56.6,596.9202,806118.69,278449.67,76.677,1227.0,1176.0,,5.0,91.0,167691.0,4336.4,10.5,-5603.0,,12.290000000000001,,-0.84719,,4177009.0,-290321.0,-38947.0,38.4,,,,
1992-12-25,142.3,149.6,64.176,65.242,138.8,105.3,2.8,,,6680.803,10558.648,40881.0,64.3507,13.784,7.4,,109502.0,334000.0,,,,66.3,2.92,2.9385714285714286,4.6274999999999995,6.6825,7.36,2.0549999999999997,3.4325,,,8.13,3424.7,56.6,596.9202,806118.69,278449.67,76.677,1227.0,1176.0,,5.0,91.0,167691.0,4336.4,10.5,-5603.0,,11.620000000000001,,-0.88194,,4177009.0,-290321.0,-38947.0,38.4,,,,
1993-01-01,142.8,150.1,64.332,65.432,139.1,105.0,2.9,,,6729.459,10576.275,40829.0,64.5978,13.457,7.3,,109790.0,313000.0,,,,66.2,3.02,2.8042857142857147,4.5875,6.6975,7.390000000000001,2.1100000000000003,3.4699999999999998,,,8.14,3419.1,56.0,595.4533,809325.43,280994.81,76.785,1210.0,1177.0,,5.4,89.3,169500.0,4340.7,8.5,-3871.0,,12.42,,-0.91049,,4230580.0,-290321.0,29817.0,40.4,,,,
1993-01-08,142.8,150.1,64.332,65.432,139.1,105.0,2.9,,,6729.459,10576.275,40829.0,64.5978,13.457,7.3,,109790.0,341000.0,,,,66.2,3.02,3.15,4.524,6.67,7.384,2.146,3.498,,,8.07,3419.1,56.0,595.4533,809325.43,280994.81,76.785,1210.0,1177.0,,5.4,89.3,169500.0,4340.7,8.5,-3871.0,,13.713999999999999,,-0.93147,,4230580.0,-290321.0,29817.0,40.4,,,,
1993-01-15,142.8,150.1,64.332,65.432,139.1,105.0,2.9,,,6729.459,10576.275,40829.0,64.5978,13.457,7.3,,109790.0,354000.0,,,,66.2,3.02,2.9471428571428575,4.426,6.678,7.4319999999999995,2.252,3.6159999999999997,,,8.04,3419.1,56.0,595.4533,809325.43,280994.81,76.785,1210.0,1177.0,,5.4,89.3,169500.0,4340.7,8.5,-3871.0,,12.324,,-0.94638,,4230580.0,-290321.0,29817.0,40.4,,,,
1993-01-22,142.8,150.1,64.332,65.432,139.1,105.0,2.9,,,6729.459,10576.275,40829.0,64.5978,13.457,7.3,,109790.0,352000.0,,,,66.2,3.02,3.1,4.365,6.5925,7.31,2.2275,3.5275,,,8.0,3419.1,56.0,595.4533,809325.43,280994.81,76.785,1210.0,1177.0,,5.4,89.3,169500.0,4340.7,8.5,-3871.0,,11.738,,-0.95544,,4230580.0,-290321.0,29817.0,40.4,,,,
1993-01-29,142.8,150.1,64.332,65.432,139.1,105.0,2.9,,,6729.459,10576.275,40829.0,64.5978,13.457,7.3,,109790.0,341000.0,,,,66.2,3.02,2.9528571428571433,4.24,6.458,7.234,2.218,3.474,,,7.86,3419.1,56.0,595.4533,809325.43,280994.81,76.785,1210.0,1177.0,,5.4,89.3,169500.0,4340.7,8.5,-3871.0,,11.86,,-0.9593,,4230580.0,-290321.0,29817.0,40.4,,,,
1993-02-05,143.1,150.6,64.429,65.557,139.6,104.3,3.2,,,6729.459,10576.275,40829.0,64.9089,12.969,7.1,,110047.0,340000.0,,,,66.2,3.03,3.14,4.194,6.4,7.209999999999999,2.2060000000000004,3.412,,,7.8,3414.5,53.9,593.4074,814058.92,283531.25,76.838,1210.0,1148.0,,5.3,86.6,168840.0,4355.3,8.8,-3596.0,,12.378,,-0.96009,,4230580.0,-290321.0,-48498.0,40.4,,,,
1993-02-12,143.1,150.6,64.429,65.557,139.6,104.3,3.2,,,6729.459,10576.275,40829.0,64.9089,12.969,7.1,,110047.0,319000.0,,,,66.2,3.03,2.9114285714285715,4.206,6.38,7.184,2.174,3.3880000000000003,,,7.75,3414.5,53.9,593.4074,814058.92,283531.25,76.838,1210.0,1148.0,,5.3,86.6,168840.0,4355.3,8.8,-3596.0,,13.040000000000001,,-0.95934,,4230580.0,-290321.0,-48498.0,40.4,,,,
1993-02-19,143.1,150.6,64.429,65.557,139.6,104.3,3.2,,,6729.459,10576.275,40829.0,64.9089,12.969,7.1,,110047.0,321000.0,,,,66.2,3.03,3.052857142857143,4.035,6.235,7.07,2.2,3.2575000000000003,,,7.65,3414.5,53.9,593.4074,814058.92,283531.25,76.838,1210.0,1148.0,,5.3,86.6,168840.0,4355.3,8.8,-3596.0,,15.56,,-0.95798,,4230580.0,-290321.0,-48498.0,40.4,,,,
1993-02-26,143.1,150.6,64.429,65.557,139.6,104.3,3.2,,,6729.459,10576.275,40829.0,64.9089,12.969,7.1,,110047.0,351000.0,,,,66.2,3.03,2.9585714285714286,3.946,6.016,6.890000000000001,2.07,3.0060000000000002,,,7.53,3414.5,53.9,593.4074,814058.92,283531.25,76.838,1210.0,1148.0,,5.3,86.6,168840.0,4355.3,8.8,-3596.0,,14.276,,-0.95867,,4230580.0,-290321.0,-48498.0,40.4,,,,
1993-03-05,143.3,150.8,64.561,65.7,139.6,104.9,3.1,,,6729.459,10576.275,40829.0,64.8522,13.326,7.0,,110004.0,362000.0,,,,66.2,3.07,3.23,3.846,5.9,6.787999999999999,2.054,2.88,,,7.44,3411.7,54.3,591.3007,813656.29,284890.41,76.869,1083.0,1056.0,,5.4,85.9,167682.0,4352.5,8.8,-6777.0,,13.347999999999999,,-0.96067,,4230580.0,-290321.0,-43974.0,40.4,,,,
1993-03-12,143.3,150.8,64.561,65.7,139.6,104.9,3.1,,,6729.459,10576.275,40829.0,64.8522,13.326,7.0,,110004.0,354000.0,,,,66.2,3.07,2.9957142857142856,4.032,5.96,6.7620000000000005,1.9280000000000002,2.918,,,7.47,3411.7,54.3,591.3007,813656.29,284890.41,76.869,1083.0,1056.0,,5.4,85.9,167682.0,4352.5,8.8,-6777.0,,14.844,,-0.96458,,4230580.0,-290321.0,-43974.0,40.4,,,,
1993-03-19,143.3,150.8,64.561,65.7,139.6,104.9,3.1,,,6729.459,10576.275,40829.0,64.8522,13.326,7.0,,110004.0,346000.0,,,,66.2,3.07,3.032857142857143,3.992,6.026,6.85,2.034,2.9899999999999998,,,7.57,3411.7,54.3,591.3007,813656.29,284890.41,76.869,1083.0,1056.0,,5.4,85.9,167682.0,4352.5,8.8,-6777.0,,14.236,,-0.97021,,4230580.0,-290321.0,-43974.0,40.4,,,,
1993-03-26,143.3,150.8,64.561,65.7,139.6,104.9,3.1,,,6729.459,10576.275,40829.0,64.8522,13.326,7.0,,110004.0,338000.0,,,,66.2,3.07,2.955714285714286,3.934,5.978,6.831999999999999,2.0439999999999996,2.994,,,7.5,3411.7,54.3,591.3007,813656.29,284890.41,76.869,1083.0,1056.0,,5.4,85.9,167682.0,4352.5,8.8,-6777.0,,12.681999999999999,,-0.97711,,4230580.0,-290321.0,-43974.0,40.4,,,,
1993-04-02,143.8,151.4,64.733,65.891,140.0,104.9,3.0,,,6808.939,10637.847,40942.0,65.0301,14.527,7.1,,110300.0,366000.0,,,,66.1,2.96,3.2285714285714286,3.95,6.066,6.953999999999999,2.116,3.096,,,7.53,3411.3,56.5,585.5795,819756.94,286976.13,76.937,1258.0,1104.0,,4.7,85.6,172102.0,4393.4,8.7,-6445.0,,12.982,,-0.9839,,4351950.0,-290321.0,7817.0,40.4,,,,
1993-04-09,143.8,151.4,64.733,65.891,140.0,104.9,3.0,,,6808.939,10637.847,40942.0,65.0301,14.527,7.1,,110300.0,365000.0,,,,66.1,2.96,3.0100000000000002,3.9175,6.0625,6.955,2.145,3.09,,,7.57,3411.3,56.5,585.5795,819756.94,286976.13,76.937,1258.0,1104.0,,4.7,85.6,172102.0,4393.4,8.7,-6445.0,,13.7075,,-0.99013,,4351950.0,-290321.0,7817.0,40.4,,,,
1993-04-16,143.8,151.4,64.733,65.891,140.0,104.9,3.0,,,6808.939,10637.847,40942.0,65.0301,14.527,7.1,,110300.0,353000.0,,,,66.1,2.96,2.9642857142857144,3.8019999999999996,5.904,6.768000000000001,2.102,2.998,,,7.45,3411.3,56.5,585.5795,819756.94,286976.13,76.937,1258.0,1104.0,,4.7,85.6,172102.0,4393.4,8.7,-6445.0,,11.528,,-0.99454,,4351950.0,-290321.0,7817.0,40.4,,,,
1993-04-23,143.8,151.4,64.733,65.891,140.0,104.9,3.0,,,6808.939,10637.847,40942.0,65.0301,14.527,7.1,,110300.0,351000.0,,,,66.1,2.96,2.89,3.7659999999999996,5.868,6.756,2.102,2.996,,,7.38,3411.3,56.5,585.5795,819756.94,286976.13,76.937,1258.0,1104.0,,4.7,85.6,172102.0,4393.4,8.7,-6445.0,,12.43,,-0.99613,,4351950.0,-290321.0,7817.0,40.4,,,,
1993-04-30,143.8,151.4,64.733,65.891,140.0,104.9,3.0,,,6808.939,10637.847,40942.0,65.0301,14.527,7.1,,110300.0,350000.0,,,,66.1,2.96,2.891428571428572,3.8299999999999996,6.006,6.894,2.176,3.04,,,7.43,3411.3,56.5,585.5795,819756.94,286976.13,76.937,1258.0,1104.0,,4.7,85.6,172102.0,4393.4,8.7,-6445.0,,13.504,,-0.99575,,4351950.0,-290321.0,7817.0,40.4,,,,
1993-05-07,144.2,151.8,64.933,66.114,141.0,104.3,2.9,,,6808.939,10637.847,40942.0,64.784,14.519,7.1,,110571.0,343000.0,,,,66.4,3.0,2.9428571428571426,3.778,5.9239999999999995,6.828,2.146,2.992,,,7.42,3436.9,56.1,588.0061,819759.05,288470.63,77.039,1260.0,1112.0,,5.3,80.3,172960.0,4422.4,8.2,-4369.0,,12.73,,-0.99247,,4351950.0,-290321.0,-36963.0,40.4,,,,
1993-05-14,144.2,151.8,64.933,66.114,141.0,104.3,2.9,,,6808.939,10637.847,40942.0,64.784,14.519,7.1,,110571.0,339000.0,,,,66.4,3.0,2.9271428571428575,3.8560000000000003,5.958,6.88,2.102,2.982,,,7.42,3436.9,56.1,588.0061,819759.05,288470.63,77.039,1260.0,1112.0,,5.3,80.3,172960.0,4422.4,8.2,-4369.0,,13.956,,-0.98809,,4351950.0,-290321.0,-36963.0,40.4,,,,
1993-05-21,144.2,151.8,64.933,66.114,141.0,104.3,2.9,,,6808.939,10637.847,40942.0,64.784,14.519,7.1,,110571.0,345000.0,,,,66.4,3.0,3.0085714285714285,4.066,6.1160000000000005,6.998,2.05,3.058,,,7.52,3436.9,56.1,588.0061,819759.05,288470.63,77.039,1260.0,1112.0,,5.3,80.3,172960.0,4422.4,8.2,-4369.0,,14.219999999999999,,-0.98448,,4351950.0,-290321.0,-36963.0,40.4,,,,
1993-05-28,144.2,151.8,64.933,66.114,141.0,104.3,2.9,,,6808.939,10637.847,40942.0,64.784,14.519,7.1,,110571.0,342000.0,,,,66.4,3.0,3.0957142857142856,4.208,6.144,6.970000000000001,1.936,3.01,,,7.5,3436.9,56.1,588.0061,819759.05,288470.63,77.039,1260.0,1112.0,,5.3,80.3,172960.0,4422.4,8.2,-4369.0,,13.518,,-0.98309,,4351950.0,-290321.0,-36963.0,40.4,,,,
1993-06-04,144.3,152.1,64.955,66.177,140.6,103.9,3.5,,,6808.939,10637.847,40942.0,64.9301,14.49,7.0,,110742.0,349000.0,,,,66.5,3.04,3.0742857142857143,4.1975,6.0649999999999995,6.8825,1.8675,2.925,,,7.47,3442.4,57.2,589.9095,823811.81,289961.25,77.244,1280.0,1130.0,,5.2,81.5,173018.0,4440.0,7.7,-6929.0,,13.3875,,-0.98531,,4351950.0,-290321.0,11099.0,40.4,,,,
1993-06-11,144.3,152.1,64.955,66.177,140.6,103.9,3.5,,,6808.939,10637.847,40942.0,64.9301,14.49,7.0,,110742.0,343000.0,,,,66.5,3.04,2.954285714285714,4.272,6.056,6.868,1.784,2.88,,,7.48,3442.4,57.2,589.9095,823811.81,289961.25,77.244,1280.0,1130.0,,5.2,81.5,173018.0,4440.0,7.7,-6929.0,,13.758000000000001,,-0.99282,,4351950.0,-290321.0,11099.0,40.4,,,,
1993-06-18,144.3,152.1,64.955,66.177,140.6,103.9,3.5,,,6808.939,10637.847,40942.0,64.9301,14.49,7.0,,110742.0,343000.0,,,,66.5,3.04,3.0042857142857144,4.114,5.958,6.8180000000000005,1.844,2.84,,,7.38,3442.4,57.2,589.9095,823811.81,289961.25,77.244,1280.0,1130.0,,5.2,81.5,173018.0,4440.0,7.7,-6929.0,,12.018,,-1.00527,,4351950.0,-290321.0,11099.0,40.4,,,,
1993-06-25,144.3,152.1,64.955,66.177,140.6,103.9,3.5,,,6808.939,10637.847,40942.0,64.9301,14.49,7.0,,110742.0,345000.0,,,,66.5,3.04,3.007142857142857,4.152,5.892,6.756,1.7399999999999998,2.724,,,7.34,3442.4,57.2,589.9095,823811.81,289961.25,77.244,1280.0,1130.0,,5.2,81.5,173018.0,4440.0,7.7,-6929.0,,11.888,,-1.02098,,4351950.0,-290321.0,11099.0,40.4,,,,
1993-07-02,144.5,152.3,65.059,66.314,140.6,103.4,3.0,,,6882.098,10688.606,40997.0,65.1052,14.451,6.9,,111054.0,340000.0,,,,66.4,3.06,3.164285714285714,4.008,5.79,6.676,1.782,2.712,,,7.23,3442.0,57.7,587.9277,829518.73,294232.01,77.432,1254.0,1174.0,,5.3,77.0,175822.0,4468.9,7.5,-6382.0,,11.3,,-1.0383,,4411489.0,-290321.0,-39577.0,40.4,,,,
1993-07-09,144.5,152.3,65.059,66.314,140.6,103.4,3.0,,,6882.098,10688.606,40997.0,65.1052,14.451,6.9,,111054.0,334000.0,,,,66.4,3.06,3.0728571428571425,3.995,5.785,6.665,1.79,2.6825,,,7.19,3442.0,57.7,587.9277,829518.73,294232.01,77.432,1254.0,1174.0,,5.3,77.0,175822.0,4468.9,7.5,-6382.0,,12.49,,-1.05596,,4411489.0,-290321.0,-39577.0,40.4,,,,
1993-07-16,144.5,152.3,65.059,66.314,140.6,103.4,3.0,,,6882.098,10688.606,40997.0,65.1052,14.451,6.9,,111054.0,314000.0,,,,66.4,3.06,3.0142857142857147,3.996,5.736,6.578,1.7399999999999998,2.646,,,7.16,3442.0,57.7,587.9277,829518.73,294232.01,77.432,1254.0,1174.0,,5.3,77.0,175822.0,4468.9,7.5,-6382.0,,10.842,,-1.07164,,4411489.0,-290321.0,-39577.0,40.4,,,,
1993-07-23,144.5,152.3,65.059,66.314,140.6,103.4,3.0,,,6882.098,10688.606,40997.0,65.1052,14.451,6.9,,111054.0,335000.0,,,,66.4,3.06,3.0885714285714285,4.14,5.828,6.614,1.688,2.686,,,7.2,3442.0,57.7,587.9277,829518.73,294232.01,77.432,1254.0,1174.0,,5.3,77.0,175822.0,4468.9,7.5,-6382.0,,11.498000000000001,,-1.0845,,4411489.0,-290321.0,-39577.0,40.4,,,,
1993-07-30,144.5,152.3,65.059,66.314,140.6,103.4,3.0,,,6882.098,10688.606,40997.0,65.1052,14.451,6.9,,111054.0,415000.0,,,,66.4,3.06,3.027142857142857,4.186,5.878,6.632,1.6919999999999997,2.742,,,7.25,3442.0,57.7,587.9277,829518.73,294232.01,77.432,1254.0,1174.0,,5.3,77.0,175822.0,4468.9,7.5,-6382.0,,11.402,,-1.09309,,4411489.0,-290321.0,-39577.0,40.4,,,,
1993-08-06,144.8,152.8,65.17,66.438,141.1,103.4,3.2,,,6882.098,10688.606,40997.0,65.0267,13.584,6.8,,111200.0,356000.0,,,,66.4,3.03,3.087142857142857,4.146,5.854,6.537999999999999,1.7079999999999997,2.714,,,7.21,3445.7,57.8,587.8156,834235.53,296264.17,77.615,1300.0,1230.0,,5.5,77.3,175233.0,4481.1,7.6,-5581.0,,11.806000000000001,,-1.09783,,4411489.0,-290321.0,-23078.0,40.4,,,,
1993-08-13,144.8,152.8,65.17,66.438,141.1,103.4,3.2,,,6882.098,10688.606,40997.0,65.0267,13.584,6.8,,111200.0,346000.0,,,,66.4,3.03,2.972857142857143,4.064,5.776,6.4159999999999995,1.7120000000000002,2.682,,,7.17,3445.7,57.8,587.8156,834235.53,296264.17,77.615,1300.0,1230.0,,5.5,77.3,175233.0,4481.1,7.6,-5581.0,,12.268,,-1.09888,,4411489.0,-290321.0,-23078.0,40.4,,,,
1993-08-20,144.8,152.8,65.17,66.438,141.1,103.4,3.2,,,6882.098,10688.606,40997.0,65.0267,13.584,6.8,,111200.0,339000.0,,,,66.4,3.03,3.0614285714285714,3.968,5.664,6.262,1.6960000000000002,2.596,,,7.1,3445.7,57.8,587.8156,834235.53,296264.17,77.615,1300.0,1230.0,,5.5,77.3,175233.0,4481.1,7.6,-5581.0,,11.674,,-1.09667,,4411489.0,-290321.0,-23078.0,40.4,,,,
1993-08-27,144.8,152.8,65.17,66.438,141.1,103.4,3.2,,,6882.098,10688.606,40997.0,65.0267,13.584,6.8,,111200.0,342000.0,,,,66.4,3.03,2.9914285714285715,3.88,5.51,6.164,1.6300000000000001,2.446,,,6.97,3445.7,57.8,587.8156,834235.53,296264.17,77.615,1300.0,1230.0,,5.5,77.3,175233.0,4481.1,7.6,-5581.0,,12.02,,-1.09166,,4411489.0,-290321.0,-23078.0,40.4,,,,
1993-09-03,145.0,152.9,65.238,66.538,141.4,103.0,3.0,,,6882.098,10688.606,40997.0,65.3717,13.99,6.7,,111448.0,337000.0,,,,66.2,3.09,3.0714285714285716,3.832,5.414,6.058,1.582,2.356,,,6.93,3452.2,59.1,585.4565,840602.98,299447.98,77.797,1343.0,1251.0,,4.9,77.9,176608.0,4511.5,6.8,-7031.0,,11.620000000000001,,-1.08468,,4411489.0,-290321.0,8517.0,40.4,,,,
1993-09-10,145.0,152.9,65.238,66.538,141.4,103.0,3.0,,,6882.098,10688.606,40997.0,65.3717,13.99,6.7,,111448.0,334000.0,,,,66.2,3.09,2.9828571428571427,3.79,5.275,5.8975,1.4849999999999999,2.2525,,,6.82,3452.2,59.1,585.4565,840602.98,299447.98,77.797,1343.0,1251.0,,4.9,77.9,176608.0,4511.5,6.8,-7031.0,,12.6275,,-1.07567,,4411489.0,-290321.0,8517.0,40.4,,,,
1993-09-17,145.0,152.9,65.238,66.538,141.4,103.0,3.0,,,6882.098,10688.606,40997.0,65.3717,13.99,6.7,,111448.0,333000.0,,,,66.2,3.09,3.057142857142857,3.878,5.354,5.976,1.476,2.3280000000000003,,,6.96,3452.2,59.1,585.4565,840602.98,299447.98,77.797,1343.0,1251.0,,4.9,77.9,176608.0,4511.5,6.8,-7031.0,,12.952000000000002,,-1.06423,,4411489.0,-290321.0,8517.0,40.4,,,,
1993-09-24,145.0,152.9,65.238,66.538,141.4,103.0,3.0,,,6882.098,10688.606,40997.0,65.3717,13.99,6.7,,111448.0,346000.0,,,,66.2,3.09,3.1114285714285717,3.8979999999999997,5.436,6.087999999999999,1.538,2.448,,,6.95,3452.2,59.1,585.4565,840602.98,299447.98,77.797,1343.0,1251.0,,4.9,77.9,176608.0,4511.5,6.8,-7031.0,,14.296000000000001,,-1.05095,,4411489.0,-290321.0,8517.0,40.4,,,,
1993-10-01,145.6,153.4,65.443,66.647,142.0,105.3,3.3,,,7013.738,10833.987,41423.0,65.8509,14.911,6.8,,111734.0,343000.0,,,,66.3,2.99,3.2142857142857144,3.8340000000000005,5.3340000000000005,5.986,1.5,2.36,,,6.89,3456.7,60.0,583.9072,847616.63,301654.09,77.944,1392.0,1287.0,,5.0,82.7,177588.0,4532.8,6.2,-6594.0,,12.426,,-1.03593,,4535687.0,-255051.0,-45422.0,40.4,,,,
1993-10-08,145.6,153.4,65.443,66.647,142.0,105.3,3.3,,,7013.738,10833.987,41423.0,65.8509,14.911,6.8,,111734.0,333000.0,,,,66.3,2.99,3.0471428571428567,3.8340000000000005,5.326,5.9879999999999995,1.492,2.282,,,6.87,3456.7,60.0,583.9072,847616.63,301654.09,77.944,1392.0,1287.0,,5.0,82.7,177588.0,4532.8,6.2,-6594.0,,12.736,,-1.01982,,4535687.0,-255051.0,-45422.0,40.4,,,,
1993-10-15,145.6,153.4,65.443,66.647,142.0,105.3,3.3,,,7013.738,10833.987,41423.0,65.8509,14.911,6.8,,111734.0,355000.0,,,,66.3,2.99,2.9271428571428575,3.8225,5.24,5.87,1.4175,2.145,,,6.81,3456.7,60.0,583.9072,847616.63,301654.09,77.944,1392.0,1287.0,,5.0,82.7,177588.0,4532.8,6.2,-6594.0,,11.584,,-1.00251,,4535687.0,-255051.0,-45422.0,40.4,,,,
1993-10-22,145.6,153.4,65.443,66.647,142.0,105.3,3.3,,,7013.738,10833.987,41423.0,65.8509,14.911,6.8,,111734.0,359000.0,,,,66.3,2.99,2.9585714285714286,3.872,5.314,5.886,1.442,2.194,,,6.74,3456.7,60.0,583.9072,847616.63,301654.09,77.944,1392.0,1287.0,,5.0,82.7,177588.0,4532.8,6.2,-6594.0,,11.388,,-0.98457,,4535687.0,-255051.0,-45422.0,40.4,,,,
1993-10-29,145.6,153.4,65.443,66.647,142.0,105.3,3.3,,,7013.738,10833.987,41423.0,65.8509,14.911,6.8,,111734.0,354000.0,,,,66.3,2.99,2.998571428571428,3.966,5.436,5.99,1.47,2.304,,,6.86,3456.7,60.0,583.9072,847616.63,301654.09,77.944,1392.0,1287.0,,5.0,82.7,177588.0,4532.8,6.2,-6594.0,,11.802000000000001,,-0.96709,,4535687.0,-255051.0,-45422.0,40.4,,,,
1993-11-05,146.0,153.9,65.567,66.819,142.3,104.4,2.8,,,7013.738,10833.987,41423.0,66.1518,14.882,6.6,,111987.0,348000.0,,,,66.3,3.02,3.0214285714285714,4.146,5.656000000000001,6.122,1.51,2.4939999999999998,,,7.11,3470.1,61.3,584.0483,856523.42,306564.01,78.149,1376.0,1357.0,,4.8,81.2,179758.0,4554.1,6.2,-7016.0,,13.286000000000001,,-0.952,,4535687.0,-255051.0,-38381.0,40.4,,,,
1993-11-12,146.0,153.9,65.567,66.819,142.3,104.4,2.8,,,7013.738,10833.987,41423.0,66.1518,14.882,6.6,,111987.0,350000.0,,,,66.3,3.02,2.962857142857143,4.1325,5.68,6.1850000000000005,1.5475,2.5,,,7.12,3470.1,61.3,584.0483,856523.42,306564.01,78.149,1376.0,1357.0,,4.8,81.2,179758.0,4554.1,6.2,-7016.0,,13.836000000000002,,-0.94149,,4535687.0,-255051.0,-38381.0,40.4,,,,
1993-11-19,146.0,153.9,65.567,66.819,142.3,104.4,2.8,,,7013.738,10833.987,41423.0,66.1518,14.882,6.6,,111987.0,341000.0,,,,66.3,3.02,3.032857142857143,4.134,5.712000000000001,6.220000000000001,1.578,2.536,,,7.08,3470.1,61.3,584.0483,856523.42,306564.01,78.149,1376.0,1357.0,,4.8,81.2,179758.0,4554.1,6.2,-7016.0,,14.963999999999999,,-0.93674,,4535687.0,-255051.0,-38381.0,40.4,,,,
1993-11-26,146.0,153.9,65.567,66.819,142.3,104.4,2.8,,,7013.738,10833.987,41423.0,66.1518,14.882,6.6,,111987.0,336000.0,,,,66.3,3.02,3.0028571428571427,4.1975,5.8325,6.3075,1.635,2.64,,,7.31,3470.1,61.3,584.0483,856523.42,306564.01,78.149,1376.0,1357.0,,4.8,81.2,179758.0,4554.1,6.2,-7016.0,,14.3625,,-0.93888,,4535687.0,-255051.0,-38381.0,40.4,,,,
1993-12-03,146.3,154.3,65.582,66.849,142.8,103.7,3.0,,,7013.738,10833.987,41423.0,66.5436,15.004,6.5,,112325.0,337000.0,,,,66.4,2.96,3.075714285714286,4.21,5.804,6.264,1.594,2.612,,,7.31,3474.5,62.8,583.9928,865650.58,309908.02,78.328,1533.0,1461.0,,4.5,88.2,181077.0,4571.1,9.0,-5719.0,,13.581999999999999,,-0.94725,,4535687.0,-255051.0,-7705.0,40.4,,,,
1993-12-10,146.3,154.3,65.582,66.849,142.8,103.7,3.0,,,7013.738,10833.987,41423.0,66.5436,15.004,6.5,,112325.0,337000.0,,,,66.4,2.96,2.8957142857142855,4.186,5.71,6.17,1.524,2.562,,,7.14,3474.5,62.8,583.9928,865650.58,309908.02,78.328,1533.0,1461.0,,4.5,88.2,181077.0,4571.1,9.0,-5719.0,,12.548,,-0.9603,,4535687.0,-255051.0,-7705.0,40.4,,,,
1993-12-17,146.3,154.3,65.582,66.849,142.8,103.7,3.0,,,7013.738,10833.987,41423.0,66.5436,15.004,6.5,,112325.0,334000.0,,,,66.4,2.96,2.9628571428571426,4.226000000000001,5.816,6.284000000000001,1.59,2.712,,,7.17,3474.5,62.8,583.9928,865650.58,309908.02,78.328,1533.0,1461.0,,4.5,88.2,181077.0,4571.1,9.0,-5719.0,,11.024000000000001,,-0.97614,,4535687.0,-255051.0,-7705.0,40.4,,,,
1993-12-24,146.3,154.3,65.582,66.849,142.8,103.7,3.0,,,7013.738,10833.987,41423.0,66.5436,15.004,6.5,,112325.0,331000.0,,,,66.4,2.96,2.9971428571428573,4.2125,5.785,6.265,1.5725,2.6475,,,7.17,3474.5,62.8,583.9928,865650.58,309908.02,78.328,1533.0,1461.0,,4.5,88.2,181077.0,4571.1,9.0,-5719.0,,9.905000000000001,,-0.99207,,4535687.0,-255051.0,-7705.0,40.4,,,,
1993-12-31,146.3,154.3,65.582,66.849,142.8,103.7,3.0,,,7013.738,10833.987,41423.0,66.5436,15.004,6.5,,112325.0,290000.0,,,,66.4,2.96,2.935714285714286,4.220000000000001,5.766,6.282,1.546,2.6759999999999997,,,7.13,3474.5,62.8,583.9928,865650.58,309908.02,78.328,1533.0,1461.0,,4.5,88.2,181077.0,4571.1,9.0,-5719.0,,10.466,,-1.00589,-0.3803,4535687.0,-255051.0,-7705.0,40.4,,,,
1994-01-07,146.3,154.5,65.604,66.902,142.9,102.8,2.8,,,7115.652,10939.116,41713.0,66.7351,15.379,6.6,11.7,112601.0,341000.0,,,,66.6,3.05,3.0542857142857143,4.246,5.848000000000001,6.356,1.6019999999999999,2.7199999999999998,,,7.23,3474.9,62.0,587.4178,872021.82,312521.67,78.592,1272.0,1390.0,,5.9,94.3,179615.0,4585.1,7.0,-6207.0,,11.53,,-1.01618,-0.4937,4575869.0,-255051.0,15248.0,40.0,,,,
1994-01-14,146.3,154.5,65.604,66.902,142.9,102.8,2.8,,,7115.652,10939.116,41713.0,66.7351,15.379,6.6,11.7,112601.0,343000.0,,,,66.6,3.05,2.9614285714285713,4.101999999999999,5.686,6.244,1.584,2.654,,,6.99,3474.9,62.0,587.4178,872021.82,312521.67,78.592,1272.0,1390.0,,5.9,94.3,179615.0,4585.1,7.0,-6207.0,,11.382,,-1.02211,-0.2024,4575869.0,-255051.0,15248.0,40.0,,,,
1994-01-21,146.3,154.5,65.604,66.902,142.9,102.8,2.8,,,7115.652,10939.116,41713.0,66.7351,15.379,6.6,11.7,112601.0,355000.0,,,,66.6,3.05,3.128571428571429,4.105,5.735,6.285,1.63,2.7125000000000004,,,7.05,3474.9,62.0,587.4178,872021.82,312521.67,78.592,1272.0,1390.0,,5.9,94.3,179615.0,4585.1,7.0,-6207.0,,11.504000000000001,,-1.02129,-0.469,4575869.0,-255051.0,15248.0,40.0,,,,
1994-01-28,146.3,154.5,65.604,66.902,142.9,102.8,2.8,,,7115.652,10939.116,41713.0,66.7351,15.379,6.6,11.7,112601.0,351000.0,,,,66.6,3.05,2.988571428571429,4.104,5.74,6.29,1.636,2.75,,,6.97,3474.9,62.0,587.4178,872021.82,312521.67,78.592,1272.0,1390.0,,5.9,94.3,179615.0,4585.1,7.0,-6207.0,,10.878,,-1.01434,-0.3126,4575869.0,-255051.0,15248.0,40.0,,,,
1994-02-04,146.7,154.8,65.756,67.047,142.7,104.1,2.8,,,7115.652,10939.116,41713.0,66.774,15.52,6.6,11.4,112782.0,406000.0,,,,66.6,3.25,3.2157142857142857,4.244,5.798,6.302,1.554,2.6420000000000003,,,6.97,3475.7,59.6,587.9219,880352.86,315413.72,78.727,1337.0,1269.0,,5.0,93.2,183101.0,4632.6,6.4,-9245.0,,11.578,,-1.00004,-0.6827,4575869.0,-255051.0,-41566.0,40.0,,,,
1994-02-11,146.7,154.8,65.756,67.047,142.7,104.1,2.8,,,7115.652,10939.116,41713.0,66.774,15.52,6.6,11.4,112782.0,361000.0,,,,66.6,3.25,3.197142857142857,4.434,5.936,6.422,1.502,2.614,,,7.21,3475.7,59.6,587.9219,880352.86,315413.72,78.727,1337.0,1269.0,,5.0,93.2,183101.0,4632.6,6.4,-9245.0,,13.924000000000001,,-0.97857,-0.4483,4575869.0,-255051.0,-41566.0,40.0,,,,
1994-02-18,146.7,154.8,65.756,67.047,142.7,104.1,2.8,,,7115.652,10939.116,41713.0,66.774,15.52,6.6,11.4,112782.0,354000.0,,,,66.6,3.25,3.281428571428571,4.478,5.952,6.506,1.474,2.606,,,7.11,3475.7,59.6,587.9219,880352.86,315413.72,78.727,1337.0,1269.0,,5.0,93.2,183101.0,4632.6,6.4,-9245.0,,13.86,,-0.95201,-0.4302,4575869.0,-255051.0,-41566.0,40.0,,,,
1994-02-25,146.7,154.8,65.756,67.047,142.7,104.1,2.8,,,7115.652,10939.116,41713.0,66.774,15.52,6.6,11.4,112782.0,352000.0,,,,66.6,3.25,3.2414285714285715,4.67,6.1525,6.6825,1.4825,2.7175,,,7.32,3475.7,59.6,587.9219,880352.86,315413.72,78.727,1337.0,1269.0,,5.0,93.2,183101.0,4632.6,6.4,-9245.0,,14.5475,,-0.92141,-0.3991,4575869.0,-255051.0,-41566.0,40.0,,,,
1994-03-04,147.1,155.3,65.937,67.275,142.7,104.3,3.0,,,7115.652,10939.116,41713.0,67.4552,15.301,6.5,11.5,113245.0,327000.0,,,,66.5,3.34,3.2871428571428574,4.796,6.292,6.787999999999999,1.496,2.7359999999999998,,,7.51,3480.1,59.6,594.7889,891333.16,319777.37,78.856,1564.0,1342.0,,4.8,91.5,186721.0,4646.0,6.7,-6466.0,,15.828,,-0.88783,-0.326,4575869.0,-255051.0,-32315.0,40.0,,,,
1994-03-11,147.1,155.3,65.937,67.275,142.7,104.3,3.0,,,7115.652,10939.116,41713.0,67.4552,15.301,6.5,11.5,113245.0,348000.0,,,,66.5,3.34,3.2342857142857144,4.932,6.404000000000001,6.87,1.472,2.804,,,7.63,3480.1,59.6,594.7889,891333.16,319777.37,78.856,1564.0,1342.0,,4.8,91.5,186721.0,4646.0,6.7,-6466.0,,15.264,,-0.85397,-0.3225,4575869.0,-255051.0,-32315.0,40.0,,,,
1994-03-18,147.1,155.3,65.937,67.275,142.7,104.3,3.0,,,7115.652,10939.116,41713.0,67.4552,15.301,6.5,11.5,113245.0,341000.0,,,,66.5,3.34,3.1999999999999997,4.982,6.452,6.8740000000000006,1.47,2.842,,,7.76,3480.1,59.6,594.7889,891333.16,319777.37,78.856,1564.0,1342.0,,4.8,91.5,186721.0,4646.0,6.7,-6466.0,,14.396,,-0.82171,-0.2348,4575869.0,-255051.0,-32315.0,40.0,,,,
1994-03-25,147.1,155.3,65.937,67.275,142.7,104.3,3.0,,,7115.652,10939.116,41713.0,67.4552,15.301,6.5,11.5,113245.0,332000.0,,,,66.5,3.34,3.39,5.0600000000000005,6.524000000000001,6.922,1.464,2.936,,,7.8,3480.1,59.6,594.7889,891333.16,319777.37,78.856,1564.0,1342.0,,4.8,91.5,186721.0,4646.0,6.7,-6466.0,,13.428,,-0.79208,-0.2961,4575869.0,-255051.0,-32315.0,40.0,,,,
1994-04-01,147.2,155.5,66.015,67.376,143.0,103.7,3.0,,,7246.931,11087.361,42154.0,67.8541,16.013,6.4,11.3,113589.0,322000.0,,,,66.5,3.56,3.6028571428571428,5.1775,6.7225,7.0625,1.545,3.15,,,8.04,3481.3,61.6,600.4038,900989.53,325015.74,78.988,1465.0,1392.0,,5.2,92.6,186423.0,4671.1,6.3,-7887.0,,17.607499999999998,,-0.76671,-0.1801,4645802.0,-255051.0,17454.0,40.0,,,,
1994-04-08,147.2,155.5,66.015,67.376,143.0,103.7,3.0,,,7246.931,11087.361,42154.0,67.8541,16.013,6.4,11.3,113589.0,342000.0,,,,66.5,3.56,3.542857142857143,5.444,6.9719999999999995,7.286,1.528,3.272,,,8.47,3481.3,61.6,600.4038,900989.53,325015.74,78.988,1465.0,1392.0,,5.2,92.6,186423.0,4671.1,6.3,-7887.0,,18.656,,-0.74761,-0.1741,4645802.0,-255051.0,17454.0,40.0,,,,
1994-04-15,147.2,155.5,66.015,67.376,143.0,103.7,3.0,,,7246.931,11087.361,42154.0,67.8541,16.013,6.4,11.3,113589.0,349000.0,,,,66.5,3.56,3.4,5.452,6.9319999999999995,7.256,1.48,3.272,,,8.26,3481.3,61.6,600.4038,900989.53,325015.74,78.988,1465.0,1392.0,,5.2,92.6,186423.0,4671.1,6.3,-7887.0,,16.46,,-0.73455,-0.0637,4645802.0,-255051.0,17454.0,40.0,,,,
1994-04-22,147.2,155.5,66.015,67.376,143.0,103.7,3.0,,,7246.931,11087.361,42154.0,67.8541,16.013,6.4,11.3,113589.0,354000.0,,,,66.5,3.56,3.6485714285714286,5.656000000000001,7.025999999999999,7.308,1.3699999999999999,3.192,,,8.49,3481.3,61.6,600.4038,900989.53,325015.74,78.988,1465.0,1392.0,,5.2,92.6,186423.0,4671.1,6.3,-7887.0,,16.206,,-0.7262,-0.2264,4645802.0,-255051.0,17454.0,40.0,,,,
1994-04-29,147.2,155.5,66.015,67.376,143.0,103.7,3.0,,,7246.931,11087.361,42154.0,67.8541,16.013,6.4,11.3,113589.0,331000.0,,,,66.5,3.56,3.5914285714285716,5.67,6.955,7.215,1.2850000000000001,2.99,,,8.32,3481.3,61.6,600.4038,900989.53,325015.74,78.988,1465.0,1392.0,,5.2,92.6,186423.0,4671.1,6.3,-7887.0,,14.085,,-0.72307,-0.1438,4645802.0,-255051.0,17454.0,40.0,,,,
1994-05-06,147.5,155.9,66.111,67.526,143.3,102.8,3.1,,,7246.931,11087.361,42154.0,68.1663,14.577,6.1,10.9,113922.0,344000.0,,,,66.6,4.01,3.7800000000000002,5.912,7.164,7.378,1.252,3.004,,,8.53,3490.8,59.2,604.7512,912863.7,329097.63,79.223,1526.0,1396.0,,5.3,92.8,185616.0,4669.5,7.5,-7728.0,,14.37,,-0.72131,-0.4596,4645802.0,-255051.0,-32057.0,40.0,,,,
1994-05-13,147.5,155.9,66.111,67.526,143.3,102.8,3.1,,,7246.931,11087.361,42154.0,68.1663,14.577,6.1,10.9,113922.0,371000.0,,,,66.6,4.01,3.707142857142857,6.154,7.3740000000000006,7.56,1.22,3.056,,,8.77,3490.8,59.2,604.7512,912863.7,329097.63,79.223,1526.0,1396.0,,5.3,92.8,185616.0,4669.5,7.5,-7728.0,,15.38,,-0.72121,-0.133,4645802.0,-255051.0,-32057.0,40.0,,,,
1994-05-20,147.5,155.9,66.111,67.526,143.3,102.8,3.1,,,7246.931,11087.361,42154.0,68.1663,14.577,6.1,10.9,113922.0,360000.0,,,,66.6,4.01,4.134285714285714,5.854,7.056,7.308,1.202,2.7760000000000002,,,8.56,3490.8,59.2,604.7512,912863.7,329097.63,79.223,1526.0,1396.0,,5.3,92.8,185616.0,4669.5,7.5,-7728.0,,13.284,,-0.72269,-0.0411,4645802.0,-255051.0,-32057.0,40.0,,,,
1994-05-27,147.5,155.9,66.111,67.526,143.3,102.8,3.1,,,7246.931,11087.361,42154.0,68.1663,14.577,6.1,10.9,113922.0,357000.0,,,,66.6,4.01,4.2214285714285715,5.944,7.142,7.398000000000001,1.198,2.838,,,8.53,3490.8,59.2,604.7512,912863.7,329097.63,79.223,1526.0,1396.0,,5.3,92.8,185616.0,4669.5,7.5,-7728.0,,12.728,,-0.72369,-0.2457,4645802.0,-255051.0,-32057.0,40.0,,,,
1994-06-03,147.9,156.4,66.272,67.676,143.8,103.1,2.7,,,7246.931,11087.361,42154.0,68.6265,15.109,6.1,11.0,114239.0,348000.0,,,,66.4,4.25,4.272857142857143,5.9399999999999995,7.085,7.359999999999999,1.145,2.82,,,8.55,3479.5,59.9,608.7014,924216.02,334852.8,79.424,1409.0,1357.0,,6.2,91.2,187800.0,4708.9,6.8,-8380.0,,12.6675,,-0.72268,-0.0679,4645802.0,-255051.0,14850.0,40.0,,,,
1994-06-10,147.9,156.4,66.272,67.676,143.8,103.1,2.7,,,7246.931,11087.361,42154.0,68.6265,15.109,6.1,11.0,114239.0,345000.0,,,,66.4,4.25,4.1242857142857146,5.802,6.965999999999999,7.2700000000000005,1.164,2.7399999999999998,,,8.25,3479.5,59.9,608.7014,924216.02,334852.8,79.424,1409.0,1357.0,,6.2,91.2,187800.0,4708.9,6.8,-8380.0,,13.059999999999999,,-0.72189,0.0227,4645802.0,-255051.0,14850.0,40.0,,,,
1994-06-17,147.9,156.4,66.272,67.676,143.8,103.1,2.7,,,7246.931,11087.361,42154.0,68.6265,15.109,6.1,11.0,114239.0,338000.0,,,,66.4,4.25,4.222857142857142,5.862,7.0760000000000005,7.382,1.214,2.85,,,8.33,3479.5,59.9,608.7014,924216.02,334852.8,79.424,1409.0,1357.0,,6.2,91.2,187800.0,4708.9,6.8,-8380.0,,11.714,,-0.71971,-0.2361,4645802.0,-255051.0,14850.0,40.0,,,,
1994-06-24,147.9,156.4,66.272,67.676,143.8,103.1,2.7,,,7246.931,11087.361,42154.0,68.6265,15.109,6.1,11.0,114239.0,336000.0,,,,66.4,4.25,4.178571428571429,5.986,7.1659999999999995,7.459999999999999,1.18,2.886,,,8.46,3479.5,59.9,608.7014,924216.02,334852.8,79.424,1409.0,1357.0,,6.2,91.2,187800.0,4708.9,6.8,-8380.0,,14.703999999999999,,-0.71844,-0.1353,4645802.0,-255051.0,14850.0,40.0,,,,
1994-07-01,148.4,156.7,66.481,67.818,144.6,104.5,2.9,,,7331.075,11152.176,42264.0,68.7178,14.875,6.1,10.8,114608.0,341000.0,,,,66.4,4.26,4.395714285714286,6.136,7.272,7.55,1.136,2.994,,,8.57,3488.2,60.1,616.5733,931134.74,339945.48,79.596,1439.0,1335.0,,6.3,89.0,188062.0,4720.6,6.9,-8739.0,,14.863999999999999,,-0.71961,-0.1132,4692750.0,-255051.0,-33198.0,40.0,,,,
1994-07-08,148.4,156.7,66.481,67.818,144.6,104.5,2.9,,,7331.075,11152.176,42264.0,68.7178,14.875,6.1,10.8,114608.0,334000.0,,,,66.4,4.26,4.218571428571429,6.1525,7.3375,7.6274999999999995,1.185,2.9225000000000003,,,8.68,3488.2,60.1,616.5733,931134.74,339945.48,79.596,1439.0,1335.0,,6.3,89.0,188062.0,4720.6,6.9,-8739.0,,14.2225,,-0.72625,0.025,4692750.0,-255051.0,-33198.0,40.0,,,,
1994-07-15,148.4,156.7,66.481,67.818,144.6,104.5,2.9,,,7331.075,11152.176,42264.0,68.7178,14.875,6.1,10.8,114608.0,341000.0,,,,66.4,4.26,4.2628571428571425,6.168,7.362,7.638,1.194,2.866,,,8.72,3488.2,60.1,616.5733,931134.74,339945.48,79.596,1439.0,1335.0,,6.3,89.0,188062.0,4720.6,6.9,-8739.0,,12.514,,-0.73806,-0.0919,4692750.0,-255051.0,-33198.0,40.0,,,,
1994-07-22,148.4,156.7,66.481,67.818,144.6,104.5,2.9,,,7331.075,11152.176,42264.0,68.7178,14.875,6.1,10.8,114608.0,359000.0,,,,66.4,4.26,4.314285714285714,6.05,7.231999999999999,7.5280000000000005,1.182,2.808,,,8.53,3488.2,60.1,616.5733,931134.74,339945.48,79.596,1439.0,1335.0,,6.3,89.0,188062.0,4720.6,6.9,-8739.0,,11.532,,-0.75417,-0.0924,4692750.0,-255051.0,-33198.0,40.0,,,,
1994-07-29,148.4,156.7,66.481,67.818,144.6,104.5,2.9,,,7331.075,11152.176,42264.0,68.7178,14.875,6.1,10.8,114608.0,345000.0,,,,66.4,4.26,4.281428571428571,6.142,7.26,7.523999999999999,1.1179999999999999,2.75,,,8.57,3488.2,60.1,616.5733,931134.74,339945.48,79.596,1439.0,1335.0,,6.3,89.0,188062.0,4720.6,6.9,-8739.0,,11.642,,-0.77171,-0.2633,4692750.0,-255051.0,-33198.0,40.0,,,,
1994-08-05,149.0,157.1,66.634,67.894,145.1,106.7,3.1,,,7331.075,11152.176,42264.0,69.1785,15.359,6.0,10.6,114902.0,332000.0,,,,66.6,4.47,4.277142857142858,6.026000000000001,7.146000000000001,7.426,1.1199999999999999,2.6759999999999997,,,8.38,3485.7,59.3,622.3122,944803.17,347670.7,79.782,1450.0,1377.0,,6.1,91.7,190771.0,4762.6,6.4,-8303.0,,11.662,,-0.78799,-0.1585,4692750.0,-255051.0,-24275.0,40.0,,,,
1994-08-12,149.0,157.1,66.634,67.894,145.1,106.7,3.1,,,7331.075,11152.176,42264.0,69.1785,15.359,6.0,10.6,114902.0,338000.0,,,,66.6,4.47,4.2457142857142856,6.234,7.308,7.544,1.074,2.786,,,8.57,3485.7,59.3,622.3122,944803.17,347670.7,79.782,1450.0,1377.0,,6.1,91.7,190771.0,4762.6,6.4,-8303.0,,12.016,,-0.80117,-0.354,4692750.0,-255051.0,-24275.0,40.0,,,,
1994-08-19,149.0,157.1,66.634,67.894,145.1,106.7,3.1,,,7331.075,11152.176,42264.0,69.1785,15.359,6.0,10.6,114902.0,335000.0,,,,66.6,4.47,4.478571428571429,6.214,7.2379999999999995,7.458,1.024,2.528,,,8.54,3485.7,59.3,622.3122,944803.17,347670.7,79.782,1450.0,1377.0,,6.1,91.7,190771.0,4762.6,6.4,-8303.0,,11.978,,-0.80835,-0.4102,4692750.0,-255051.0,-24275.0,40.0,,,,
1994-08-26,149.0,157.1,66.634,67.894,145.1,106.7,3.1,,,7331.075,11152.176,42264.0,69.1785,15.359,6.0,10.6,114902.0,331000.0,,,,66.6,4.47,4.672857142857143,6.232,7.268000000000001,7.522,1.036,2.58,,,8.56,3485.7,59.3,622.3122,944803.17,347670.7,79.782,1450.0,1377.0,,6.1,91.7,190771.0,4762.6,6.4,-8303.0,,12.03,,-0.80739,-0.3826,4692750.0,-255051.0,-24275.0,40.0,,,,
1994-09-02,149.3,157.5,66.708,67.997,145.3,106.1,3.4,,,7331.075,11152.176,42264.0,69.3961,15.274,5.9,10.4,115246.0,341000.0,,,,66.6,4.73,4.721428571428571,6.174,7.206,7.478,1.032,2.5140000000000002,,,8.48,3486.1,60.0,625.0522,957375.6,350083.91,79.92,1474.0,1412.0,,6.0,91.5,192585.0,4775.0,6.7,-8310.0,,11.656,,-0.79765,-0.2476,4692750.0,-255051.0,4266.0,40.0,,,,
1994-09-09,149.3,157.5,66.708,67.997,145.3,106.1,3.4,,,7331.075,11152.176,42264.0,69.3961,15.274,5.9,10.4,115246.0,339000.0,,,,66.6,4.73,4.7299999999999995,6.2524999999999995,7.325,7.605,1.0725,2.645,,,8.51,3486.1,60.0,625.0522,957375.6,350083.91,79.92,1474.0,1412.0,,6.0,91.5,192585.0,4775.0,6.7,-8310.0,,12.12,,-0.77946,-0.356,4692750.0,-255051.0,4266.0,40.0,,,,
1994-09-16,149.3,157.5,66.708,67.997,145.3,106.1,3.4,,,7331.075,11152.176,42264.0,69.3961,15.274,5.9,10.4,115246.0,331000.0,,,,66.6,4.73,4.711428571428571,6.35,7.436,7.703999999999999,1.086,2.716,,,8.66,3486.1,60.0,625.0522,957375.6,350083.91,79.92,1474.0,1412.0,,6.0,91.5,192585.0,4775.0,6.7,-8310.0,,13.11,,-0.7538,-0.3453,4692750.0,-255051.0,4266.0,40.0,,,,
1994-09-23,149.3,157.5,66.708,67.997,145.3,106.1,3.4,,,7331.075,11152.176,42264.0,69.3961,15.274,5.9,10.4,115246.0,326000.0,,,,66.6,4.73,4.732857142857143,6.473999999999999,7.542,7.784000000000001,1.068,2.7,,,8.73,3486.1,60.0,625.0522,957375.6,350083.91,79.92,1474.0,1412.0,,6.0,91.5,192585.0,4775.0,6.7,-8310.0,,14.084,,-0.7244,-0.4011,4692750.0,-255051.0,4266.0,40.0,,,,
1994-09-30,149.3,157.5,66.708,67.997,145.3,106.1,3.4,,,7331.075,11152.176,42264.0,69.3961,15.274,5.9,10.4,115246.0,325000.0,,,,66.6,4.73,4.758571428571429,6.558,7.601999999999999,7.828,1.044,2.82,,,8.82,3486.1,60.0,625.0522,957375.6,350083.91,79.92,1474.0,1412.0,,6.0,91.5,192585.0,4775.0,6.7,-8310.0,,14.038,,-0.69384,-0.1678,4692750.0,-203186.0,4266.0,40.0,,,,
1994-10-07,149.4,157.8,66.821,68.157,145.3,105.7,3.0,,,7455.288,11279.932,42618.0,69.9544,15.894,5.8,10.4,115457.0,330000.0,,,,66.7,4.76,4.942857142857143,6.692,7.7219999999999995,7.912000000000001,1.03,2.65,,,8.89,3484.3,59.5,631.6197,968468.71,352779.03,80.066,1450.0,1397.0,,5.6,92.7,193914.0,4812.9,7.0,-9158.0,,15.835999999999999,,-0.66563,-0.1908,4800150.0,-203186.0,-31343.0,40.0,,,,
1994-10-14,149.4,157.8,66.821,68.157,145.3,105.7,3.0,,,7455.288,11279.932,42618.0,69.9544,15.894,5.8,10.4,115457.0,341000.0,,,,66.7,4.76,4.628571428571428,6.625,7.6475,7.855,1.0225,2.59,,,8.93,3484.3,59.5,631.6197,968468.71,352779.03,80.066,1450.0,1397.0,,5.6,92.7,193914.0,4812.9,7.0,-9158.0,,14.2,,-0.64129,0.071,4800150.0,-203186.0,-31343.0,40.0,,,,
1994-10-21,149.4,157.8,66.821,68.157,145.3,105.7,3.0,,,7455.288,11279.932,42618.0,69.9544,15.894,5.8,10.4,115457.0,335000.0,,,,66.7,4.76,4.711428571428572,6.69,7.709999999999999,7.9159999999999995,1.02,2.6260000000000003,,,8.85,3484.3,59.5,631.6197,968468.71,352779.03,80.066,1450.0,1397.0,,5.6,92.7,193914.0,4812.9,7.0,-9158.0,,15.276,,-0.62027,-0.1465,4800150.0,-203186.0,-31343.0,40.0,,,,
1994-10-28,149.4,157.8,66.821,68.157,145.3,105.7,3.0,,,7455.288,11279.932,42618.0,69.9544,15.894,5.8,10.4,115457.0,330000.0,,,,66.7,4.76,4.737142857142857,6.864,7.864,8.034,1.0,2.698,,,9.03,3484.3,59.5,631.6197,968468.71,352779.03,80.066,1450.0,1397.0,,5.6,92.7,193914.0,4812.9,7.0,-9158.0,,15.806000000000001,,-0.60064,-0.2007,4800150.0,-203186.0,-31343.0,40.0,,,,
1994-11-04,149.8,158.2,66.948,68.282,145.6,106.1,3.2,,,7455.288,11279.932,42618.0,70.4326,15.89,5.6,10.1,115867.0,331000.0,,,,66.7,5.29,4.7457142857142856,6.952,7.936,8.078,0.984,2.69,,,9.05,3487.2,60.0,638.4621,981426.11,362592.72,80.15,1511.0,1340.0,,6.3,91.6,194425.0,4825.6,6.9,-9615.0,,15.413999999999998,,-0.58088,-0.1799,4800150.0,-203186.0,-37243.0,40.0,,,,
1994-11-11,149.8,158.2,66.948,68.282,145.6,106.1,3.2,,,7455.288,11279.932,42618.0,70.4326,15.89,5.6,10.1,115867.0,328000.0,,,,66.7,5.29,4.825714285714286,7.0375,7.995,8.129999999999999,0.9575,2.6175,,,9.19,3487.2,60.0,638.4621,981426.11,362592.72,80.15,1511.0,1340.0,,6.3,91.6,194425.0,4825.6,6.9,-9615.0,,16.518,,-0.55866,-0.2601,4800150.0,-203186.0,-37243.0,40.0,,,,
1994-11-18,149.8,158.2,66.948,68.282,145.6,106.1,3.2,,,7455.288,11279.932,42618.0,70.4326,15.89,5.6,10.1,115867.0,329000.0,,,,66.7,5.29,5.36,7.15,7.973999999999999,8.102,0.8240000000000001,2.4699999999999998,,,9.19,3487.2,60.0,638.4621,981426.11,362592.72,80.15,1511.0,1340.0,,6.3,91.6,194425.0,4825.6,6.9,-9615.0,,16.162,,-0.53298,-0.4486,4800150.0,-203186.0,-37243.0,40.0,,,,
1994-11-25,149.8,158.2,66.948,68.282,145.6,106.1,3.2,,,7455.288,11279.932,42618.0,70.4326,15.89,5.6,10.1,115867.0,326000.0,,,,66.7,5.29,5.687142857142858,7.24,7.91,8.0375,0.6699999999999999,2.4325,,,9.25,3487.2,60.0,638.4621,981426.11,362592.72,80.15,1511.0,1340.0,,6.3,91.6,194425.0,4825.6,6.9,-9615.0,,17.305,,-0.5039,-0.1837,4800150.0,-203186.0,-37243.0,40.0,,,,
1994-12-02,150.1,158.3,66.991,68.305,146.8,105.9,3.0,,,7455.288,11279.932,42618.0,71.1523,15.584,5.5,10.1,116174.0,329000.0,,,,66.7,5.45,5.691428571428572,7.409999999999999,7.894,7.994,0.484,2.1919999999999997,,,9.23,3486.4,61.4,643.9879,997301.74,365569.56,80.297,1455.0,1396.0,,6.6,95.1,194939.0,4841.6,7.0,-8456.0,,16.434,,-0.47376,-0.1828,4800150.0,-203186.0,-4803.0,40.0,,,,
1994-12-09,150.1,158.3,66.991,68.305,146.8,105.9,3.0,,,7455.288,11279.932,42618.0,71.1523,15.584,5.5,10.1,116174.0,324000.0,,,,66.7,5.45,5.4871428571428575,7.508,7.790000000000001,7.884,0.28200000000000003,1.902,,,9.15,3486.4,61.4,643.9879,997301.74,365569.56,80.297,1455.0,1396.0,,6.6,95.1,194939.0,4841.6,7.0,-8456.0,,16.524,,-0.44429,-0.1604,4800150.0,-203186.0,-4803.0,40.0,,,,
1994-12-16,150.1,158.3,66.991,68.305,146.8,105.9,3.0,,,7455.288,11279.932,42618.0,71.1523,15.584,5.5,10.1,116174.0,329000.0,,,,66.7,5.45,5.471428571428571,7.609999999999999,7.816,7.872,0.20600000000000002,1.9899999999999998,,,9.25,3486.4,61.4,643.9879,997301.74,365569.56,80.297,1455.0,1396.0,,6.6,95.1,194939.0,4841.6,7.0,-8456.0,,13.725999999999999,,-0.42139,-0.1545,4800150.0,-203186.0,-4803.0,40.0,,,,
1994-12-23,150.1,158.3,66.991,68.305,146.8,105.9,3.0,,,7455.288,11279.932,42618.0,71.1523,15.584,5.5,10.1,116174.0,330000.0,,,,66.7,5.45,5.578571428571428,7.634,7.822,7.85,0.188,2.176,,,9.18,3486.4,61.4,643.9879,997301.74,365569.56,80.297,1455.0,1396.0,,6.6,95.1,194939.0,4841.6,7.0,-8456.0,,12.458,,-0.4073,-0.0335,4800150.0,-203186.0,-4803.0,40.0,,,,
1994-12-30,150.1,158.3,66.991,68.305,146.8,105.9,3.0,,,7455.288,11279.932,42618.0,71.1523,15.584,5.5,10.1,116174.0,314000.0,,,,66.7,5.45,5.348571428571428,7.69,7.805,7.8325,0.11499999999999999,2.115,,,9.18,3486.4,61.4,643.9879,997301.74,365569.56,80.297,1455.0,1396.0,,6.6,95.1,194939.0,4841.6,7.0,-8456.0,,12.735,,-0.40522,0.1556,4800150.0,-203186.0,-4803.0,40.0,,,,
1995-01-06,150.5,159.0,67.127,68.475,146.7,105.7,3.0,,,7522.289,11319.951,42654.0,71.2734,14.801,5.6,10.1,116505.0,319000.0,,,,66.8,5.53,5.518571428571429,7.6625,7.8625,7.89,0.2,1.9675,,,9.22,3492.4,60.5,654.3104,1010395.04,372003.17,80.426,1407.0,1282.0,,6.8,97.6,195908.0,4851.2,7.3,-9324.0,,13.6025,,-0.41621,-0.2032,4864116.0,-203186.0,15634.0,39.9,,,,
1995-01-13,150.5,159.0,67.127,68.475,146.7,105.7,3.0,,,7522.289,11319.951,42654.0,71.2734,14.801,5.6,10.1,116505.0,338000.0,,,,66.8,5.53,5.487142857142857,7.568,7.802,7.859999999999999,0.23399999999999999,1.9620000000000002,,,9.19,3492.4,60.5,654.3104,1010395.04,372003.17,80.426,1407.0,1282.0,,6.8,97.6,195908.0,4851.2,7.3,-9324.0,,12.386,,-0.43903,0.0226,4864116.0,-203186.0,15634.0,39.9,,,,
1995-01-20,150.5,159.0,67.127,68.475,146.7,105.7,3.0,,,7522.289,11319.951,42654.0,71.2734,14.801,5.6,10.1,116505.0,347000.0,,,,66.8,5.53,5.424285714285714,7.4775,7.7425,7.82,0.265,1.8575,,,9.05,3492.4,60.5,654.3104,1010395.04,372003.17,80.426,1407.0,1282.0,,6.8,97.6,195908.0,4851.2,7.3,-9324.0,,11.702,,-0.47019,-0.3529,4864116.0,-203186.0,15634.0,39.9,,,,
1995-01-27,150.5,159.0,67.127,68.475,146.7,105.7,3.0,,,7522.289,11319.951,42654.0,71.2734,14.801,5.6,10.1,116505.0,325000.0,,,,66.8,5.53,5.474285714285714,7.45,7.781999999999999,7.864,0.33199999999999996,1.832,,,9.13,3492.4,60.5,654.3104,1010395.04,372003.17,80.426,1407.0,1282.0,,6.8,97.6,195908.0,4851.2,7.3,-9324.0,,11.738,,-0.50575,-0.3594,4864116.0,-203186.0,15634.0,39.9,,,,
1995-02-03,150.9,159.4,67.246,68.587,147.3,105.8,3.0,,,7522.289,11319.951,42654.0,71.193,14.861,5.4,9.9,116694.0,324000.0,,,,66.8,5.92,5.732857142857143,7.272,7.616,7.718000000000001,0.344,1.614,,,8.94,3489.9,57.7,666.3843,1018559.11,378103.38,80.528,1316.0,1254.0,,7.3,95.1,193068.0,4850.8,7.7,-8817.0,,11.612,,-0.54207,-0.3826,4864116.0,-203186.0,-38357.0,39.9,,,,
1995-02-10,150.9,159.4,67.246,68.587,147.3,105.8,3.0,,,7522.289,11319.951,42654.0,71.193,14.861,5.4,9.9,116694.0,324000.0,,,,66.8,5.92,5.9471428571428575,7.2219999999999995,7.556,7.656000000000001,0.33399999999999996,1.592,,,8.8,3489.9,57.7,666.3843,1018559.11,378103.38,80.528,1316.0,1254.0,,7.3,95.1,193068.0,4850.8,7.7,-8817.0,,11.344,,-0.5753,-0.4908,4864116.0,-203186.0,-38357.0,39.9,,,,
1995-02-17,150.9,159.4,67.246,68.587,147.3,105.8,3.0,,,7522.289,11319.951,42654.0,71.193,14.861,5.4,9.9,116694.0,348000.0,,,,66.8,5.92,5.934285714285714,7.148000000000001,7.4799999999999995,7.604000000000001,0.33199999999999996,1.562,,,8.84,3489.9,57.7,666.3843,1018559.11,378103.38,80.528,1316.0,1254.0,,7.3,95.1,193068.0,4850.8,7.7,-8817.0,,11.536,,-0.60247,-0.2228,4864116.0,-203186.0,-38357.0,39.9,,,,
1995-02-24,150.9,159.4,67.246,68.587,147.3,105.8,3.0,,,7522.289,11319.951,42654.0,71.193,14.861,5.4,9.9,116694.0,343000.0,,,,66.8,5.92,5.922857142857143,6.955,7.3625,7.5625,0.4075,1.48,,,8.73,3489.9,57.7,666.3843,1018559.11,378103.38,80.528,1316.0,1254.0,,7.3,95.1,193068.0,4850.8,7.7,-8817.0,,11.3575,,-0.62258,-0.2458,4864116.0,-203186.0,-38357.0,39.9,,,,
1995-03-03,151.2,159.9,67.37,68.755,147.1,105.5,3.2,,,7522.289,11319.951,42654.0,71.3113,15.256,5.4,9.9,116908.0,336000.0,,,,66.7,5.98,5.894285714285714,6.831999999999999,7.2700000000000005,7.492,0.438,1.342,,,8.53,3491.1,57.6,673.4962,1033632.09,385559.92,80.599,1249.0,1226.0,,6.8,90.3,195179.0,4885.4,7.4,-9708.0,,11.876,,-0.63455,-0.2126,4864116.0,-203186.0,-50544.0,39.9,,,,
1995-03-10,151.2,159.9,67.37,68.755,147.1,105.5,3.2,,,7522.289,11319.951,42654.0,71.3113,15.256,5.4,9.9,116908.0,339000.0,,,,66.7,5.98,5.924285714285714,6.909999999999999,7.348000000000001,7.556,0.438,1.404,,,8.62,3491.1,57.6,673.4962,1033632.09,385559.92,80.599,1249.0,1226.0,,6.8,90.3,195179.0,4885.4,7.4,-9708.0,,13.169999999999998,,-0.63953,-0.1343,4864116.0,-203186.0,-50544.0,39.9,,,,
1995-03-17,151.2,159.9,67.37,68.755,147.1,105.5,3.2,,,7522.289,11319.951,42654.0,71.3113,15.256,5.4,9.9,116908.0,347000.0,,,,66.7,5.98,5.952857142857143,6.706,7.108,7.372,0.40199999999999997,1.182,,,8.38,3491.1,57.6,673.4962,1033632.09,385559.92,80.599,1249.0,1226.0,,6.8,90.3,195179.0,4885.4,7.4,-9708.0,,12.084,,-0.64079,-0.2241,4864116.0,-203186.0,-50544.0,39.9,,,,
1995-03-24,151.2,159.9,67.37,68.755,147.1,105.5,3.2,,,7522.289,11319.951,42654.0,71.3113,15.256,5.4,9.9,116908.0,343000.0,,,,66.7,5.98,5.982857142857143,6.708,7.1579999999999995,7.428,0.45,1.258,,,8.4,3491.1,57.6,673.4962,1033632.09,385559.92,80.599,1249.0,1226.0,,6.8,90.3,195179.0,4885.4,7.4,-9708.0,,11.356,,-0.63986,-0.3818,4864116.0,-203186.0,-50544.0,39.9,,,,
1995-03-31,151.2,159.9,67.37,68.755,147.1,105.5,3.2,,,7522.289,11319.951,42654.0,71.3113,15.256,5.4,9.9,116908.0,332000.0,,,,66.7,5.98,6.117142857142857,6.728,7.15,7.401999999999999,0.422,1.288,,,8.38,3491.1,57.6,673.4962,1033632.09,385559.92,80.599,1249.0,1226.0,,6.8,90.3,195179.0,4885.4,7.4,-9708.0,,12.331999999999999,,-0.63991,-0.4672,4864116.0,-203186.0,-50544.0,39.9,,,,
1995-04-07,151.8,160.4,67.547,68.915,148.1,105.6,3.3,,,7580.997,11353.721,42660.0,71.1882,14.378,5.8,10.1,117066.0,335000.0,,,,66.9,6.05,6.118571428571428,6.694,7.116,7.38,0.422,1.228,,,8.41,3499.2,58.9,677.4348,1043695.17,389743.58,80.662,1267.0,1259.0,,6.7,92.5,195310.0,4890.2,6.8,-9609.0,,12.947999999999999,,-0.64255,-0.3196,4951372.0,-203186.0,49722.0,39.9,,,,
1995-04-14,151.8,160.4,67.547,68.915,148.1,105.6,3.3,,,7580.997,11353.721,42660.0,71.1882,14.378,5.8,10.1,117066.0,347000.0,,,,66.9,6.05,6.031428571428571,6.6075,7.075,7.365,0.4675,1.26,,,8.37,3499.2,58.9,677.4348,1043695.17,389743.58,80.662,1267.0,1259.0,,6.7,92.5,195310.0,4890.2,6.8,-9609.0,,12.26,,-0.64922,-0.2596,4951372.0,-203186.0,49722.0,39.9,,,,
1995-04-21,151.8,160.4,67.547,68.915,148.1,105.6,3.3,,,7580.997,11353.721,42660.0,71.1882,14.378,5.8,10.1,117066.0,355000.0,,,,66.9,6.05,6.015714285714286,6.459999999999999,7.034000000000001,7.37,0.5740000000000001,1.244,,,8.24,3499.2,58.9,677.4348,1043695.17,389743.58,80.662,1267.0,1259.0,,6.7,92.5,195310.0,4890.2,6.8,-9609.0,,12.468,,-0.65992,-0.2033,4951372.0,-203186.0,49722.0,39.9,,,,
1995-04-28,151.8,160.4,67.547,68.915,148.1,105.6,3.3,,,7580.997,11353.721,42660.0,71.1882,14.378,5.8,10.1,117066.0,349000.0,,,,66.9,6.05,6.0200000000000005,6.518000000000001,7.0280000000000005,7.328,0.51,1.174,,,8.26,3499.2,58.9,677.4348,1043695.17,389743.58,80.662,1267.0,1259.0,,6.7,92.5,195310.0,4890.2,6.8,-9609.0,,12.058,,-0.67338,-0.4676,4951372.0,-203186.0,49722.0,39.9,,,,
1995-05-05,152.1,160.7,67.651,69.032,148.2,105.8,3.0,,,7580.997,11353.721,42660.0,71.5378,14.806,5.6,10.1,117046.0,365000.0,,,,66.5,6.01,6.031428571428571,6.43,6.926,7.220000000000001,0.496,1.0939999999999999,,,8.27,3524.2,56.7,686.0514,1057470.83,398163.97,80.705,1314.0,1271.0,,6.3,89.8,198060.0,4933.1,7.0,-9090.0,,12.082,,-0.68752,-0.2955,4951372.0,-203186.0,-39555.0,39.9,,,,
1995-05-12,152.1,160.7,67.651,69.032,148.2,105.8,3.0,,,7580.997,11353.721,42660.0,71.5378,14.806,5.6,10.1,117046.0,364000.0,,,,66.5,6.01,5.9957142857142856,6.154,6.664,6.984,0.51,0.834,,,7.87,3524.2,56.7,686.0514,1057470.83,398163.97,80.705,1314.0,1271.0,,6.3,89.8,198060.0,4933.1,7.0,-9090.0,,12.574000000000002,,-0.70063,-0.1762,4951372.0,-203186.0,-39555.0,39.9,,,,
1995-05-19,152.1,160.7,67.651,69.032,148.2,105.8,3.0,,,7580.997,11353.721,42660.0,71.5378,14.806,5.6,10.1,117046.0,366000.0,,,,66.5,6.01,6.007142857142857,6.15,6.587999999999999,6.9,0.438,0.718,,,7.83,3524.2,56.7,686.0514,1057470.83,398163.97,80.705,1314.0,1271.0,,6.3,89.8,198060.0,4933.1,7.0,-9090.0,,12.576,,-0.70946,-0.4165,4951372.0,-203186.0,-39555.0,39.9,,,,
1995-05-26,152.1,160.7,67.651,69.032,148.2,105.8,3.0,,,7580.997,11353.721,42660.0,71.5378,14.806,5.6,10.1,117046.0,377000.0,,,,66.5,6.01,6.001428571428571,6.062,6.486,6.808,0.42400000000000004,0.612,,,7.85,3524.2,56.7,686.0514,1057470.83,398163.97,80.705,1314.0,1271.0,,6.3,89.8,198060.0,4933.1,7.0,-9090.0,,11.664,,-0.71301,-0.3811,4951372.0,-203186.0,-39555.0,39.9,,,,
1995-06-02,152.4,161.1,67.717,69.092,148.3,106.7,2.9,,,7580.997,11353.721,42660.0,71.7749,15.407,5.6,10.1,117291.0,374000.0,,,,66.5,6.0,6.03,5.7575,6.225,6.6175,0.4675,0.5075000000000001,,,7.71,3548.9,57.0,690.3815,1069377.91,406087.43,80.786,1281.0,1305.0,,5.8,92.7,200383.0,4977.5,6.5,-10623.0,,12.64,,-0.71004,-0.065,4951372.0,-203186.0,12813.0,39.9,,,,
1995-06-09,152.4,161.1,67.717,69.092,148.3,106.7,2.9,,,7580.997,11353.721,42660.0,71.7749,15.407,5.6,10.1,117291.0,362000.0,,,,66.5,6.0,6.034285714285715,5.736,6.196,6.5680000000000005,0.4600000000000001,0.46799999999999997,,,7.51,3548.9,57.0,690.3815,1069377.91,406087.43,80.786,1281.0,1305.0,,5.8,92.7,200383.0,4977.5,6.5,-10623.0,,12.988,,-0.70293,-0.2528,4951372.0,-203186.0,12813.0,39.9,,,,
1995-06-16,152.4,161.1,67.717,69.092,148.3,106.7,2.9,,,7580.997,11353.721,42660.0,71.7749,15.407,5.6,10.1,117291.0,367000.0,,,,66.5,6.0,6.0200000000000005,5.752,6.21,6.614,0.458,0.558,,,7.55,3548.9,57.0,690.3815,1069377.91,406087.43,80.786,1281.0,1305.0,,5.8,92.7,200383.0,4977.5,6.5,-10623.0,,11.294,,-0.69236,-0.143,4951372.0,-203186.0,12813.0,39.9,,,,
1995-06-23,152.4,161.1,67.717,69.092,148.3,106.7,2.9,,,7580.997,11353.721,42660.0,71.7749,15.407,5.6,10.1,117291.0,378000.0,,,,66.5,6.0,5.971428571428571,5.66,6.104,6.534000000000001,0.44399999999999995,0.512,,,7.53,3548.9,57.0,690.3815,1069377.91,406087.43,80.786,1281.0,1305.0,,5.8,92.7,200383.0,4977.5,6.5,-10623.0,,11.25,,-0.68218,-0.1164,4951372.0,-203186.0,12813.0,39.9,,,,
1995-06-30,152.4,161.1,67.717,69.092,148.3,106.7,2.9,,,7580.997,11353.721,42660.0,71.7749,15.407,5.6,10.1,117291.0,358000.0,,,,66.5,6.0,5.971428571428572,5.752,6.17,6.58,0.418,0.58,,,7.53,3548.9,57.0,690.3815,1069377.91,406087.43,80.786,1281.0,1305.0,,5.8,92.7,200383.0,4977.5,6.5,-10623.0,,11.776,,-0.67397,-0.2563,4951372.0,-203186.0,12813.0,39.9,,,,
1995-07-07,152.6,161.4,67.802,69.201,148.5,105.8,2.9,,,7683.125,11450.31,42885.0,71.4748,14.7,5.7,10.1,117382.0,355000.0,,,,66.6,5.85,6.177142857142857,5.6675,6.1225000000000005,6.5675,0.45499999999999996,0.515,,,7.63,3567.4,57.4,698.6658,1077737.0,409141.29,80.939,1461.0,1354.0,,5.6,94.4,199110.0,4970.2,6.9,-7688.0,,11.74,,-0.66947,-0.2525,4973983.0,-203186.0,-13582.0,39.9,,,,
1995-07-14,152.6,161.4,67.802,69.201,148.5,105.8,2.9,,,7683.125,11450.31,42885.0,71.4748,14.7,5.7,10.1,117382.0,372000.0,,,,66.6,5.85,5.748571428571429,5.61,6.093999999999999,6.556,0.484,0.538,,,7.41,3567.4,57.4,698.6658,1077737.0,409141.29,80.939,1461.0,1354.0,,5.6,94.4,199110.0,4970.2,6.9,-7688.0,,12.278,,-0.67052,-0.153,4973983.0,-203186.0,-13582.0,39.9,,,,
1995-07-21,152.6,161.4,67.802,69.201,148.5,105.8,2.9,,,7683.125,11450.31,42885.0,71.4748,14.7,5.7,10.1,117382.0,389000.0,,,,66.6,5.85,5.735714285714286,5.858,6.372,6.824,0.514,0.766,,,7.6,3567.4,57.4,698.6658,1077737.0,409141.29,80.939,1461.0,1354.0,,5.6,94.4,199110.0,4970.2,6.9,-7688.0,,12.716,,-0.67516,-0.5211,4973983.0,-203186.0,-13582.0,39.9,,,,
1995-07-28,152.6,161.4,67.802,69.201,148.5,105.8,2.9,,,7683.125,11450.31,42885.0,71.4748,14.7,5.7,10.1,117382.0,390000.0,,,,66.6,5.85,5.752857142857144,5.942,6.458,6.878,0.516,0.8539999999999999,,,7.79,3567.4,57.4,698.6658,1077737.0,409141.29,80.939,1461.0,1354.0,,5.6,94.4,199110.0,4970.2,6.9,-7688.0,,12.972,,-0.68248,-0.3218,4973983.0,-203186.0,-13582.0,39.9,,,,
1995-08-04,152.9,161.8,67.948,69.367,148.6,105.6,2.9,,,7683.125,11450.31,42885.0,72.4223,15.368,5.7,10.1,117646.0,351000.0,,,,66.6,5.74,5.825714285714286,5.906000000000001,6.484,6.894,0.578,0.89,,,7.82,3589.0,56.8,703.1401,1089602.05,417565.74,81.111,1416.0,1386.0,,6.1,96.2,201078.0,5005.3,6.6,-6704.0,,13.540000000000001,,-0.69208,-0.2819,4973983.0,-203186.0,-33849.0,39.9,,,,
1995-08-11,152.9,161.8,67.948,69.367,148.6,105.6,2.9,,,7683.125,11450.31,42885.0,72.4223,15.368,5.7,10.1,117646.0,351000.0,,,,66.6,5.74,5.702857142857143,5.946,6.504,6.918000000000001,0.558,0.9359999999999999,,,7.8,3589.0,56.8,703.1401,1089602.05,417565.74,81.111,1416.0,1386.0,,6.1,96.2,201078.0,5005.3,6.6,-6704.0,,12.962,,-0.70162,-0.3027,4973983.0,-203186.0,-33849.0,39.9,,,,
1995-08-18,152.9,161.8,67.948,69.367,148.6,105.6,2.9,,,7683.125,11450.31,42885.0,72.4223,15.368,5.7,10.1,117646.0,353000.0,,,,66.6,5.74,5.757142857142857,6.096,6.5680000000000005,6.9159999999999995,0.472,0.96,,,7.94,3589.0,56.8,703.1401,1089602.05,417565.74,81.111,1416.0,1386.0,,6.1,96.2,201078.0,5005.3,6.6,-6704.0,,12.440000000000001,,-0.70925,-0.4179,4973983.0,-203186.0,-33849.0,39.9,,,,
1995-08-25,152.9,161.8,67.948,69.367,148.6,105.6,2.9,,,7683.125,11450.31,42885.0,72.4223,15.368,5.7,10.1,117646.0,362000.0,,,,66.6,5.74,5.692857142857143,6.038,6.518000000000001,6.848000000000001,0.48,0.944,,,7.88,3589.0,56.8,703.1401,1089602.05,417565.74,81.111,1416.0,1386.0,,6.1,96.2,201078.0,5005.3,6.6,-6704.0,,12.892,,-0.71418,-0.229,4973983.0,-203186.0,-33849.0,39.9,,,,
1995-09-01,153.1,162.2,67.995,69.458,149.1,104.1,2.8,,,7683.125,11450.31,42885.0,72.7144,15.338,5.6,10.2,117873.0,359000.0,,,,66.6,5.8,5.738571428571428,5.858,6.306,6.676,0.44800000000000006,0.8379999999999999,,,7.76,3602.1,57.2,706.2303,1106612.68,429032.15,81.307,1369.0,1421.0,,6.3,88.9,201337.0,5020.5,6.6,-5924.0,,11.994,,-0.71525,-0.1138,4973983.0,-203186.0,7191.0,39.9,,,,
1995-09-08,153.1,162.2,67.995,69.458,149.1,104.1,2.8,,,7683.125,11450.31,42885.0,72.7144,15.338,5.6,10.2,117873.0,355000.0,,,,66.6,5.8,5.74,5.795,6.2,6.585,0.40499999999999997,0.7024999999999999,,,7.63,3602.1,57.2,706.2303,1106612.68,429032.15,81.307,1369.0,1421.0,,6.3,88.9,201337.0,5020.5,6.6,-5924.0,,11.5775,,-0.71314,-0.2354,4973983.0,-203186.0,7191.0,39.9,,,,
1995-09-15,153.1,162.2,67.995,69.458,149.1,104.1,2.8,,,7683.125,11450.31,42885.0,72.7144,15.338,5.6,10.2,117873.0,371000.0,,,,66.6,5.8,5.765714285714286,5.758,6.154,6.51,0.396,0.6859999999999999,,,7.6,3602.1,57.2,706.2303,1106612.68,429032.15,81.307,1369.0,1421.0,,6.3,88.9,201337.0,5020.5,6.6,-5924.0,,11.4,,-0.70918,-0.3306,4973983.0,-203186.0,7191.0,39.9,,,,
1995-09-22,153.1,162.2,67.995,69.458,149.1,104.1,2.8,,,7683.125,11450.31,42885.0,72.7144,15.338,5.6,10.2,117873.0,376000.0,,,,66.6,5.8,5.74,5.786,6.1739999999999995,6.526000000000001,0.388,0.8019999999999999,,,7.57,3602.1,57.2,706.2303,1106612.68,429032.15,81.307,1369.0,1421.0,,6.3,88.9,201337.0,5020.5,6.6,-5924.0,,12.464,,-0.7037,-0.2657,4973983.0,-203186.0,7191.0,39.9,,,,
1995-09-29,153.1,162.2,67.995,69.458,149.1,104.1,2.8,,,7683.125,11450.31,42885.0,72.7144,15.338,5.6,10.2,117873.0,353000.0,,,,66.6,5.8,5.928571428571429,5.888,6.258,6.57,0.37,0.85,,,7.62,3602.1,57.2,706.2303,1106612.68,429032.15,81.307,1369.0,1421.0,,6.3,88.9,201337.0,5020.5,6.6,-5924.0,,12.844,,-0.69911,-0.3833,4973983.0,-203186.0,7191.0,39.9,,,,
1995-10-06,153.5,162.7,68.171,69.627,149.5,104.4,2.9,,,7772.586,11528.067,43044.0,72.5866,14.861,5.5,10.0,118026.0,355000.0,,,,66.6,5.76,5.872857142857143,5.764,6.104,6.448,0.34,0.62,,,7.57,3613.4,56.4,706.4451,1113528.51,433450.42,81.482,1369.0,1400.0,,6.3,90.2,200597.0,5013.9,7.0,-6114.0,,14.606,,-0.69802,-0.0127,4988665.0,-163952.0,-22758.0,39.9,,,,
1995-10-13,153.5,162.7,68.171,69.627,149.5,104.4,2.9,,,7772.586,11528.067,43044.0,72.5866,14.861,5.5,10.0,118026.0,374000.0,,,,66.6,5.76,5.742857142857143,5.72,6.05,6.395,0.33,0.5875,,,7.5,3613.4,56.4,706.4451,1113528.51,433450.42,81.482,1369.0,1400.0,,6.3,90.2,200597.0,5013.9,7.0,-6114.0,,14.459999999999999,,-0.70013,-0.1819,4988665.0,-163952.0,-22758.0,39.9,,,,
1995-10-20,153.5,162.7,68.171,69.627,149.5,104.4,2.9,,,7772.586,11528.067,43044.0,72.5866,14.861,5.5,10.0,118026.0,369000.0,,,,66.6,5.76,5.692857142857143,5.676,5.99,6.32,0.314,0.5559999999999999,,,7.38,3613.4,56.4,706.4451,1113528.51,433450.42,81.482,1369.0,1400.0,,6.3,90.2,200597.0,5013.9,7.0,-6114.0,,13.942000000000002,,-0.70614,-0.1357,4988665.0,-163952.0,-22758.0,39.9,,,,
1995-10-27,153.5,162.7,68.171,69.627,149.5,104.4,2.9,,,7772.586,11528.067,43044.0,72.5866,14.861,5.5,10.0,118026.0,366000.0,,,,66.6,5.76,5.767142857142857,5.6659999999999995,6.04,6.351999999999999,0.374,0.6519999999999999,,,7.45,3613.4,56.4,706.4451,1113528.51,433450.42,81.482,1369.0,1400.0,,6.3,90.2,200597.0,5013.9,7.0,-6114.0,,14.546000000000001,,-0.71525,-0.0732,4988665.0,-163952.0,-22758.0,39.9,,,,
1995-11-03,153.7,163.0,68.169,69.672,149.6,103.4,2.8,,,7772.586,11528.067,43044.0,72.7779,15.38,5.6,10.1,118165.0,377000.0,,,,66.5,5.8,5.75,5.54,5.982,6.302,0.442,0.508,,,7.44,3619.9,56.4,712.7022,1132160.17,436740.16,81.619,1452.0,1430.0,,6.8,88.2,203545.0,5055.6,6.4,-6514.0,,13.39,,-0.72716,-0.1584,4988665.0,-163952.0,-38452.0,39.9,,,,
1995-11-10,153.7,163.0,68.169,69.672,149.6,103.4,2.8,,,7772.586,11528.067,43044.0,72.7779,15.38,5.6,10.1,118165.0,380000.0,,,,66.5,5.8,5.718571428571429,5.506,5.968,6.294,0.462,0.42800000000000005,,,7.37,3619.9,56.4,712.7022,1132160.17,436740.16,81.619,1452.0,1430.0,,6.8,88.2,203545.0,5055.6,6.4,-6514.0,,12.676,,-0.73932,-0.3478,4988665.0,-163952.0,-38452.0,39.9,,,,
1995-11-17,153.7,163.0,68.169,69.672,149.6,103.4,2.8,,,7772.586,11528.067,43044.0,72.7779,15.38,5.6,10.1,118165.0,370000.0,,,,66.5,5.8,5.755714285714285,5.482,5.96,6.2700000000000005,0.47800000000000004,0.414,,,7.35,3619.9,56.4,712.7022,1132160.17,436740.16,81.619,1452.0,1430.0,,6.8,88.2,203545.0,5055.6,6.4,-6514.0,,12.918000000000001,,-0.74862,-0.357,4988665.0,-163952.0,-38452.0,39.9,,,,
1995-11-24,153.7,163.0,68.169,69.672,149.6,103.4,2.8,,,7772.586,11528.067,43044.0,72.7779,15.38,5.6,10.1,118165.0,379000.0,,,,66.5,5.8,5.914285714285714,5.4875,5.922499999999999,6.2625,0.435,0.4175,,,7.35,3619.9,56.4,712.7022,1132160.17,436740.16,81.619,1452.0,1430.0,,6.8,88.2,203545.0,5055.6,6.4,-6514.0,,11.9475,,-0.75446,-0.4974,4988665.0,-163952.0,-38452.0,39.9,,,,
1995-12-01,153.9,163.1,68.3,69.77,149.9,104.4,2.7,,,7772.586,11528.067,43044.0,73.0305,16.262,5.6,10.0,118325.0,379000.0,,,,66.4,5.6,5.827142857142857,5.402,5.816,6.186,0.41200000000000003,0.324,,,7.33,3629.5,57.9,715.1002,1140744.36,443920.09,81.737,1431.0,1442.0,,6.4,91.0,204032.0,5097.5,6.0,-6271.0,,11.668000000000001,,-0.75595,-0.3151,4988665.0,-163952.0,5283.0,39.9,,,,
1995-12-08,153.9,163.1,68.3,69.77,149.9,104.4,2.7,,,7772.586,11528.067,43044.0,73.0305,16.262,5.6,10.0,118325.0,373000.0,,,,66.4,5.6,5.731428571428571,5.332,5.68,6.042,0.348,0.198,,,7.18,3629.5,57.9,715.1002,1140744.36,443920.09,81.737,1431.0,1442.0,,6.4,91.0,204032.0,5097.5,6.0,-6271.0,,11.774,,-0.75393,-0.4064,4988665.0,-163952.0,5283.0,39.9,,,,
1995-12-15,153.9,163.1,68.3,69.77,149.9,104.4,2.7,,,7772.586,11528.067,43044.0,73.0305,16.262,5.6,10.0,118325.0,346000.0,,,,66.4,5.6,5.74,5.38,5.732,6.066,0.352,0.322,,,7.15,3629.5,57.9,715.1002,1140744.36,443920.09,81.737,1431.0,1442.0,,6.4,91.0,204032.0,5097.5,6.0,-6271.0,,10.912,,-0.74953,-0.4171,4988665.0,-163952.0,5283.0,39.9,,,,
1995-12-22,153.9,163.1,68.3,69.77,149.9,104.4,2.7,,,7772.586,11528.067,43044.0,73.0305,16.262,5.6,10.0,118325.0,373000.0,,,,66.4,5.6,5.838571428571429,5.346,5.779999999999999,6.1240000000000006,0.434,0.62,,,7.23,3629.5,57.9,715.1002,1140744.36,443920.09,81.737,1431.0,1442.0,,6.4,91.0,204032.0,5097.5,6.0,-6271.0,,12.437999999999999,,-0.74591,-0.2339,4988665.0,-163952.0,5283.0,39.9,,,,
1995-12-29,153.9,163.1,68.3,69.77,149.9,104.4,2.7,,,7772.586,11528.067,43044.0,73.0305,16.262,5.6,10.0,118325.0,374000.0,,,,66.4,5.6,5.352857142857142,5.22,5.640000000000001,5.9975000000000005,0.42,0.5975,,,7.11,3629.5,57.9,715.1002,1140744.36,443920.09,81.737,1431.0,1442.0,,6.4,91.0,204032.0,5097.5,6.0,-6271.0,,12.06,,-0.74559,0.0586,4988665.0,-163952.0,5283.0,39.9,,,,
1996-01-05,154.7,163.7,68.452,69.849,150.4,106.9,2.8,,,7868.468,11614.418,43259.0,72.6125,14.812,5.6,9.8,118317.0,359000.0,,,,66.4,5.56,5.475714285714285,5.18,5.63,6.0024999999999995,0.44999999999999996,0.435,,,7.02,3647.9,56.9,721.7298,1153270.3,449994.68,81.835,1467.0,1387.0,,6.4,89.3,203793.0,5085.7,6.5,-8465.0,,12.9125,,-0.7514,-0.456,5117786.0,-163952.0,19456.0,40.3,,,,
1996-01-12,154.7,163.7,68.452,69.849,150.4,106.9,2.8,,,7868.468,11614.418,43259.0,72.6125,14.812,5.6,9.8,118317.0,361000.0,,,,66.4,5.56,5.511428571428572,5.1979999999999995,5.742,6.116,0.5439999999999999,0.558,,,7.08,3647.9,56.9,721.7298,1153270.3,449994.68,81.835,1467.0,1387.0,,6.4,89.3,203793.0,5085.7,6.5,-8465.0,,14.728,,-0.76181,-0.1976,5117786.0,-163952.0,19456.0,40.3,,,,
1996-01-19,154.7,163.7,68.452,69.849,150.4,106.9,2.8,,,7868.468,11614.418,43259.0,72.6125,14.812,5.6,9.8,118317.0,333000.0,,,,66.4,5.56,5.594285714285713,5.0425,5.577500000000001,6.01,0.535,0.455,,,7.02,3647.9,56.9,721.7298,1153270.3,449994.68,81.835,1467.0,1387.0,,6.4,89.3,203793.0,5085.7,6.5,-8465.0,,13.922,,-0.7766,-0.1839,5117786.0,-163952.0,19456.0,40.3,,,,
1996-01-26,154.7,163.7,68.452,69.849,150.4,106.9,2.8,,,7868.468,11614.418,43259.0,72.6125,14.812,5.6,9.8,118317.0,415000.0,,,,66.4,5.56,5.467142857142858,5.086,5.648000000000001,6.0600000000000005,0.562,0.526,,,7.0,3647.9,56.9,721.7298,1153270.3,449994.68,81.835,1467.0,1387.0,,6.4,89.3,203793.0,5085.7,6.5,-8465.0,,12.876,,-0.7942,-0.4105,5117786.0,-163952.0,19456.0,40.3,,,,
1996-02-02,155.0,164.0,68.56,69.94,150.8,107.1,2.8,,,7868.468,11614.418,43259.0,73.6752,15.587,5.5,10.0,118738.0,387000.0,,,,66.6,5.22,5.4471428571428575,4.976,5.642,6.078,0.666,0.5660000000000001,,,7.02,3661.8,53.8,723.945,1163093.78,455597.38,81.955,1491.0,1420.0,,5.3,88.5,206875.0,5132.8,6.6,-7319.0,,12.604,,-0.81058,-0.401,5117786.0,-163952.0,-44346.0,40.3,,,,
1996-02-09,155.0,164.0,68.56,69.94,150.8,107.1,2.8,,,7868.468,11614.418,43259.0,73.6752,15.587,5.5,10.0,118738.0,374000.0,,,,66.6,5.22,5.1899999999999995,4.91,5.672,6.128,0.762,0.718,,,7.02,3661.8,53.8,723.945,1163093.78,455597.38,81.955,1491.0,1420.0,,5.3,88.5,206875.0,5132.8,6.6,-7319.0,,14.136000000000001,,-0.82176,-0.2933,5117786.0,-163952.0,-44346.0,40.3,,,,
1996-02-16,155.0,164.0,68.56,69.94,150.8,107.1,2.8,,,7868.468,11614.418,43259.0,73.6752,15.587,5.5,10.0,118738.0,387000.0,,,,66.6,5.22,5.114285714285714,4.843999999999999,5.654,6.106,0.8099999999999999,0.732,,,6.94,3661.8,53.8,723.945,1163093.78,455597.38,81.955,1491.0,1420.0,,5.3,88.5,206875.0,5132.8,6.6,-7319.0,,15.344,,-0.82594,-0.2894,5117786.0,-163952.0,-44346.0,40.3,,,,
1996-02-23,155.0,164.0,68.56,69.94,150.8,107.1,2.8,,,7868.468,11614.418,43259.0,73.6752,15.587,5.5,10.0,118738.0,383000.0,,,,66.6,5.22,5.14,5.145,5.97,6.39,0.825,1.0025,,,7.32,3661.8,53.8,723.945,1163093.78,455597.38,81.955,1491.0,1420.0,,5.3,88.5,206875.0,5132.8,6.6,-7319.0,,15.1525,,-0.82169,-0.548,5117786.0,-163952.0,-44346.0,40.3,,,,
1996-03-01,155.5,164.4,68.767,70.102,151.4,108.3,2.9,,,7868.468,11614.418,43259.0,73.585,16.044,5.5,9.9,118992.0,365000.0,,,,66.6,5.31,5.53,5.318,6.0600000000000005,6.452,0.742,1.06,,,7.41,3686.9,54.9,727.1887,1171684.26,461591.95,82.195,1424.0,1437.0,,6.2,93.7,207650.0,5173.3,6.4,-7756.0,,16.698,,-0.80823,-0.497,5117786.0,-163952.0,-47071.0,40.3,,,,
1996-03-08,155.5,164.4,68.767,70.102,151.4,108.3,2.9,,,7868.468,11614.418,43259.0,73.585,16.044,5.5,9.9,118992.0,368000.0,,,,66.6,5.31,5.361428571428571,5.396,6.082,6.465999999999999,0.686,1.06,,,7.38,3686.9,54.9,727.1887,1171684.26,461591.95,82.195,1424.0,1437.0,,6.2,93.7,207650.0,5173.3,6.4,-7756.0,,17.304,,-0.78899,-0.1062,5117786.0,-163952.0,-47071.0,40.3,,,,
1996-03-15,155.5,164.4,68.767,70.102,151.4,108.3,2.9,,,7868.468,11614.418,43259.0,73.585,16.044,5.5,9.9,118992.0,361000.0,,,,66.6,5.31,5.327142857142857,5.758,6.372,6.68,0.614,1.268,,,7.83,3686.9,54.9,727.1887,1171684.26,461591.95,82.195,1424.0,1437.0,,6.2,93.7,207650.0,5173.3,6.4,-7756.0,,18.018,,-0.76539,-0.3344,5117786.0,-163952.0,-47071.0,40.3,,,,
1996-03-22,155.5,164.4,68.767,70.102,151.4,108.3,2.9,,,7868.468,11614.418,43259.0,73.585,16.044,5.5,9.9,118992.0,384000.0,,,,66.6,5.31,5.271428571428571,5.792,6.356,6.6659999999999995,0.5640000000000001,1.218,,,7.81,3686.9,54.9,727.1887,1171684.26,461591.95,82.195,1424.0,1437.0,,6.2,93.7,207650.0,5173.3,6.4,-7756.0,,17.822,,-0.74207,-0.1939,5117786.0,-163952.0,-47071.0,40.3,,,,
1996-03-29,155.5,164.4,68.767,70.102,151.4,108.3,2.9,,,7868.468,11614.418,43259.0,73.585,16.044,5.5,9.9,118992.0,426000.0,,,,66.6,5.31,5.244285714285715,5.7780000000000005,6.32,6.65,0.542,1.17,,,7.69,3686.9,54.9,727.1887,1171684.26,461591.95,82.195,1424.0,1437.0,,6.2,93.7,207650.0,5173.3,6.4,-7756.0,,18.113999999999997,,-0.72063,-0.1497,5117786.0,-163952.0,-47071.0,40.3,,,,
1996-04-05,156.1,164.6,68.973,70.197,152.0,111.2,3.0,,,8032.84,11808.14,43856.0,74.3172,15.466,5.6,10.0,119158.0,393000.0,,,,66.7,5.22,5.244285714285715,5.843999999999999,6.346,6.68,0.502,1.192,,,7.78,3697.7,55.9,731.9809,1180903.1,465781.59,82.421,1516.0,1463.0,,6.0,92.7,209294.0,5208.0,5.5,-8744.0,,16.715,,-0.70352,-0.1761,5161076.0,-163952.0,72404.0,40.3,,,,
1996-04-12,156.1,164.6,68.973,70.197,152.0,111.2,3.0,,,8032.84,11808.14,43856.0,74.3172,15.466,5.6,10.0,119158.0,369000.0,,,,66.7,5.22,5.142857142857143,6.07,6.603999999999999,6.878,0.534,1.506,,,8.05,3697.7,55.9,731.9809,1180903.1,465781.59,82.421,1516.0,1463.0,,6.0,92.7,209294.0,5208.0,5.5,-8744.0,,18.657999999999998,,-0.69122,-0.107,5161076.0,-163952.0,72404.0,40.3,,,,
1996-04-19,156.1,164.6,68.973,70.197,152.0,111.2,3.0,,,8032.84,11808.14,43856.0,74.3172,15.466,5.6,10.0,119158.0,357000.0,,,,66.7,5.22,5.2,5.954,6.516,6.803999999999999,0.562,1.542,,,7.95,3697.7,55.9,731.9809,1180903.1,465781.59,82.421,1516.0,1463.0,,6.0,92.7,209294.0,5208.0,5.5,-8744.0,,16.375999999999998,,-0.68574,0.0855,5161076.0,-163952.0,72404.0,40.3,,,,
1996-04-26,156.1,164.6,68.973,70.197,152.0,111.2,3.0,,,8032.84,11808.14,43856.0,74.3172,15.466,5.6,10.0,119158.0,368000.0,,,,66.7,5.22,5.275714285714286,5.942,6.534000000000001,6.787999999999999,0.592,1.43,,,7.92,3697.7,55.9,731.9809,1180903.1,465781.59,82.421,1516.0,1463.0,,6.0,92.7,209294.0,5208.0,5.5,-8744.0,,14.953999999999999,,-0.68708,-0.2157,5161076.0,-163952.0,72404.0,40.3,,,,
1996-05-03,156.4,165.0,69.092,70.319,151.9,112.0,3.1,,,8032.84,11808.14,43856.0,74.8726,15.993,5.6,9.8,119497.0,343000.0,,,,66.7,5.24,5.285714285714286,6.08,6.736,6.959999999999999,0.6559999999999999,1.6039999999999999,,,7.99,3709.6,53.2,736.1981,1191113.69,470659.79,82.61,1504.0,1457.0,,5.9,89.4,211157.0,5223.8,6.5,-9259.0,,16.534,,-0.69273,-0.2372,5161076.0,-163952.0,-53051.0,40.3,,,,
1996-05-10,156.4,165.0,69.092,70.319,151.9,112.0,3.1,,,8032.84,11808.14,43856.0,74.8726,15.993,5.6,9.8,119497.0,338000.0,,,,66.7,5.24,5.224285714285714,6.136,6.82,7.0200000000000005,0.6839999999999999,1.686,,,8.24,3709.6,53.2,736.1981,1191113.69,470659.79,82.61,1504.0,1457.0,,5.9,89.4,211157.0,5223.8,6.5,-9259.0,,16.434,,-0.70114,-0.1379,5161076.0,-163952.0,-53051.0,40.3,,,,
1996-05-17,156.4,165.0,69.092,70.319,151.9,112.0,3.1,,,8032.84,11808.14,43856.0,74.8726,15.993,5.6,9.8,119497.0,352000.0,,,,66.7,5.24,5.251428571428571,6.04,6.676,6.866,0.636,1.53,,,8.08,3709.6,53.2,736.1981,1191113.69,470659.79,82.61,1504.0,1457.0,,5.9,89.4,211157.0,5223.8,6.5,-9259.0,,15.298000000000002,,-0.70992,-0.1983,5161076.0,-163952.0,-53051.0,40.3,,,,
1996-05-24,156.4,165.0,69.092,70.319,151.9,112.0,3.1,,,8032.84,11808.14,43856.0,74.8726,15.993,5.6,9.8,119497.0,345000.0,,,,66.7,5.24,5.2128571428571435,6.032,6.646000000000001,6.837999999999999,0.614,1.468,,,8.01,3709.6,53.2,736.1981,1191113.69,470659.79,82.61,1504.0,1457.0,,5.9,89.4,211157.0,5223.8,6.5,-9259.0,,15.802000000000001,,-0.71606,-0.2836,5161076.0,-163952.0,-53051.0,40.3,,,,
1996-05-31,156.4,165.0,69.092,70.319,151.9,112.0,3.1,,,8032.84,11808.14,43856.0,74.8726,15.993,5.6,9.8,119497.0,343000.0,,,,66.7,5.24,5.234285714285714,6.165,6.7675,6.9275,0.6025,1.59,,,8.03,3709.6,53.2,736.1981,1191113.69,470659.79,82.61,1504.0,1457.0,,5.9,89.4,211157.0,5223.8,6.5,-9259.0,,16.54,,-0.71847,-0.3544,5161076.0,-163952.0,-53051.0,40.3,,,,
1996-06-07,156.7,165.4,69.091,70.373,152.9,110.3,2.9,,,8032.84,11808.14,43856.0,75.4433,15.256,5.3,9.7,119770.0,340000.0,,,,66.7,5.27,5.304285714285714,6.26,6.848000000000001,6.986,0.588,1.6239999999999999,,,8.3,3722.5,53.7,741.3047,1200950.02,474262.36,82.752,1467.0,1429.0,,6.0,92.4,209474.0,5229.8,6.9,-7460.0,,16.404,,-0.71645,-0.2837,5161076.0,-163952.0,34340.0,40.3,,,,
1996-06-14,156.7,165.4,69.091,70.373,152.9,110.3,2.9,,,8032.84,11808.14,43856.0,75.4433,15.256,5.3,9.7,119770.0,351000.0,,,,66.7,5.27,5.251428571428571,6.362,6.99,7.132,0.628,1.736,,,8.39,3722.5,53.7,741.3047,1200950.02,474262.36,82.752,1467.0,1429.0,,6.0,92.4,209474.0,5229.8,6.9,-7460.0,,17.244,,-0.71225,-0.2349,5161076.0,-163952.0,34340.0,40.3,,,,
1996-06-21,156.7,165.4,69.091,70.373,152.9,110.3,2.9,,,8032.84,11808.14,43856.0,75.4433,15.256,5.3,9.7,119770.0,342000.0,,,,66.7,5.27,5.45,6.318,6.946000000000001,7.1,0.628,1.716,,,8.3,3722.5,53.7,741.3047,1200950.02,474262.36,82.752,1467.0,1429.0,,6.0,92.4,209474.0,5229.8,6.9,-7460.0,,17.044,,-0.70685,-0.2372,5161076.0,-163952.0,34340.0,40.3,,,,
1996-06-28,156.7,165.4,69.091,70.373,152.9,110.3,2.9,,,8032.84,11808.14,43856.0,75.4433,15.256,5.3,9.7,119770.0,341000.0,,,,66.7,5.27,5.1657142857142855,6.248,6.864,7.018000000000001,0.616,1.6460000000000001,,,8.29,3722.5,53.7,741.3047,1200950.02,474262.36,82.752,1467.0,1429.0,,6.0,92.4,209474.0,5229.8,6.9,-7460.0,,14.888,,-0.70258,-0.0469,5161076.0,-163952.0,34340.0,40.3,,,,
1996-07-05,157.0,165.7,69.237,70.505,153.4,110.1,3.0,,,8131.408,11914.063,44105.0,75.4549,15.074,5.5,9.7,120019.0,337000.0,,,,66.9,5.4,5.590000000000001,6.2525,6.845,6.995,0.5925,1.56,,,8.14,3737.1,52.9,745.2041,1211897.36,479267.01,82.929,1472.0,1450.0,,5.7,94.7,210827.0,5251.9,6.5,-10132.0,,14.567499999999999,,-0.70003,-0.4736,5224811.0,-163952.0,-26856.0,40.3,,,,
1996-07-12,157.0,165.7,69.237,70.505,153.4,110.1,3.0,,,8131.408,11914.063,44105.0,75.4549,15.074,5.5,9.7,120019.0,342000.0,,,,66.9,5.4,5.217142857142856,6.343999999999999,6.95,7.108,0.606,1.6460000000000001,,,8.42,3737.1,52.9,745.2041,1211897.36,479267.01,82.929,1472.0,1450.0,,5.7,94.7,210827.0,5251.9,6.5,-10132.0,,16.464,,-0.70045,0.0124,5224811.0,-163952.0,-26856.0,40.3,,,,
1996-07-19,157.0,165.7,69.237,70.505,153.4,110.1,3.0,,,8131.408,11914.063,44105.0,75.4549,15.074,5.5,9.7,120019.0,347000.0,,,,66.9,5.4,5.247142857142856,6.224,6.812,7.002,0.588,1.536,,,8.23,3737.1,52.9,745.2041,1211897.36,479267.01,82.929,1472.0,1450.0,,5.7,94.7,210827.0,5251.9,6.5,-10132.0,,18.924,,-0.70517,0.0093,5224811.0,-163952.0,-26856.0,40.3,,,,
1996-07-26,157.0,165.7,69.237,70.505,153.4,110.1,3.0,,,8131.408,11914.063,44105.0,75.4549,15.074,5.5,9.7,120019.0,332000.0,,,,66.9,5.4,5.277142857142857,6.25,6.845999999999999,7.016,0.596,1.548,,,8.19,3737.1,52.9,745.2041,1211897.36,479267.01,82.929,1472.0,1450.0,,5.7,94.7,210827.0,5251.9,6.5,-10132.0,,20.048000000000002,,-0.7134,-0.1397,5224811.0,-163952.0,-26856.0,40.3,,,,
1996-08-02,157.2,166.0,69.303,70.566,153.9,109.7,3.1,,,8131.408,11914.063,44105.0,75.8411,15.486,5.1,9.4,120198.0,327000.0,,,,66.7,5.22,5.6571428571428575,6.1659999999999995,6.756,6.94,0.59,1.458,,,8.23,3744.0,51.7,748.1998,1220503.0,483293.11,83.087,1557.0,1413.0,,5.0,95.3,210846.0,5275.0,6.4,-10357.0,,19.006,,-0.72314,-0.2149,5224811.0,-163952.0,-41831.0,40.3,,,,
1996-08-09,157.2,166.0,69.303,70.566,153.9,109.7,3.1,,,8131.408,11914.063,44105.0,75.8411,15.486,5.1,9.4,120198.0,326000.0,,,,66.7,5.22,5.178571428571429,5.946,6.536,6.75,0.59,1.362,,,7.88,3744.0,51.7,748.1998,1220503.0,483293.11,83.087,1557.0,1413.0,,5.0,95.3,210846.0,5275.0,6.4,-10357.0,,16.468,,-0.73411,0.137,5224811.0,-163952.0,-41831.0,40.3,,,,
1996-08-16,157.2,166.0,69.303,70.566,153.9,109.7,3.1,,,8131.408,11914.063,44105.0,75.8411,15.486,5.1,9.4,120198.0,331000.0,,,,66.7,5.22,5.158571428571428,5.962,6.564,6.7700000000000005,0.602,1.388,,,7.88,3744.0,51.7,748.1998,1220503.0,483293.11,83.087,1557.0,1413.0,,5.0,95.3,210846.0,5275.0,6.4,-10357.0,,15.642000000000001,,-0.74229,-0.3028,5224811.0,-163952.0,-41831.0,40.3,,,,
1996-08-23,157.2,166.0,69.303,70.566,153.9,109.7,3.1,,,8131.408,11914.063,44105.0,75.8411,15.486,5.1,9.4,120198.0,336000.0,,,,66.7,5.22,5.147142857142858,6.004,6.626,6.840000000000001,0.622,1.464,,,7.93,3744.0,51.7,748.1998,1220503.0,483293.11,83.087,1557.0,1413.0,,5.0,95.3,210846.0,5275.0,6.4,-10357.0,,14.482,,-0.74666,-0.3346,5224811.0,-163952.0,-41831.0,40.3,,,,
1996-08-30,157.2,166.0,69.303,70.566,153.9,109.7,3.1,,,8131.408,11914.063,44105.0,75.8411,15.486,5.1,9.4,120198.0,337000.0,,,,66.7,5.22,5.2299999999999995,6.218,6.837999999999999,7.0280000000000005,0.62,1.61,,,8.09,3744.0,51.7,748.1998,1220503.0,483293.11,83.087,1557.0,1413.0,,5.0,95.3,210846.0,5275.0,6.4,-10357.0,,15.764,,-0.74666,-0.4116,5224811.0,-163952.0,-41831.0,40.3,,,,
1996-09-06,157.7,166.5,69.499,70.78,154.6,109.8,3.2,,,8131.408,11914.063,44105.0,76.3158,15.534,5.2,9.5,120400.0,329000.0,,,,66.9,5.3,5.36,6.359999999999999,6.945,7.11,0.585,1.6175000000000002,,,8.34,3753.4,51.0,758.824,1225271.76,486284.81,83.257,1475.0,1392.0,,5.2,94.7,213233.0,5296.6,6.4,-10195.0,,18.68,,-0.74282,-0.2371,5224811.0,-163952.0,35257.0,40.3,,,,
1996-09-13,157.7,166.5,69.499,70.78,154.6,109.8,3.2,,,8131.408,11914.063,44105.0,76.3158,15.534,5.2,9.5,120400.0,333000.0,,,,66.9,5.3,5.2057142857142855,6.273999999999999,6.88,7.072,0.606,1.6039999999999999,,,8.28,3753.4,51.0,758.824,1225271.76,486284.81,83.257,1475.0,1392.0,,5.2,94.7,213233.0,5296.6,6.4,-10195.0,,15.968,,-0.73823,-0.1606,5224811.0,-163952.0,35257.0,40.3,,,,
1996-09-20,157.7,166.5,69.499,70.78,154.6,109.8,3.2,,,8131.408,11914.063,44105.0,76.3158,15.534,5.2,9.5,120400.0,338000.0,,,,66.9,5.3,5.218571428571429,6.234,6.8180000000000005,7.0120000000000005,0.584,1.552,,,8.14,3753.4,51.0,758.824,1225271.76,486284.81,83.257,1475.0,1392.0,,5.2,94.7,213233.0,5296.6,6.4,-10195.0,,15.742,,-0.73434,-0.2043,5224811.0,-163952.0,35257.0,40.3,,,,
1996-09-27,157.7,166.5,69.499,70.78,154.6,109.8,3.2,,,8131.408,11914.063,44105.0,76.3158,15.534,5.2,9.5,120400.0,352000.0,,,,66.9,5.3,5.321428571428571,6.12,6.7299999999999995,6.946,0.61,1.612,,,8.16,3753.4,51.0,758.824,1225271.76,486284.81,83.257,1475.0,1392.0,,5.2,94.7,213233.0,5296.6,6.4,-10195.0,,16.268,,-0.73317,-0.029,5224811.0,-163952.0,35257.0,40.3,,,,
1996-10-04,158.2,166.8,69.709,70.948,155.5,110.5,3.0,,,8259.771,12037.775,44421.0,76.3384,15.308,5.2,9.5,120665.0,348000.0,,,,67.0,5.24,5.355714285714286,5.992,6.614,6.845999999999999,0.622,1.55,,,8.06,3772.8,49.6,766.2964,1231336.1,490441.62,83.377,1392.0,1358.0,,5.6,96.5,215526.0,5328.5,6.1,-6635.0,,16.47,,-0.73638,-0.0004,5323172.0,-107431.0,-39805.0,40.3,,,,
1996-10-11,158.2,166.8,69.709,70.948,155.5,110.5,3.0,,,8259.771,12037.775,44421.0,76.3384,15.308,5.2,9.5,120665.0,335000.0,,,,67.0,5.24,5.175714285714286,5.936,6.554,6.8260000000000005,0.618,1.428,,,7.86,3772.8,49.6,766.2964,1231336.1,490441.62,83.377,1392.0,1358.0,,5.6,96.5,215526.0,5328.5,6.1,-6635.0,,15.622,,-0.7441,-0.0539,5323172.0,-107431.0,-39805.0,40.3,,,,
1996-10-18,158.2,166.8,69.709,70.948,155.5,110.5,3.0,,,8259.771,12037.775,44421.0,76.3384,15.308,5.2,9.5,120665.0,334000.0,,,,67.0,5.24,5.2,5.9125,6.535,6.8275,0.6225,1.3975,,,7.88,3772.8,49.6,766.2964,1231336.1,490441.62,83.377,1392.0,1358.0,,5.6,96.5,215526.0,5328.5,6.1,-6635.0,,15.41,,-0.7546,-0.1414,5323172.0,-107431.0,-39805.0,40.3,,,,
1996-10-25,158.2,166.8,69.709,70.948,155.5,110.5,3.0,,,8259.771,12037.775,44421.0,76.3384,15.308,5.2,9.5,120665.0,335000.0,,,,67.0,5.24,5.2542857142857144,5.928,6.55,6.8340000000000005,0.622,1.408,,,7.86,3772.8,49.6,766.2964,1231336.1,490441.62,83.377,1392.0,1358.0,,5.6,96.5,215526.0,5328.5,6.1,-6635.0,,16.601999999999997,,-0.76652,-0.2021,5323172.0,-107431.0,-39805.0,40.3,,,,
1996-11-01,158.7,167.2,69.833,71.041,156.1,111.8,3.0,,,8259.771,12037.775,44421.0,77.0397,15.712,5.4,9.4,120947.0,352000.0,,,,67.0,5.31,5.311428571428571,5.808,6.422,6.712000000000001,0.614,1.26,,,7.78,3795.1,49.7,772.1146,1242421.91,497511.48,83.553,1489.0,1412.0,,5.2,99.2,215167.0,5351.2,6.2,-7268.0,,18.22,,-0.77762,-0.0803,5323172.0,-107431.0,-37878.0,40.3,,,,
1996-11-08,158.7,167.2,69.833,71.041,156.1,111.8,3.0,,,8259.771,12037.775,44421.0,77.0397,15.712,5.4,9.4,120947.0,334000.0,,,,67.0,5.31,5.262857142857143,5.758,6.298,6.574,0.54,1.124,,,7.67,3795.1,49.7,772.1146,1242421.91,497511.48,83.553,1489.0,1412.0,,5.2,99.2,215167.0,5351.2,6.2,-7268.0,,17.13,,-0.78537,-0.2696,5323172.0,-107431.0,-37878.0,40.3,,,,
1996-11-15,158.7,167.2,69.833,71.041,156.1,111.8,3.0,,,8259.771,12037.775,44421.0,77.0397,15.712,5.4,9.4,120947.0,327000.0,,,,67.0,5.31,5.2700000000000005,5.695,6.1825,6.445,0.4875,1.0125,,,7.59,3795.1,49.7,772.1146,1242421.91,497511.48,83.553,1489.0,1412.0,,5.2,99.2,215167.0,5351.2,6.2,-7268.0,,14.488,,-0.78753,-0.2516,5323172.0,-107431.0,-37878.0,40.3,,,,
1996-11-22,158.7,167.2,69.833,71.041,156.1,111.8,3.0,,,8259.771,12037.775,44421.0,77.0397,15.712,5.4,9.4,120947.0,342000.0,,,,67.0,5.31,5.364285714285715,5.678,6.162000000000001,6.434,0.484,0.986,,,7.53,3795.1,49.7,772.1146,1242421.91,497511.48,83.553,1489.0,1412.0,,5.2,99.2,215167.0,5351.2,6.2,-7268.0,,15.396,,-0.78349,-0.351,5323172.0,-107431.0,-37878.0,40.3,,,,
1996-11-29,158.7,167.2,69.833,71.041,156.1,111.8,3.0,,,8259.771,12037.775,44421.0,77.0397,15.712,5.4,9.4,120947.0,347000.0,,,,67.0,5.31,5.345714285714286,5.645,6.115,6.4125,0.47,0.96,,,7.52,3795.1,49.7,772.1146,1242421.91,497511.48,83.553,1489.0,1412.0,,5.2,99.2,215167.0,5351.2,6.2,-7268.0,,16.745,,-0.77296,-0.3173,5323172.0,-107431.0,-37878.0,40.3,,,,
1996-12-06,159.1,167.4,69.914,71.068,156.3,113.9,3.0,,,8259.771,12037.775,44421.0,77.5333,15.183,5.4,9.6,121143.0,332000.0,,,,67.0,5.29,5.475714285714285,5.66,6.146,6.428,0.48599999999999993,1.1,,,7.44,3818.6,51.2,778.5077,1253437.09,507516.57,83.721,1370.0,1411.0,,5.0,96.9,215690.0,5378.6,6.1,-10475.0,,18.3,,-0.7574,-0.1253,5323172.0,-107431.0,18490.0,40.3,,,,
1996-12-13,159.1,167.4,69.914,71.068,156.3,113.9,3.0,,,8259.771,12037.775,44421.0,77.5333,15.183,5.4,9.6,121143.0,355000.0,,,,67.0,5.29,5.214285714285714,5.768,6.3100000000000005,6.56,0.542,1.3559999999999999,,,7.57,3818.6,51.2,778.5077,1253437.09,507516.57,83.721,1370.0,1411.0,,5.0,96.9,215690.0,5378.6,6.1,-10475.0,,19.369999999999997,,-0.73943,0.0143,5323172.0,-107431.0,18490.0,40.3,,,,
1996-12-20,159.1,167.4,69.914,71.068,156.3,113.9,3.0,,,8259.771,12037.775,44421.0,77.5333,15.183,5.4,9.6,121143.0,352000.0,,,,67.0,5.29,5.362857142857143,5.848000000000001,6.396,6.634,0.548,1.3900000000000001,,,7.74,3818.6,51.2,778.5077,1253437.09,507516.57,83.721,1370.0,1411.0,,5.0,96.9,215690.0,5378.6,6.1,-10475.0,,19.96,,-0.7223,-0.1225,5323172.0,-107431.0,18490.0,40.3,,,,
1996-12-27,159.1,167.4,69.914,71.068,156.3,113.9,3.0,,,8259.771,12037.775,44421.0,77.5333,15.183,5.4,9.6,121143.0,350000.0,,,,67.0,5.29,5.124285714285714,5.84,6.3375,6.575,0.4975,1.2375,,,7.64,3818.6,51.2,778.5077,1253437.09,507516.57,83.721,1370.0,1411.0,,5.0,96.9,215690.0,5378.6,6.1,-10475.0,,18.975,,-0.7082,-0.0502,5323172.0,-107431.0,18490.0,40.3,,,,
1997-01-03,159.4,167.8,70.005,71.144,155.9,115.2,3.0,,,8362.655,12115.472,44590.0,77.6562,15.682,5.3,9.4,121356.0,357000.0,,,,67.0,5.25,5.507142857142857,5.9,6.449999999999999,6.67,0.55,1.2550000000000001,3.0933333333333333,0.6033333333333334,7.67,3834.6,50.6,782.1925,1258365.28,510470.26,83.955,1355.0,1382.0,,4.7,97.4,218124.0,5411.1,5.9,-11269.0,,20.175,,-0.69833,-0.3995,5380890.0,-107431.0,13364.0,40.5,,,,
1997-01-10,159.4,167.8,70.005,71.144,155.9,115.2,3.0,,,8362.655,12115.472,44590.0,77.6562,15.682,5.3,9.4,121356.0,347000.0,,,,67.0,5.25,5.202857142857143,5.992,6.572,6.803999999999999,0.58,1.4140000000000001,3.112,0.634,7.85,3834.6,50.6,782.1925,1258365.28,510470.26,83.955,1355.0,1382.0,,4.7,97.4,218124.0,5411.1,5.9,-11269.0,,20.003999999999998,,-0.69353,-0.1059,5380890.0,-107431.0,13364.0,40.5,,,,
1997-01-17,159.4,167.8,70.005,71.144,155.9,115.2,3.0,,,8362.655,12115.472,44590.0,77.6562,15.682,5.3,9.4,121356.0,324000.0,,,,67.0,5.25,5.191428571428571,6.006,6.564,6.814,0.558,1.418,3.052,0.606,7.87,3834.6,50.6,782.1925,1258365.28,510470.26,83.955,1355.0,1382.0,,4.7,97.4,218124.0,5411.1,5.9,-11269.0,,19.35,,-0.69504,-0.3095,5380890.0,-107431.0,13364.0,40.5,,,,
1997-01-24,159.4,167.8,70.005,71.144,155.9,115.2,3.0,,,8362.655,12115.472,44590.0,77.6562,15.682,5.3,9.4,121356.0,345000.0,,,,67.0,5.25,5.1899999999999995,6.03,6.58,6.8375,0.55,1.405,2.996,0.602,7.85,3834.6,50.6,782.1925,1258365.28,510470.26,83.955,1355.0,1382.0,,4.7,97.4,218124.0,5411.1,5.9,-11269.0,,18.259999999999998,,-0.70137,-0.3649,5380890.0,-107431.0,13364.0,40.5,,,,
1997-01-31,159.4,167.8,70.005,71.144,155.9,115.2,3.0,,,8362.655,12115.472,44590.0,77.6562,15.682,5.3,9.4,121356.0,340000.0,,,,67.0,5.25,5.225714285714285,6.0280000000000005,6.62,6.886,0.592,1.44,2.9539999999999997,0.602,7.88,3834.6,50.6,782.1925,1258365.28,510470.26,83.955,1355.0,1382.0,,4.7,97.4,218124.0,5411.1,5.9,-11269.0,,20.15,,-0.71087,-0.2641,5380890.0,-107431.0,13364.0,40.5,,,,
1997-02-07,159.7,168.1,70.151,71.29,156.5,115.0,3.0,,,8362.655,12115.472,44590.0,78.5833,15.271,5.2,9.3,121673.0,333000.0,,,,66.9,5.19,5.25,5.89,6.462000000000001,6.7379999999999995,0.572,1.336,3.06,0.606,7.74,3846.3,48.1,788.9324,1261850.81,511713.55,84.18,1486.0,1445.0,,4.5,99.7,219587.0,5434.0,6.0,-9776.0,,19.826,,-0.72141,-0.2066,5380890.0,-107431.0,-44010.0,40.5,,,,
1997-02-14,159.7,168.1,70.151,71.29,156.5,115.0,3.0,,,8362.655,12115.472,44590.0,78.5833,15.271,5.2,9.3,121673.0,315000.0,,,,66.9,5.19,5.054285714285714,5.854,6.37,6.65,0.516,1.23,3.034,0.598,7.65,3846.3,48.1,788.9324,1261850.81,511713.55,84.18,1486.0,1445.0,,4.5,99.7,219587.0,5434.0,6.0,-9776.0,,19.701999999999998,,-0.73124,-0.3282,5380890.0,-107431.0,-44010.0,40.5,,,,
1997-02-21,159.7,168.1,70.151,71.29,156.5,115.0,3.0,,,8362.655,12115.472,44590.0,78.5833,15.271,5.2,9.3,121673.0,313000.0,,,,66.9,5.19,5.202857142857143,5.83,6.33,6.5975,0.5,1.225,2.9425,0.5925,7.56,3846.3,48.1,788.9324,1261850.81,511713.55,84.18,1486.0,1445.0,,4.5,99.7,219587.0,5434.0,6.0,-9776.0,,20.5675,,-0.73673,-0.4014,5380890.0,-107431.0,-44010.0,40.5,,,,
1997-02-28,159.7,168.1,70.151,71.29,156.5,115.0,3.0,,,8362.655,12115.472,44590.0,78.5833,15.271,5.2,9.3,121673.0,322000.0,,,,66.9,5.19,5.235714285714286,6.006,6.498,6.748,0.492,1.308,2.766,0.59,7.65,3846.3,48.1,788.9324,1261850.81,511713.55,84.18,1486.0,1445.0,,4.5,99.7,219587.0,5434.0,6.0,-9776.0,,20.548,,-0.73716,-0.465,5380890.0,-107431.0,-44010.0,40.5,,,,
1997-03-07,159.8,168.4,70.225,71.46,156.6,113.0,2.8,,,8362.655,12115.472,44590.0,79.082,15.816,5.2,9.1,121991.0,321000.0,,,,67.1,5.39,5.305714285714286,6.12,6.593999999999999,6.851999999999999,0.47400000000000003,1.364,2.7060000000000004,0.5640000000000001,7.84,3861.2,47.6,795.3782,1264146.34,511956.09,84.452,1457.0,1436.0,,4.1,100.0,221189.0,5454.2,6.1,-8383.0,,20.16,,-0.7317,-0.2639,5380890.0,-107431.0,-21323.0,40.5,,,,
1997-03-14,159.8,168.4,70.225,71.46,156.6,113.0,2.8,,,8362.655,12115.472,44590.0,79.082,15.816,5.2,9.1,121991.0,317000.0,,,,67.1,5.39,5.177142857142857,6.14,6.632,6.894,0.492,1.4140000000000001,2.686,0.5660000000000001,7.84,3861.2,47.6,795.3782,1264146.34,511956.09,84.452,1457.0,1436.0,,4.1,100.0,221189.0,5454.2,6.1,-8383.0,,19.491999999999997,,-0.72139,-0.3348,5380890.0,-107431.0,-21323.0,40.5,,,,
1997-03-21,159.8,168.4,70.225,71.46,156.6,113.0,2.8,,,8362.655,12115.472,44590.0,79.082,15.816,5.2,9.1,121991.0,319000.0,,,,67.1,5.39,5.295714285714285,6.247999999999999,6.734,6.968000000000001,0.48600000000000004,1.426,2.6740000000000004,0.568,7.94,3861.2,47.6,795.3782,1264146.34,511956.09,84.452,1457.0,1436.0,,4.1,100.0,221189.0,5454.2,6.1,-8383.0,,20.972,,-0.70762,-0.3422,5380890.0,-107431.0,-21323.0,40.5,,,,
1997-03-28,159.8,168.4,70.225,71.46,156.6,113.0,2.8,,,8362.655,12115.472,44590.0,79.082,15.816,5.2,9.1,121991.0,315000.0,,,,67.1,5.39,5.487142857142857,6.3625,6.7925,6.995,0.43,1.4025,2.695,0.5625,7.97,3861.2,47.6,795.3782,1264146.34,511956.09,84.452,1457.0,1436.0,,4.1,100.0,221189.0,5454.2,6.1,-8383.0,,19.535,,-0.69214,-0.4349,5380890.0,-107431.0,-21323.0,40.5,,,,
1997-04-04,159.9,168.9,70.294,71.6,156.5,111.0,3.0,,,8518.825,12317.221,45203.0,79.1747,15.058,5.1,9.3,122289.0,325000.0,,,,67.1,5.51,5.804285714285713,6.426,6.896000000000001,7.098000000000001,0.47000000000000003,1.59,2.91,0.578,8.18,3877.0,47.9,803.8042,1274087.38,511864.57,84.623,1492.0,1421.0,,4.7,101.4,217925.0,5459.3,6.2,-8086.0,,20.94,,-0.67592,-0.075,5376151.0,-107431.0,93939.0,40.5,,,,
1997-04-11,159.9,168.9,70.294,71.6,156.5,111.0,3.0,,,8518.825,12317.221,45203.0,79.1747,15.058,5.1,9.3,122289.0,325000.0,,,,67.1,5.51,5.375714285714286,6.456,6.9159999999999995,7.116,0.45999999999999996,1.6460000000000001,2.916,0.584,8.15,3877.0,47.9,803.8042,1274087.38,511864.57,84.623,1492.0,1421.0,,4.7,101.4,217925.0,5459.3,6.2,-8086.0,,18.856,,-0.66142,-0.0461,5376151.0,-107431.0,93939.0,40.5,,,,
1997-04-18,159.9,168.9,70.294,71.6,156.5,111.0,3.0,,,8518.825,12317.221,45203.0,79.1747,15.058,5.1,9.3,122289.0,330000.0,,,,67.1,5.51,5.471428571428571,6.468000000000001,6.892,7.101999999999999,0.42400000000000004,1.596,2.91,0.58,8.16,3877.0,47.9,803.8042,1274087.38,511864.57,84.623,1492.0,1421.0,,4.7,101.4,217925.0,5459.3,6.2,-8086.0,,18.488,,-0.64911,-0.2005,5376151.0,-107431.0,93939.0,40.5,,,,
1997-04-25,159.9,168.9,70.294,71.6,156.5,111.0,3.0,,,8518.825,12317.221,45203.0,79.1747,15.058,5.1,9.3,122289.0,316000.0,,,,67.1,5.51,5.5200000000000005,6.484,6.894,7.1,0.41,1.55,2.83,0.592,8.08,3877.0,47.9,803.8042,1274087.38,511864.57,84.623,1492.0,1421.0,,4.7,101.4,217925.0,5459.3,6.2,-8086.0,,20.416,,-0.63956,-0.2149,5376151.0,-107431.0,93939.0,40.5,,,,
1997-05-02,159.9,169.2,70.262,71.652,156.6,108.8,2.9,,,8518.825,12317.221,45203.0,79.6133,15.088,4.9,8.9,122560.0,337000.0,,,,67.1,5.5,5.618571428571428,6.334,6.756,6.978,0.422,1.466,2.894,0.596,8.01,3889.2,46.0,808.9736,1278678.42,514481.11,84.861,1442.0,1414.0,,4.6,103.2,217771.0,5460.2,6.5,-8394.0,,19.718,,-0.6338,-0.2171,5376151.0,-107431.0,-48494.0,40.5,,,,
1997-05-09,159.9,169.2,70.262,71.652,156.6,108.8,2.9,,,8518.825,12317.221,45203.0,79.6133,15.088,4.9,8.9,122560.0,342000.0,,,,67.1,5.5,5.535714285714286,6.3,6.698,6.912000000000001,0.398,1.488,2.816,0.59,7.94,3889.2,46.0,808.9736,1278678.42,514481.11,84.861,1442.0,1414.0,,4.6,103.2,217771.0,5460.2,6.5,-8394.0,,20.738,,-0.63019,-0.1315,5376151.0,-107431.0,-48494.0,40.5,,,,
1997-05-16,159.9,169.2,70.262,71.652,156.6,108.8,2.9,,,8518.825,12317.221,45203.0,79.6133,15.088,4.9,8.9,122560.0,318000.0,,,,67.1,5.5,5.49,6.264,6.6819999999999995,6.898000000000001,0.418,1.482,2.724,0.584,7.91,3889.2,46.0,808.9736,1278678.42,514481.11,84.861,1442.0,1414.0,,4.6,103.2,217771.0,5460.2,6.5,-8394.0,,20.726,,-0.62866,-0.1156,5376151.0,-107431.0,-48494.0,40.5,,,,
1997-05-23,159.9,169.2,70.262,71.652,156.6,108.8,2.9,,,8518.825,12317.221,45203.0,79.6133,15.088,4.9,8.9,122560.0,322000.0,,,,67.1,5.5,5.477142857142858,6.26,6.7299999999999995,6.959999999999999,0.47000000000000003,1.48,2.66,0.588,7.92,3889.2,46.0,808.9736,1278678.42,514481.11,84.861,1442.0,1414.0,,4.6,103.2,217771.0,5460.2,6.5,-8394.0,,19.374000000000002,,-0.62863,-0.2074,5376151.0,-107431.0,-48494.0,40.5,,,,
1997-05-30,159.9,169.2,70.262,71.652,156.6,108.8,2.9,,,8518.825,12317.221,45203.0,79.6133,15.088,4.9,8.9,122560.0,316000.0,,,,67.1,5.5,5.475714285714285,6.29,6.7524999999999995,6.9925,0.4625,1.665,2.6174999999999997,0.5925,7.94,3889.2,46.0,808.9736,1278678.42,514481.11,84.861,1442.0,1414.0,,4.6,103.2,217771.0,5460.2,6.5,-8394.0,,19.2125,,-0.62916,-0.1061,5376151.0,-107431.0,-48494.0,40.5,,,,
1997-06-06,160.2,169.4,70.352,71.758,156.9,110.0,2.8,,,8518.825,12317.221,45203.0,79.9792,14.524,5.0,8.9,122816.0,321000.0,,,,67.1,5.56,5.505714285714285,6.19,6.608,6.864,0.418,1.53,2.6616666666666666,0.595,7.85,3906.0,46.6,813.3984,1282858.52,515566.18,85.08,1494.0,1402.0,,4.4,104.5,220233.0,5494.2,6.3,-7154.0,,20.052,,-0.63063,0.0348,5376151.0,-107431.0,54635.0,40.5,,,,
1997-06-13,160.2,169.4,70.352,71.758,156.9,110.0,2.8,,,8518.825,12317.221,45203.0,79.9792,14.524,5.0,8.9,122816.0,329000.0,,,,67.1,5.56,5.511428571428572,6.122,6.518000000000001,6.8,0.396,1.506,2.582,0.578,7.72,3906.0,46.6,813.3984,1282858.52,515566.18,85.08,1494.0,1402.0,,4.4,104.5,220233.0,5494.2,6.3,-7154.0,,19.026,,-0.63353,-0.1197,5376151.0,-107431.0,54635.0,40.5,,,,
1997-06-20,160.2,169.4,70.352,71.758,156.9,110.0,2.8,,,8518.825,12317.221,45203.0,79.9792,14.524,5.0,8.9,122816.0,335000.0,,,,67.1,5.56,5.588571428571428,6.029999999999999,6.4,6.688,0.37,1.346,2.6100000000000003,0.57,7.61,3906.0,46.6,813.3984,1282858.52,515566.18,85.08,1494.0,1402.0,,4.4,104.5,220233.0,5494.2,6.3,-7154.0,,20.137999999999998,,-0.63732,-0.0776,5376151.0,-107431.0,54635.0,40.5,,,,
1997-06-27,160.2,169.4,70.352,71.758,156.9,110.0,2.8,,,8518.825,12317.221,45203.0,79.9792,14.524,5.0,8.9,122816.0,316000.0,,,,67.1,5.56,5.442857142857143,6.04,6.446000000000001,6.732000000000001,0.406,1.342,2.6079999999999997,0.57,7.58,3906.0,46.6,813.3984,1282858.52,515566.18,85.08,1494.0,1402.0,,4.4,104.5,220233.0,5494.2,6.3,-7154.0,,21.294,,-0.64166,0.0158,5376151.0,-107431.0,54635.0,40.5,,,,
1997-07-04,160.4,169.7,70.394,71.807,157.2,109.1,2.7,,,8662.823,12471.01,45616.0,80.6624,15.568,4.9,8.7,123114.0,322000.0,,,,67.2,5.52,5.801428571428572,6.012499999999999,6.422499999999999,6.7225,0.41000000000000003,1.23,2.7175000000000002,0.5774999999999999,7.62,3923.9,46.4,816.7129,1288782.03,520896.35,85.332,1437.0,1440.0,,4.4,107.1,222985.0,5548.8,5.8,-7033.0,,20.0125,,-0.64713,-0.3198,5413146.0,-107431.0,-25624.0,40.5,,,,
1997-07-11,160.4,169.7,70.394,71.807,157.2,109.1,2.7,,,8662.823,12471.01,45616.0,80.6624,15.568,4.9,8.7,123114.0,346000.0,,,,67.2,5.52,5.46,5.9079999999999995,6.256,6.564,0.348,1.128,2.792,0.57,7.47,3923.9,46.4,816.7129,1288782.03,520896.35,85.332,1437.0,1440.0,,4.4,107.1,222985.0,5548.8,5.8,-7033.0,,19.454,,-0.65161,-0.0259,5413146.0,-107431.0,-25624.0,40.5,,,,
1997-07-18,160.4,169.7,70.394,71.807,157.2,109.1,2.7,,,8662.823,12471.01,45616.0,80.6624,15.568,4.9,8.7,123114.0,328000.0,,,,67.2,5.52,5.4471428571428575,5.902,6.2299999999999995,6.518000000000001,0.328,1.024,2.696,0.5660000000000001,7.47,3923.9,46.4,816.7129,1288782.03,520896.35,85.332,1437.0,1440.0,,4.4,107.1,222985.0,5548.8,5.8,-7033.0,,20.151999999999997,,-0.65556,-0.2466,5413146.0,-107431.0,-25624.0,40.5,,,,
1997-07-25,160.4,169.7,70.394,71.807,157.2,109.1,2.7,,,8662.823,12471.01,45616.0,80.6624,15.568,4.9,8.7,123114.0,301000.0,,,,67.2,5.52,5.4628571428571435,5.886,6.18,6.456,0.294,0.9560000000000001,2.684,0.56,7.43,3923.9,46.4,816.7129,1288782.03,520896.35,85.332,1437.0,1440.0,,4.4,107.1,222985.0,5548.8,5.8,-7033.0,,21.672,,-0.65854,-0.2773,5413146.0,-107431.0,-25624.0,40.5,,,,
1997-08-01,160.8,169.8,70.45,71.778,157.7,110.9,2.7,,,8662.823,12471.01,45616.0,81.4694,16.148,4.8,8.7,123087.0,306000.0,,,,67.2,5.54,5.645714285714285,5.808,6.108,6.38,0.3,0.858,2.678,0.556,7.36,3957.4,46.7,822.9157,1294219.24,524444.78,85.574,1390.0,1449.0,,4.3,104.4,223120.0,5587.0,5.7,-8743.0,,21.804,,-0.65981,-0.4061,5413146.0,-107431.0,-35189.0,40.5,,,,
1997-08-08,160.8,169.8,70.45,71.778,157.7,110.9,2.7,,,8662.823,12471.01,45616.0,81.4694,16.148,4.8,8.7,123087.0,320000.0,,,,67.2,5.54,5.511428571428572,5.9399999999999995,6.258,6.5200000000000005,0.31799999999999995,0.966,2.534,0.558,7.46,3957.4,46.7,822.9157,1294219.24,524444.78,85.574,1390.0,1449.0,,4.3,104.4,223120.0,5587.0,5.7,-8743.0,,20.972,,-0.6594,-0.3405,5413146.0,-107431.0,-35189.0,40.5,,,,
1997-08-15,160.8,169.8,70.45,71.778,157.7,110.9,2.7,,,8662.823,12471.01,45616.0,81.4694,16.148,4.8,8.7,123087.0,329000.0,,,,67.2,5.54,5.505714285714285,5.946,6.33,6.614,0.384,1.016,2.528,0.5660000000000001,7.54,3957.4,46.7,822.9157,1294219.24,524444.78,85.574,1390.0,1449.0,,4.3,104.4,223120.0,5587.0,5.7,-8743.0,,23.72,,-0.65729,-0.2509,5413146.0,-107431.0,-35189.0,40.5,,,,
1997-08-22,160.8,169.8,70.45,71.778,157.7,110.9,2.7,,,8662.823,12471.01,45616.0,81.4694,16.148,4.8,8.7,123087.0,343000.0,,,,67.2,5.54,5.581428571428572,5.896,6.268,6.57,0.372,1.02,2.572,0.568,7.46,3957.4,46.7,822.9157,1294219.24,524444.78,85.574,1390.0,1449.0,,4.3,104.4,223120.0,5587.0,5.7,-8743.0,,23.334,,-0.65387,-0.2063,5413146.0,-107431.0,-35189.0,40.5,,,,
1997-08-29,160.8,169.8,70.45,71.778,157.7,110.9,2.7,,,8662.823,12471.01,45616.0,81.4694,16.148,4.8,8.7,123087.0,327000.0,,,,67.2,5.54,5.561428571428571,5.984,6.358,6.634,0.374,1.094,2.526,0.572,7.58,3957.4,46.7,822.9157,1294219.24,524444.78,85.574,1390.0,1449.0,,4.3,104.4,223120.0,5587.0,5.7,-8743.0,,24.472,,-0.64909,-0.2417,5413146.0,-107431.0,-35189.0,40.5,,,,
1997-09-05,161.2,170.2,70.62,71.927,158.0,112.4,2.8,,,8662.823,12471.01,45616.0,82.2156,15.096,4.9,8.7,123575.0,332000.0,,,,67.1,5.54,5.6000000000000005,5.965,6.335,6.61,0.37,1.17,2.604,0.576,7.53,3973.1,46.1,830.3257,1301634.97,528722.4,85.852,1546.0,1494.0,,4.2,106.0,224509.0,5601.7,5.9,-9269.0,,24.765,,-0.64321,-0.1319,5413146.0,-107431.0,49940.0,40.5,,,,
1997-09-12,161.2,170.2,70.62,71.927,158.0,112.4,2.8,,,8662.823,12471.01,45616.0,82.2156,15.096,4.9,8.7,123575.0,313000.0,,,,67.1,5.54,5.501428571428571,5.978,6.343999999999999,6.636,0.366,1.212,2.582,0.582,7.53,3973.1,46.1,830.3257,1301634.97,528722.4,85.852,1546.0,1494.0,,4.2,106.0,224509.0,5601.7,5.9,-9269.0,,24.818,,-0.63579,-0.0892,5413146.0,-107431.0,49940.0,40.5,,,,
1997-09-19,161.2,170.2,70.62,71.927,158.0,112.4,2.8,,,8662.823,12471.01,45616.0,82.2156,15.096,4.9,8.7,123575.0,314000.0,,,,67.1,5.54,5.557142857142857,5.83,6.138,6.4319999999999995,0.308,1.052,2.626,0.576,7.38,3973.1,46.1,830.3257,1301634.97,528722.4,85.852,1546.0,1494.0,,4.2,106.0,224509.0,5601.7,5.9,-9269.0,,23.966,,-0.62643,-0.064,5413146.0,-107431.0,49940.0,40.5,,,,
1997-09-26,161.2,170.2,70.62,71.927,158.0,112.4,2.8,,,8662.823,12471.01,45616.0,82.2156,15.096,4.9,8.7,123575.0,317000.0,,,,67.1,5.54,5.468571428571429,5.804,6.082,6.364,0.278,1.1019999999999999,2.5759999999999996,0.57,7.28,3973.1,46.1,830.3257,1301634.97,528722.4,85.852,1546.0,1494.0,,4.2,106.0,224509.0,5601.7,5.9,-9269.0,,22.387999999999998,,-0.61433,0.0101,5413146.0,-107431.0,49940.0,40.5,,,,
1997-10-03,161.5,170.6,70.712,72.036,158.3,111.8,2.8,,,8765.907,12577.495,45862.0,82.9446,15.431,4.7,8.5,123924.0,317000.0,,,,67.1,5.5,5.565714285714286,5.76,6.056,6.348,0.296,0.99,2.602,0.546,7.31,3992.3,45.6,834.4586,1309389.39,532044.28,86.148,1520.0,1499.0,,4.3,105.6,224300.0,5637.7,5.9,-9089.0,,22.253999999999998,,-0.59927,-0.0455,5502388.0,-21884.0,-35968.0,40.5,,,,
1997-10-10,161.5,170.6,70.712,72.036,158.3,111.8,2.8,,,8765.907,12577.495,45862.0,82.9446,15.431,4.7,8.5,123924.0,311000.0,,,,67.1,5.5,5.4399999999999995,5.76,6.044,6.34,0.284,0.942,2.552,0.562,7.26,3992.3,45.6,834.4586,1309389.39,532044.28,86.148,1520.0,1499.0,,4.3,105.6,224300.0,5637.7,5.9,-9089.0,,20.945999999999998,,-0.58036,-0.1129,5502388.0,-21884.0,-35968.0,40.5,,,,
1997-10-17,161.5,170.6,70.712,72.036,158.3,111.8,2.8,,,8765.907,12577.495,45862.0,82.9446,15.431,4.7,8.5,123924.0,305000.0,,,,67.1,5.5,5.475714285714285,5.85,6.1075,6.395,0.2575,1.04,2.488,0.562,7.34,3992.3,45.6,834.4586,1309389.39,532044.28,86.148,1520.0,1499.0,,4.3,105.6,224300.0,5637.7,5.9,-9089.0,,20.504,,-0.55844,-0.1068,5502388.0,-21884.0,-35968.0,40.5,,,,
1997-10-24,161.5,170.6,70.712,72.036,158.3,111.8,2.8,,,8765.907,12577.495,45862.0,82.9446,15.431,4.7,8.5,123924.0,318000.0,,,,67.1,5.5,5.548571428571429,5.862,6.0920000000000005,6.3759999999999994,0.22999999999999998,0.9720000000000001,2.498,0.558,7.35,3992.3,45.6,834.4586,1309389.39,532044.28,86.148,1520.0,1499.0,,4.3,105.6,224300.0,5637.7,5.9,-9089.0,,21.253999999999998,,-0.53502,-0.0276,5502388.0,-21884.0,-35968.0,40.5,,,,
1997-10-31,161.5,170.6,70.712,72.036,158.3,111.8,2.8,,,8765.907,12577.495,45862.0,82.9446,15.431,4.7,8.5,123924.0,306000.0,,,,67.1,5.5,5.505714285714285,5.654,5.896,6.216,0.242,0.716,2.874,0.608,7.21,3992.3,45.6,834.4586,1309389.39,532044.28,86.148,1520.0,1499.0,,4.3,105.6,224300.0,5637.7,5.9,-9089.0,,33.876,,-0.51224,0.7579,5502388.0,-21884.0,-35968.0,40.5,,,,
1997-11-07,161.7,170.8,70.716,72.058,158.6,111.4,2.9,,,8765.907,12577.495,45862.0,83.5978,15.825,4.6,8.4,124225.0,313000.0,,,,67.2,5.52,5.597142857142857,5.712000000000001,5.922,6.198,0.21000000000000002,0.642,2.8440000000000003,0.688,7.24,4014.8,46.5,839.8971,1312457.18,534807.8,86.634,1510.0,1469.0,,3.9,107.2,223718.0,5661.1,6.1,-9786.0,,33.07000000000001,,-0.49436,-0.0473,5502388.0,-21884.0,-17349.0,40.5,,,,
1997-11-14,161.7,170.8,70.716,72.058,158.6,111.4,2.9,,,8765.907,12577.495,45862.0,83.5978,15.825,4.6,8.4,124225.0,308000.0,,,,67.2,5.52,5.481428571428572,5.7075000000000005,5.8825,6.12,0.175,0.5925,2.836,0.694,7.23,4014.8,46.5,839.8971,1312457.18,534807.8,86.634,1510.0,1469.0,,3.9,107.2,223718.0,5661.1,6.1,-9786.0,,36.230000000000004,,-0.48082,0.4056,5502388.0,-21884.0,-17349.0,40.5,,,,
1997-11-21,161.7,170.8,70.716,72.058,158.6,111.4,2.9,,,8765.907,12577.495,45862.0,83.5978,15.825,4.6,8.4,124225.0,325000.0,,,,67.2,5.52,5.511428571428572,5.704,5.836,6.0520000000000005,0.132,0.55,2.894,0.704,7.18,4014.8,46.5,839.8971,1312457.18,534807.8,86.634,1510.0,1469.0,,3.9,107.2,223718.0,5661.1,6.1,-9786.0,,29.406,,-0.47437,-0.0905,5502388.0,-21884.0,-17349.0,40.5,,,,
1997-11-28,161.7,170.8,70.716,72.058,158.6,111.4,2.9,,,8765.907,12577.495,45862.0,83.5978,15.825,4.6,8.4,124225.0,309000.0,,,,67.2,5.52,5.502857142857144,5.73,5.8575,6.06,0.1275,0.59,2.8560000000000003,0.712,7.17,4014.8,46.5,839.8971,1312457.18,534807.8,86.634,1510.0,1469.0,,3.9,107.2,223718.0,5661.1,6.1,-9786.0,,28.72666666666667,,-0.47404,-0.0479,5502388.0,-21884.0,-17349.0,40.5,,,,
1997-12-05,161.8,171.2,70.701,72.1,158.7,109.8,2.8,,,8765.907,12577.495,45862.0,83.9538,16.474,4.7,8.5,124549.0,318000.0,,,,67.2,5.5,5.5528571428571425,5.7620000000000005,5.862,6.044,0.1,0.59,2.8716666666666666,0.7200000000000001,7.15,4032.9,47.9,844.8364,1324757.33,540005.56,87.094,1566.0,1456.0,,4.4,102.1,225236.0,5692.1,6.1,-11289.0,,24.416,,-0.47874,-0.2215,5502388.0,-21884.0,13639.0,40.5,,,,
1997-12-12,161.8,171.2,70.701,72.1,158.7,109.8,2.8,,,8765.907,12577.495,45862.0,83.9538,16.474,4.7,8.5,124549.0,317000.0,,,,67.2,5.5,5.425714285714285,5.744,5.8740000000000006,6.068,0.13,0.644,2.84,0.728,7.17,4032.9,47.9,844.8364,1324757.33,540005.56,87.094,1566.0,1456.0,,4.4,102.1,225236.0,5692.1,6.1,-11289.0,,25.336000000000002,,-0.48682,0.0882,5502388.0,-21884.0,13639.0,40.5,,,,
1997-12-19,161.8,171.2,70.701,72.1,158.7,109.8,2.8,,,8765.907,12577.495,45862.0,83.9538,16.474,4.7,8.5,124549.0,323000.0,,,,67.2,5.5,5.667142857142857,5.68,5.768,5.956,0.088,0.512,2.896,0.746,7.07,4032.9,47.9,844.8364,1324757.33,540005.56,87.094,1566.0,1456.0,,4.4,102.1,225236.0,5692.1,6.1,-11289.0,,27.236,,-0.49888,0.0135,5502388.0,-21884.0,13639.0,40.5,,,,
1997-12-26,161.8,171.2,70.701,72.1,158.7,109.8,2.8,,,8765.907,12577.495,45862.0,83.9538,16.474,4.7,8.5,124549.0,310000.0,,,,67.2,5.5,5.324285714285715,5.6850000000000005,5.74,5.9,0.055,0.3275,2.935,0.765,6.99,4032.9,47.9,844.8364,1324757.33,540005.56,87.094,1566.0,1456.0,,4.4,102.1,225236.0,5692.1,6.1,-11289.0,,29.49,,-0.51413,0.1586,5502388.0,-21884.0,13639.0,40.5,,,,
1998-01-02,162.0,171.6,70.736,72.21,159.5,107.5,2.3,,,8866.48,12703.742,46204.0,84.3218,14.789,4.6,8.4,124806.0,303000.0,,,,67.1,5.56,5.68,5.6625,5.745,5.925,0.0825,0.35,2.9525,0.735,7.03,4056.2,47.5,855.3153,1320044.02,537942.46,87.617,1525.0,1555.0,,4.0,106.6,225954.0,5689.9,7.0,-10776.0,,24.65,,-0.53059,-0.4782,5542426.0,-21884.0,25379.0,40.0,,,,
1998-01-09,162.0,171.6,70.736,72.21,159.5,107.5,2.3,,,8866.48,12703.742,46204.0,84.3218,14.789,4.6,8.4,124806.0,312000.0,,,,67.1,5.56,5.595714285714286,5.351999999999999,5.49,5.746,0.138,0.31799999999999995,3.104,0.714,6.94,4056.2,47.5,855.3153,1320044.02,537942.46,87.617,1525.0,1555.0,,4.0,106.6,225954.0,5689.9,7.0,-10776.0,,25.958,,-0.54738,0.3596,5542426.0,-21884.0,25379.0,40.0,,,,
1998-01-16,162.0,171.6,70.736,72.21,159.5,107.5,2.3,,,8866.48,12703.742,46204.0,84.3218,14.789,4.6,8.4,124806.0,331000.0,,,,67.1,5.56,5.4799999999999995,5.276,5.454,5.74,0.178,0.304,3.096,0.726,6.89,4056.2,47.5,855.3153,1320044.02,537942.46,87.617,1525.0,1555.0,,4.0,106.6,225954.0,5689.9,7.0,-10776.0,,24.407999999999998,,-0.56565,-0.0364,5542426.0,-21884.0,25379.0,40.0,,,,
1998-01-23,162.0,171.6,70.736,72.21,159.5,107.5,2.3,,,8866.48,12703.742,46204.0,84.3218,14.789,4.6,8.4,124806.0,341000.0,,,,67.1,5.56,5.502857142857143,5.355,5.5925,5.8675,0.23750000000000002,0.45,2.972,0.732,6.99,4056.2,47.5,855.3153,1320044.02,537942.46,87.617,1525.0,1555.0,,4.0,106.6,225954.0,5689.9,7.0,-10776.0,,22.665,,-0.58297,-0.2018,5542426.0,-21884.0,25379.0,40.0,,,,
1998-01-30,162.0,171.6,70.736,72.21,159.5,107.5,2.3,,,8866.48,12703.742,46204.0,84.3218,14.789,4.6,8.4,124806.0,307000.0,,,,67.1,5.56,5.55,5.398000000000001,5.626,5.892,0.22799999999999998,0.41,2.926,0.748,7.12,4056.2,47.5,855.3153,1320044.02,537942.46,87.617,1525.0,1555.0,,4.0,106.6,225954.0,5689.9,7.0,-10776.0,,22.284,,-0.59969,-0.2305,5542426.0,-21884.0,25379.0,40.0,,,,
1998-02-06,162.0,171.9,70.699,72.272,159.4,105.1,2.4,,,8866.48,12703.742,46204.0,84.4583,15.232,4.6,8.3,125017.0,315000.0,,,,67.1,5.51,5.485714285714286,5.352,5.588,5.888,0.236,0.4,2.965,0.7766666666666667,7.03,4088.9,45.2,862.0974,1324342.72,538894.29,88.006,1584.0,1647.0,,3.9,110.4,225746.0,5723.8,7.0,-11564.0,,20.875999999999998,,-0.61499,-0.2711,5542426.0,-21884.0,-41750.0,40.0,,,,
1998-02-13,162.0,171.9,70.699,72.272,159.4,105.1,2.4,,,8866.48,12703.742,46204.0,84.4583,15.232,4.6,8.3,125017.0,311000.0,,,,67.1,5.51,5.451428571428572,5.392,5.566,5.89,0.174,0.348,2.946,0.776,7.06,4088.9,45.2,862.0974,1324342.72,538894.29,88.006,1584.0,1647.0,,3.9,110.4,225746.0,5723.8,7.0,-11564.0,,20.432,,-0.62695,-0.3448,5542426.0,-21884.0,-41750.0,40.0,,,,
1998-02-20,162.0,171.9,70.699,72.272,159.4,105.1,2.4,,,8866.48,12703.742,46204.0,84.4583,15.232,4.6,8.3,125017.0,321000.0,,,,67.1,5.51,5.525714285714286,5.3774999999999995,5.495,5.84,0.1175,0.29,2.936,0.752,6.99,4088.9,45.2,862.0974,1324342.72,538894.29,88.006,1584.0,1647.0,,3.9,110.4,225746.0,5723.8,7.0,-11564.0,,19.825,,-0.6355,-0.3328,5542426.0,-21884.0,-41750.0,40.0,,,,
1998-02-27,162.0,171.9,70.699,72.272,159.4,105.1,2.4,,,8866.48,12703.742,46204.0,84.4583,15.232,4.6,8.3,125017.0,327000.0,,,,67.1,5.51,5.547142857142857,5.542,5.634,5.936,0.092,0.32999999999999996,2.864,0.758,6.99,4088.9,45.2,862.0974,1324342.72,538894.29,88.006,1584.0,1647.0,,3.9,110.4,225746.0,5723.8,7.0,-11564.0,,18.828,,-0.63987,-0.5103,5542426.0,-21884.0,-41750.0,40.0,,,,
1998-03-06,162.0,172.2,70.71,72.349,159.7,103.3,2.5,,,8866.48,12703.742,46204.0,84.488,15.405,4.7,8.4,125165.0,317000.0,,,,67.1,5.49,5.554285714285714,5.614,5.752,6.048,0.13799999999999998,0.55,2.8233333333333337,0.7433333333333333,7.19,4114.3,45.6,865.7996,1332903.44,541447.51,88.444,1567.0,1605.0,,4.1,106.5,226889.0,5750.3,7.1,-12880.0,,19.576,,-0.6393,-0.2915,5542426.0,-21884.0,-13813.0,40.0,,,,
1998-03-13,162.0,172.2,70.71,72.349,159.7,103.3,2.5,,,8866.48,12703.742,46204.0,84.488,15.405,4.7,8.4,125165.0,308000.0,,,,67.1,5.49,5.461428571428571,5.529999999999999,5.622,5.926,0.092,0.53,2.9,0.736,7.16,4114.3,45.6,865.7996,1332903.44,541447.51,88.444,1567.0,1605.0,,4.1,106.5,226889.0,5750.3,7.1,-12880.0,,19.102,,-0.63639,-0.1579,5542426.0,-21884.0,-13813.0,40.0,,,,
1998-03-20,162.0,172.2,70.71,72.349,159.7,103.3,2.5,,,8866.48,12703.742,46204.0,84.488,15.405,4.7,8.4,125165.0,319000.0,,,,67.1,5.49,5.435714285714285,5.505999999999999,5.566,5.89,0.06,0.40599999999999997,2.864,0.73,7.08,4114.3,45.6,865.7996,1332903.44,541447.51,88.444,1567.0,1605.0,,4.1,106.5,226889.0,5750.3,7.1,-12880.0,,18.381999999999998,,-0.63245,-0.3644,5542426.0,-21884.0,-13813.0,40.0,,,,
1998-03-27,162.0,172.2,70.71,72.349,159.7,103.3,2.5,,,8866.48,12703.742,46204.0,84.488,15.405,4.7,8.4,125165.0,321000.0,,,,67.1,5.49,5.467142857142856,5.57,5.63,5.924,0.06,0.44000000000000006,2.782,0.728,7.08,4114.3,45.6,865.7996,1332903.44,541447.51,88.444,1567.0,1605.0,,4.1,106.5,226889.0,5750.3,7.1,-12880.0,,21.862000000000002,,-0.62715,-0.3133,5542426.0,-21884.0,-13813.0,40.0,,,,
1998-04-03,162.2,172.5,70.798,72.482,159.7,102.4,2.4,,,8969.699,12821.339,46504.0,84.7779,15.923,4.3,8.0,125445.0,312000.0,,,,67.0,5.45,5.582857142857143,5.548,5.608,5.890000000000001,0.06000000000000001,0.48,2.84,0.724,7.15,4140.2,46.6,864.2988,1360456.29,560906.83,88.88,1540.0,1547.0,,4.0,108.7,230409.0,5788.1,6.9,-13940.0,,23.21,,-0.62175,-0.1206,5547935.0,-21884.0,124603.0,40.0,,,,
1998-04-10,162.2,172.5,70.798,72.482,159.7,102.4,2.4,,,8969.699,12821.339,46504.0,84.7779,15.923,4.3,8.0,125445.0,312000.0,,,,67.0,5.45,5.478571428571429,5.4725,5.5525,5.86,0.08,0.47750000000000004,2.88,0.73,7.09,4140.2,46.6,864.2988,1360456.29,560906.83,88.88,1540.0,1547.0,,4.0,108.7,230409.0,5788.1,6.9,-13940.0,,22.7025,,-0.61662,-0.1246,5547935.0,-21884.0,124603.0,40.0,,,,
1998-04-17,162.2,172.5,70.798,72.482,159.7,102.4,2.4,,,8969.699,12821.339,46504.0,84.7779,15.923,4.3,8.0,125445.0,304000.0,,,,67.0,5.45,5.461428571428571,5.556,5.614,5.898000000000001,0.05800000000000001,0.51,2.842,0.72,7.17,4140.2,46.6,864.2988,1360456.29,560906.83,88.88,1540.0,1547.0,,4.0,108.7,230409.0,5788.1,6.9,-13940.0,,21.618000000000002,,-0.61118,-0.238,5547935.0,-21884.0,124603.0,40.0,,,,
1998-04-24,162.2,172.5,70.798,72.482,159.7,102.4,2.4,,,8969.699,12821.339,46504.0,84.7779,15.923,4.3,8.0,125445.0,317000.0,,,,67.0,5.45,5.375714285714286,5.598000000000001,5.674,5.954,0.076,0.592,2.806,0.73,7.15,4140.2,46.6,864.2988,1360456.29,560906.83,88.88,1540.0,1547.0,,4.0,108.7,230409.0,5788.1,6.9,-13940.0,,20.462,,-0.60513,-0.1298,5547935.0,-21884.0,124603.0,40.0,,,,
1998-05-01,162.6,172.9,70.895,72.552,160.3,103.2,2.6,,,8969.699,12821.339,46504.0,85.3367,17.057,4.4,8.0,125845.0,311000.0,,,,67.0,5.49,5.424285714285714,5.6579999999999995,5.752,6.022,0.094,0.7060000000000001,2.864,0.718,7.22,4164.4,45.0,875.6518,1363080.86,559834.13,89.365,1536.0,1554.0,,3.9,106.5,230995.0,5837.9,6.6,-14202.0,,22.712,,-0.5987,-0.0029,5547935.0,-21884.0,-38779.0,40.0,,,,
1998-05-08,162.6,172.9,70.895,72.552,160.3,103.2,2.6,,,8969.699,12821.339,46504.0,85.3367,17.057,4.4,8.0,125845.0,304000.0,,,,67.0,5.49,5.315714285714286,5.586,5.684,5.958,0.098,0.568,2.954,0.718,7.14,4164.4,45.0,875.6518,1363080.86,559834.13,89.365,1536.0,1554.0,,3.9,106.5,230995.0,5837.9,6.6,-14202.0,,21.706,,-0.59221,-0.047,5547935.0,-21884.0,-38779.0,40.0,,,,
1998-05-15,162.6,172.9,70.895,72.552,160.3,103.2,2.6,,,8969.699,12821.339,46504.0,85.3367,17.057,4.4,8.0,125845.0,306000.0,,,,67.0,5.49,5.567142857142857,5.62,5.696,5.9799999999999995,0.076,0.548,2.966,0.712,7.19,4164.4,45.0,875.6518,1363080.86,559834.13,89.365,1536.0,1554.0,,3.9,106.5,230995.0,5837.9,6.6,-14202.0,,20.51,,-0.58576,-0.3227,5547935.0,-21884.0,-38779.0,40.0,,,,
1998-05-22,162.6,172.9,70.895,72.552,160.3,103.2,2.6,,,8969.699,12821.339,46504.0,85.3367,17.057,4.4,8.0,125845.0,315000.0,,,,67.0,5.49,5.528571428571428,5.601999999999999,5.638,5.9159999999999995,0.036,0.418,3.018,0.708,7.1,4164.4,45.0,875.6518,1363080.86,559834.13,89.365,1536.0,1554.0,,3.9,106.5,230995.0,5837.9,6.6,-14202.0,,20.068,,-0.57921,-0.2333,5547935.0,-21884.0,-38779.0,40.0,,,,
1998-05-29,162.6,172.9,70.895,72.552,160.3,103.2,2.6,,,8969.699,12821.339,46504.0,85.3367,17.057,4.4,8.0,125845.0,309000.0,,,,67.0,5.49,5.507142857142857,5.5600000000000005,5.5725,5.83,0.012499999999999999,0.4825,3.038,0.702,7.07,4164.4,45.0,875.6518,1363080.86,559834.13,89.365,1536.0,1554.0,,3.9,106.5,230995.0,5837.9,6.6,-14202.0,,21.68,,-0.57169,-0.0837,5547935.0,-21884.0,-38779.0,40.0,,,,
1998-06-05,162.8,173.2,70.835,72.461,160.2,103.6,2.7,,,8969.699,12821.339,46504.0,84.8248,16.771,4.5,8.1,126076.0,322000.0,,,,67.0,5.56,5.582857142857143,5.552,5.566,5.798,0.014000000000000002,0.45999999999999996,3.1750000000000003,0.7183333333333333,7.05,4184.1,45.1,891.15,1373942.33,561550.45,89.845,1641.0,1551.0,,3.8,105.6,233207.0,5871.7,6.5,-13247.0,,21.736,,-0.56576,-0.1366,5547935.0,-21884.0,51106.0,40.0,,,,
1998-06-12,162.8,173.2,70.835,72.461,160.2,103.6,2.7,,,8969.699,12821.339,46504.0,84.8248,16.771,4.5,8.1,126076.0,306000.0,,,,67.0,5.56,5.465714285714285,5.522,5.51,5.718,-0.012,0.368,3.2,0.724,7.04,4184.1,45.1,891.15,1373942.33,561550.45,89.845,1641.0,1551.0,,3.8,105.6,233207.0,5871.7,6.5,-13247.0,,21.786,,-0.56096,-0.1406,5547935.0,-21884.0,51106.0,40.0,,,,
1998-06-19,162.8,173.2,70.835,72.461,160.2,103.6,2.7,,,8969.699,12821.339,46504.0,84.8248,16.771,4.5,8.1,126076.0,321000.0,,,,67.0,5.56,5.548571428571429,5.506,5.468,5.674,-0.038,0.278,3.276,0.728,6.94,4184.1,45.1,891.15,1373942.33,561550.45,89.845,1641.0,1551.0,,3.8,105.6,233207.0,5871.7,6.5,-13247.0,,23.59,,-0.55829,-0.0805,5547935.0,-21884.0,51106.0,40.0,,,,
1998-06-26,162.8,173.2,70.835,72.461,160.2,103.6,2.7,,,8969.699,12821.339,46504.0,84.8248,16.771,4.5,8.1,126076.0,349000.0,,,,67.0,5.56,5.45,5.508,5.458,5.651999999999999,-0.05,0.40199999999999997,3.2879999999999994,0.728,6.96,4184.1,45.1,891.15,1373942.33,561550.45,89.845,1641.0,1551.0,,3.8,105.6,233207.0,5871.7,6.5,-13247.0,,20.348000000000003,,-0.55699,-0.0929,5547935.0,-21884.0,51106.0,40.0,,,,
1998-07-03,163.2,173.5,71.01,72.665,160.6,103.3,2.6,,,9121.097,12982.752,46943.0,84.4986,14.668,4.5,8.2,126212.0,376000.0,,,,67.0,5.54,5.867142857142857,5.475,5.4425,5.625,-0.0325,0.3375,3.37,0.758,6.98,4203.8,44.6,897.8608,1380720.85,560553.94,90.31,1698.0,1610.0,,4.0,105.2,231551.0,5890.0,6.6,-13949.0,,18.7375,,-0.55652,-0.3583,5526193.0,-21884.0,-24084.0,40.0,,,,
1998-07-10,163.2,173.5,71.01,72.665,160.6,103.3,2.6,,,9121.097,12982.752,46943.0,84.4986,14.668,4.5,8.2,126212.0,362000.0,,,,67.0,5.54,5.457142857142857,5.43,5.414,5.606,-0.016,0.336,3.3880000000000003,0.766,6.91,4203.8,44.6,897.8608,1380720.85,560553.94,90.31,1698.0,1610.0,,4.0,105.2,231551.0,5890.0,6.6,-13949.0,,18.23,,-0.55438,-0.059,5526193.0,-21884.0,-24084.0,40.0,,,,
1998-07-17,163.2,173.5,71.01,72.665,160.6,103.3,2.6,,,9121.097,12982.752,46943.0,84.4986,14.668,4.5,8.2,126212.0,320000.0,,,,67.0,5.54,5.5,5.456,5.488,5.714,0.032,0.34,3.31,0.794,6.94,4203.8,44.6,897.8608,1380720.85,560553.94,90.31,1698.0,1610.0,,4.0,105.2,231551.0,5890.0,6.6,-13949.0,,17.446,,-0.54809,-0.41,5526193.0,-21884.0,-24084.0,40.0,,,,
1998-07-24,163.2,173.5,71.01,72.665,160.6,103.3,2.6,,,9121.097,12982.752,46943.0,84.4986,14.668,4.5,8.2,126212.0,315000.0,,,,67.0,5.54,5.508571428571429,5.468,5.458,5.68,-0.01,0.374,3.3,0.8320000000000001,6.96,4203.8,44.6,897.8608,1380720.85,560553.94,90.31,1698.0,1610.0,,4.0,105.2,231551.0,5890.0,6.6,-13949.0,,20.756,,-0.53449,-0.0991,5526193.0,-21884.0,-24084.0,40.0,,,,
1998-07-31,163.2,173.5,71.01,72.665,160.6,103.3,2.6,,,9121.097,12982.752,46943.0,84.4986,14.668,4.5,8.2,126212.0,335000.0,,,,67.0,5.54,5.567142857142857,5.482,5.497999999999999,5.732,0.016,0.42400000000000004,3.306,0.776,6.97,4203.8,44.6,897.8608,1380720.85,560553.94,90.31,1698.0,1610.0,,4.0,105.2,231551.0,5890.0,6.6,-13949.0,,24.125999999999998,,-0.51178,-0.0391,5526193.0,-21884.0,-24084.0,40.0,,,,
1998-08-07,163.4,174.0,71.108,72.807,161.0,102.1,2.4,,,9121.097,12982.752,46943.0,86.248,14.796,4.5,7.9,126546.0,327000.0,,,,67.0,5.55,5.571428571428571,5.401999999999999,5.432,5.656000000000001,0.03,0.366,3.4899999999999998,0.812,6.94,4228.7,44.7,904.3571,1386666.45,564420.41,90.786,1614.0,1654.0,,4.1,104.4,229792.0,5925.0,6.5,-16028.0,,28.418,,-0.47776,0.2314,5526193.0,-21884.0,-11166.0,40.0,,,,
1998-08-14,163.4,174.0,71.108,72.807,161.0,102.1,2.4,,,9121.097,12982.752,46943.0,86.248,14.796,4.5,7.9,126546.0,316000.0,,,,67.0,5.55,5.521428571428571,5.336,5.404000000000001,5.6,0.068,0.366,3.726,0.8240000000000001,6.91,4228.7,44.7,904.3571,1386666.45,564420.41,90.786,1614.0,1654.0,,4.1,104.4,229792.0,5925.0,6.5,-16028.0,,30.694,,-0.43253,0.3933,5526193.0,-21884.0,-11166.0,40.0,,,,
1998-08-21,163.4,174.0,71.108,72.807,161.0,102.1,2.4,,,9121.097,12982.752,46943.0,86.248,14.796,4.5,7.9,126546.0,308000.0,,,,67.0,5.55,5.558571428571428,5.322,5.386,5.531999999999999,0.064,0.33599999999999997,3.904,0.844,6.92,4228.7,44.7,904.3571,1386666.45,564420.41,90.786,1614.0,1654.0,,4.1,104.4,229792.0,5925.0,6.5,-16028.0,,30.418,,-0.37757,0.3135,5526193.0,-21884.0,-11166.0,40.0,,,,
1998-08-28,163.4,174.0,71.108,72.807,161.0,102.1,2.4,,,9121.097,12982.752,46943.0,86.248,14.796,4.5,7.9,126546.0,302000.0,,,,67.0,5.55,5.497142857142856,5.086,5.204,5.422,0.11800000000000002,0.178,4.464,0.9019999999999999,6.92,4228.7,44.7,904.3571,1386666.45,564420.41,90.786,1614.0,1654.0,,4.1,104.4,229792.0,5925.0,6.5,-16028.0,,34.284,,-0.31489,1.0174,5526193.0,-21884.0,-11166.0,40.0,,,,
1998-09-04,163.5,174.2,71.067,72.795,161.1,101.3,2.3,,,9121.097,12982.752,46943.0,86.2021,16.313,4.6,8.0,126744.0,310000.0,,,,67.2,5.51,5.588571428571428,4.91,5.05,5.316,0.14,0.154,5.282,1.26,6.82,4267.7,44.2,912.8299,1397289.73,568615.69,91.259,1582.0,1577.0,,4.1,100.9,232308.0,5965.6,6.1,-14820.0,,40.452,,-0.24928,1.3467,5526193.0,-21884.0,37425.0,40.0,,,,
1998-09-11,163.5,174.2,71.067,72.795,161.1,101.3,2.3,,,9121.097,12982.752,46943.0,86.2021,16.313,4.6,8.0,126744.0,313000.0,,,,67.2,5.51,5.478571428571429,4.7375,4.9,5.2575,0.1625,0.0325,5.492,1.25,6.77,4267.7,44.2,912.8299,1397289.73,568615.69,91.259,1582.0,1577.0,,4.1,100.9,232308.0,5965.6,6.1,-14820.0,,41.6475,,-0.1848,0.979,5526193.0,-21884.0,37425.0,40.0,,,,
1998-09-18,163.5,174.2,71.067,72.795,161.1,101.3,2.3,,,9121.097,12982.752,46943.0,86.2021,16.313,4.6,8.0,126744.0,304000.0,,,,67.2,5.51,5.517142857142857,4.702,4.83,5.208,0.128,0.092,5.698,1.25,6.66,4267.7,44.2,912.8299,1397289.73,568615.69,91.259,1582.0,1577.0,,4.1,100.9,232308.0,5965.6,6.1,-14820.0,,37.79,,-0.12395,0.7299,5526193.0,-21884.0,37425.0,40.0,,,,
1998-09-25,163.5,174.2,71.067,72.795,161.1,101.3,2.3,,,9121.097,12982.752,46943.0,86.2021,16.313,4.6,8.0,126744.0,305000.0,,,,67.2,5.51,5.431428571428571,4.534,4.67,5.144,0.136,-0.004000000000000001,5.742,1.258,6.64,4267.7,44.2,912.8299,1397289.73,568615.69,91.259,1582.0,1577.0,,4.1,100.9,232308.0,5965.6,6.1,-14820.0,,35.376,,-0.07016,0.8226,5526193.0,-21884.0,37425.0,40.0,,,,
1998-10-02,163.9,174.4,71.223,72.937,162.0,101.5,2.5,,,9293.991,13191.67,47555.0,86.7914,17.131,4.5,7.9,126949.0,294000.0,,,,67.2,5.07,5.609999999999999,4.311999999999999,4.456,4.996,0.144,0.072,5.924,1.312,6.6,4307.9,44.1,932.1106,1405396.66,572289.34,91.717,1715.0,1719.0,,4.0,97.4,236174.0,5998.8,5.9,-14815.0,,39.17,,-0.02708,1.2594,5614217.0,69270.0,-32440.0,40.0,,,,
1998-10-09,163.9,174.4,71.223,72.937,162.0,101.5,2.5,,,9293.991,13191.67,47555.0,86.7914,17.131,4.5,7.9,126949.0,302000.0,,,,67.2,5.07,5.088571428571428,4.11,4.414,4.88,0.304,0.348,6.296,1.352,6.49,4307.9,44.1,932.1106,1405396.66,572289.34,91.717,1715.0,1719.0,,4.0,97.4,236174.0,5998.8,5.9,-14815.0,,43.092,,0.00271,2.3312,5614217.0,69270.0,-32440.0,40.0,,,,
1998-10-16,163.9,174.4,71.223,72.937,162.0,101.5,2.5,,,9293.991,13191.67,47555.0,86.7914,17.131,4.5,7.9,126949.0,316000.0,,,,67.2,5.07,5.144285714285714,4.05,4.5825000000000005,5.02,0.5325,0.63,6.546000000000001,1.39,6.9,4307.9,44.1,932.1106,1405396.66,572289.34,91.717,1715.0,1719.0,,4.0,97.4,236174.0,5998.8,5.9,-14815.0,,37.484,,0.01564,1.5682,5614217.0,69270.0,-32440.0,40.0,,,,
1998-10-23,163.9,174.4,71.223,72.937,162.0,101.5,2.5,,,9293.991,13191.67,47555.0,86.7914,17.131,4.5,7.9,126949.0,318000.0,,,,67.2,5.07,4.814285714285715,4.072,4.59,5.082,0.518,0.622,6.5760000000000005,1.4,6.73,4307.9,44.1,932.1106,1405396.66,572289.34,91.717,1715.0,1719.0,,4.0,97.4,236174.0,5998.8,5.9,-14815.0,,32.65,,0.01064,1.2635,5614217.0,69270.0,-32440.0,40.0,,,,
1998-10-30,163.9,174.4,71.223,72.937,162.0,101.5,2.5,,,9293.991,13191.67,47555.0,86.7914,17.131,4.5,7.9,126949.0,309000.0,,,,67.2,5.07,5.057142857142857,4.096,4.628,5.116,0.532,0.418,6.4319999999999995,1.416,6.83,4307.9,44.1,932.1106,1405396.66,572289.34,91.717,1715.0,1719.0,,4.0,97.4,236174.0,5998.8,5.9,-14815.0,,31.060000000000002,,-0.0074,1.0026,5614217.0,69270.0,-32440.0,40.0,,,,
1998-11-06,164.1,174.8,71.226,72.95,162.2,101.1,2.3,,,9293.991,13191.67,47555.0,86.7256,16.118,4.4,7.7,127222.0,308000.0,,,,67.1,4.83,5.089999999999999,4.4,4.826,5.29,0.426,0.262,6.211666666666666,1.4583333333333333,6.89,4346.6,44.1,942.2355,1408442.69,571207.79,92.2,1660.0,1672.0,,3.5,102.7,237592.0,6015.4,6.0,-15173.0,,26.82,,-0.03378,0.5633,5614217.0,69270.0,-16937.0,40.0,,,,
1998-11-13,164.1,174.8,71.226,72.95,162.2,101.1,2.3,,,9293.991,13191.67,47555.0,86.7256,16.118,4.4,7.7,127222.0,316000.0,,,,67.1,4.83,4.859999999999999,4.52,4.82,5.265,0.3,0.3025,5.8420000000000005,1.414,6.93,4346.6,44.1,942.2355,1408442.69,571207.79,92.2,1660.0,1672.0,,3.5,102.7,237592.0,6015.4,6.0,-15173.0,,28.607999999999997,,-0.06152,0.8105,5614217.0,69270.0,-16937.0,40.0,,,,
1998-11-20,164.1,174.8,71.226,72.95,162.2,101.1,2.3,,,9293.991,13191.67,47555.0,86.7256,16.118,4.4,7.7,127222.0,334000.0,,,,67.1,4.83,4.695714285714287,4.618,4.848,5.26,0.22999999999999998,0.388,5.522,1.398,6.86,4346.6,44.1,942.2355,1408442.69,571207.79,92.2,1660.0,1672.0,,3.5,102.7,237592.0,6015.4,6.0,-15173.0,,26.389999999999997,,-0.09044,0.5482,5614217.0,69270.0,-16937.0,40.0,,,,
1998-11-27,164.1,174.8,71.226,72.95,162.2,101.1,2.3,,,9293.991,13191.67,47555.0,86.7256,16.118,4.4,7.7,127222.0,304000.0,,,,67.1,4.83,4.688571428571429,4.6375,4.8325,5.2075000000000005,0.195,0.25,5.354,1.344,6.78,4346.6,44.1,942.2355,1408442.69,571207.79,92.2,1660.0,1672.0,,3.5,102.7,237592.0,6015.4,6.0,-15173.0,,22.34,,-0.116,0.0486,5614217.0,69270.0,-16937.0,40.0,,,,
1998-12-04,164.4,175.4,71.298,73.076,162.4,100.1,2.5,,,9293.991,13191.67,47555.0,87.1185,17.409,4.4,7.6,127595.0,310000.0,,,,67.2,4.68,4.788571428571429,4.432,4.64,5.048,0.20800000000000002,0.146,5.51,1.228,6.71,4375.6,45.2,938.7909,1420996.44,581414.78,92.712,1792.0,1742.0,,3.8,100.5,240140.0,6070.5,5.5,-14745.0,,26.083999999999996,,-0.13713,0.7139,5614217.0,69270.0,-5156.0,40.0,,,,
1998-12-11,164.4,175.4,71.298,73.076,162.4,100.1,2.5,,,9293.991,13191.67,47555.0,87.1185,17.409,4.4,7.6,127595.0,326000.0,,,,67.2,4.68,4.755714285714285,4.454,4.598000000000001,4.997999999999999,0.144,0.138,5.544,1.21,6.69,4375.6,45.2,938.7909,1420996.44,581414.78,92.712,1792.0,1742.0,,3.8,100.5,240140.0,6070.5,5.5,-14745.0,,26.133999999999997,,-0.15627,0.6178,5614217.0,69270.0,-5156.0,40.0,,,,
1998-12-18,164.4,175.4,71.298,73.076,162.4,100.1,2.5,,,9293.991,13191.67,47555.0,87.1185,17.409,4.4,7.6,127595.0,305000.0,,,,67.2,4.68,4.912857142857143,4.432,4.588,5.01,0.156,0.11000000000000001,5.628,1.244,6.69,4375.6,45.2,938.7909,1420996.44,581414.78,92.712,1792.0,1742.0,,3.8,100.5,240140.0,6070.5,5.5,-14745.0,,28.738,,-0.1742,0.659,5614217.0,69270.0,-5156.0,40.0,,,,
1998-12-25,164.4,175.4,71.298,73.076,162.4,100.1,2.5,,,9293.991,13191.67,47555.0,87.1185,17.409,4.4,7.6,127595.0,297000.0,,,,67.2,4.68,4.555714285714286,4.665,4.7524999999999995,5.157500000000001,0.0875,0.2125,5.4825,1.24,6.77,4375.6,45.2,938.7909,1420996.44,581414.78,92.712,1792.0,1742.0,,3.8,100.5,240140.0,6070.5,5.5,-14745.0,,22.0825,,-0.19198,0.2799,5614217.0,69270.0,-5156.0,40.0,,,,
1999-01-01,164.7,175.6,71.398,73.18,163.0,99.7,2.7,,,9411.682,13315.597,47880.0,87.4949,16.593,4.3,7.6,127699.0,336000.0,,,,67.2,4.63,4.422857142857143,4.6075,4.6975,5.1175,0.09,0.1525,5.5225,1.32,6.83,4403.0,46.8,937.4063,1431236.93,585177.01,93.208,1748.0,1732.0,,3.9,103.9,240269.0,6073.9,6.1,-15876.0,,23.36,,-0.20855,0.4445,5651615.0,69270.0,70505.0,40.0,,,,
1999-01-08,164.7,175.6,71.398,73.18,163.0,99.7,2.7,,,9411.682,13315.597,47880.0,87.4949,16.593,4.3,7.6,127699.0,331000.0,,,,67.2,4.63,4.454285714285715,4.636,4.758,5.204,0.122,0.28600000000000003,5.54,1.196,6.79,4403.0,46.8,937.4063,1431236.93,585177.01,93.208,1748.0,1732.0,,3.9,103.9,240269.0,6073.9,6.1,-15876.0,,24.324,,-0.22338,0.1659,5651615.0,69270.0,70505.0,40.0,,,,
1999-01-15,164.7,175.6,71.398,73.18,163.0,99.7,2.7,,,9411.682,13315.597,47880.0,87.4949,16.593,4.3,7.6,127699.0,345000.0,,,,67.2,4.63,4.792857142857143,4.612,4.75,5.17,0.138,0.286,5.544,1.16,6.83,4403.0,46.8,937.4063,1431236.93,585177.01,93.208,1748.0,1732.0,,3.9,103.9,240269.0,6073.9,6.1,-15876.0,,29.177999999999997,,-0.23897,0.5806,5651615.0,69270.0,70505.0,40.0,,,,
1999-01-22,164.7,175.6,71.398,73.18,163.0,99.7,2.7,,,9411.682,13315.597,47880.0,87.4949,16.593,4.3,7.6,127699.0,339000.0,,,,67.2,4.63,4.5685714285714285,4.625,4.7025,5.137499999999999,0.0775,0.3375,5.5600000000000005,1.176,6.78,4403.0,46.8,937.4063,1431236.93,585177.01,93.208,1748.0,1732.0,,3.9,103.9,240269.0,6073.9,6.1,-15876.0,,30.177500000000002,,-0.2556,0.5569,5651615.0,69270.0,70505.0,40.0,,,,
1999-01-29,164.7,175.6,71.398,73.18,163.0,99.7,2.7,,,9411.682,13315.597,47880.0,87.4949,16.593,4.3,7.6,127699.0,311000.0,,,,67.2,4.63,4.75,4.59,4.674,5.116,0.08399999999999999,0.20600000000000002,5.54,1.174,6.74,4403.0,46.8,937.4063,1431236.93,585177.01,93.208,1748.0,1732.0,,3.9,103.9,240269.0,6073.9,6.1,-15876.0,,28.889999999999997,,-0.27414,0.2692,5651615.0,69270.0,70505.0,40.0,,,,
1999-02-05,164.7,175.6,71.358,73.155,163.3,99.2,2.5,,,9411.682,13315.597,47880.0,88.027,17.097,4.4,7.7,128117.0,305000.0,,,,67.2,4.76,4.755714285714285,4.728,4.84,5.264,0.11200000000000002,0.33399999999999996,5.4750000000000005,1.1566666666666665,6.75,4425.8,45.5,935.6172,1441314.59,585454.04,93.672,1670.0,1720.0,,4.0,108.1,243346.0,6099.2,6.0,-18468.0,,28.572000000000003,,-0.294,0.1439,5651615.0,69270.0,-42337.0,40.0,,,,
1999-02-12,164.7,175.6,71.358,73.155,163.3,99.2,2.5,,,9411.682,13315.597,47880.0,88.027,17.097,4.4,7.7,128117.0,291000.0,,,,67.2,4.76,4.738571428571428,4.814,4.948,5.346,0.134,0.43,5.338,1.138,6.77,4425.8,45.5,935.6172,1441314.59,585454.04,93.672,1670.0,1720.0,,4.0,108.1,243346.0,6099.2,6.0,-18468.0,,29.851999999999997,,-0.31461,0.2149,5651615.0,69270.0,-42337.0,40.0,,,,
1999-02-19,164.7,175.6,71.358,73.155,163.3,99.2,2.5,,,9411.682,13315.597,47880.0,88.027,17.097,4.4,7.7,128117.0,312000.0,,,,67.2,4.76,4.755714285714285,4.925,5.03,5.355,0.105,0.4875,5.244,1.114,6.82,4425.8,45.5,935.6172,1441314.59,585454.04,93.672,1670.0,1720.0,,4.0,108.1,243346.0,6099.2,6.0,-18468.0,,30.0125,,-0.33542,0.0649,5651615.0,69270.0,-42337.0,40.0,,,,
1999-02-26,164.7,175.6,71.358,73.155,163.3,99.2,2.5,,,9411.682,13315.597,47880.0,88.027,17.097,4.4,7.7,128117.0,302000.0,,,,67.2,4.76,4.7942857142857145,5.048,5.184,5.494,0.136,0.532,5.2299999999999995,1.098,6.89,4425.8,45.5,935.6172,1441314.59,585454.04,93.672,1670.0,1720.0,,4.0,108.1,243346.0,6099.2,6.0,-18468.0,,27.092000000000002,,-0.35466,-0.0153,5651615.0,69270.0,-42337.0,40.0,,,,
1999-03-05,164.8,175.7,71.412,73.177,163.3,100.4,2.7,,,9411.682,13315.597,47880.0,88.2267,16.832,4.2,7.5,128234.0,301000.0,,,,67.0,4.81,4.835714285714286,5.182,5.378,5.654,0.196,0.73,5.213333333333334,1.0766666666666669,7.06,4432.6,43.2,944.2363,1450878.82,585157.22,94.219,1710.0,1665.0,,4.1,105.7,244687.0,6133.0,5.6,-17719.0,,27.476,,-0.37116,0.0283,5651615.0,69270.0,-22409.0,40.0,,,,
1999-03-12,164.8,175.7,71.412,73.177,163.3,100.4,2.7,,,9411.682,13315.597,47880.0,88.2267,16.832,4.2,7.5,128234.0,300000.0,,,,67.0,4.81,4.79,5.046,5.208,5.561999999999999,0.162,0.596,5.298,1.058,7.11,4432.6,43.2,944.2363,1450878.82,585157.22,94.219,1710.0,1665.0,,4.1,105.7,244687.0,6133.0,5.6,-17719.0,,24.712,,-0.38547,0.0656,5651615.0,69270.0,-22409.0,40.0,,,,
1999-03-19,164.8,175.7,71.412,73.177,163.3,100.4,2.7,,,9411.682,13315.597,47880.0,88.2267,16.832,4.2,7.5,128234.0,308000.0,,,,67.0,4.81,4.78,5.0,5.136,5.504,0.136,0.5940000000000001,5.272,1.032,7.01,4432.6,43.2,944.2363,1450878.82,585157.22,94.219,1710.0,1665.0,,4.1,105.7,244687.0,6133.0,5.6,-17719.0,,24.881999999999998,,-0.39677,0.0653,5651615.0,69270.0,-22409.0,40.0,,,,
1999-03-26,164.8,175.7,71.412,73.177,163.3,100.4,2.7,,,9411.682,13315.597,47880.0,88.2267,16.832,4.2,7.5,128234.0,305000.0,,,,67.0,4.81,4.825714285714286,5.0200000000000005,5.2,5.5760000000000005,0.18,0.692,5.196,1.026,6.98,4432.6,43.2,944.2363,1450878.82,585157.22,94.219,1710.0,1665.0,,4.1,105.7,244687.0,6133.0,5.6,-17719.0,,25.448,,-0.40521,0.1411,5651615.0,69270.0,-22409.0,40.0,,,,
1999-04-02,165.9,176.3,71.757,73.365,163.5,105.5,2.7,,,9526.21,13426.748,48148.0,88.4295,16.929,4.3,7.7,128595.0,298000.0,,,,67.1,4.74,4.892857142857143,4.99,5.242,5.6259999999999994,0.252,0.772,5.16,1.034,6.98,4461.4,43.6,947.1871,1457670.57,585734.42,94.787,1553.0,1600.0,,3.9,104.6,246628.0,6199.5,4.7,-17946.0,,22.8975,,-0.41163,0.0894,5638780.0,69270.0,113459.0,40.0,,,,
1999-04-09,165.9,176.3,71.757,73.365,163.5,105.5,2.7,,,9526.21,13426.748,48148.0,88.4295,16.929,4.3,7.7,128595.0,310000.0,,,,67.1,4.74,4.692857142857143,4.912,5.11,5.504,0.198,0.6980000000000001,5.1659999999999995,1.042,6.92,4461.4,43.6,947.1871,1457670.57,585734.42,94.787,1553.0,1600.0,,3.9,104.6,246628.0,6199.5,4.7,-17946.0,,22.401999999999997,,-0.41665,0.1859,5638780.0,69270.0,113459.0,40.0,,,,
1999-04-16,165.9,176.3,71.757,73.365,163.5,105.5,2.7,,,9526.21,13426.748,48148.0,88.4295,16.929,4.3,7.7,128595.0,319000.0,,,,67.1,4.74,4.68,4.962,5.144,5.5120000000000005,0.182,0.8240000000000001,5.048,1.04,6.87,4461.4,43.6,947.1871,1457670.57,585734.42,94.787,1553.0,1600.0,,3.9,104.6,246628.0,6199.5,4.7,-17946.0,,23.486,,-0.42096,0.0743,5638780.0,69270.0,113459.0,40.0,,,,
1999-04-23,165.9,176.3,71.757,73.365,163.5,105.5,2.7,,,9526.21,13426.748,48148.0,88.4295,16.929,4.3,7.7,128595.0,314000.0,,,,67.1,4.74,4.61,5.004,5.204,5.56,0.2,0.818,4.973999999999999,1.028,6.88,4461.4,43.6,947.1871,1457670.57,585734.42,94.787,1553.0,1600.0,,3.9,104.6,246628.0,6199.5,4.7,-17946.0,,24.026,,-0.42443,0.1168,5638780.0,69270.0,113459.0,40.0,,,,
1999-04-30,165.9,176.3,71.757,73.365,163.5,105.5,2.7,,,9526.21,13426.748,48148.0,88.4295,16.929,4.3,7.7,128595.0,291000.0,,,,67.1,4.74,4.872857142857143,5.026,5.26,5.582,0.23399999999999999,0.752,4.912000000000001,1.048,6.93,4461.4,43.6,947.1871,1457670.57,585734.42,94.787,1553.0,1600.0,,3.9,104.6,246628.0,6199.5,4.7,-17946.0,,24.284,,-0.42689,-0.0942,5638780.0,69270.0,113459.0,40.0,,,,
1999-05-07,166.0,176.5,71.804,73.435,163.8,104.9,2.8,,,9526.21,13426.748,48148.0,88.9886,17.564,4.2,7.4,128813.0,296000.0,,,,67.1,4.74,4.831428571428572,5.134,5.452,5.744,0.31799999999999995,0.8320000000000001,4.6579999999999995,1.036,7.02,4486.1,44.8,942.0807,1468146.61,588377.69,95.346,1611.0,1640.0,,4.0,106.8,248367.0,6232.1,4.4,-20046.0,,25.552,,-0.42697,-0.0492,5638780.0,69270.0,-23969.0,40.0,,,,
1999-05-14,166.0,176.5,71.804,73.435,163.8,104.9,2.8,,,9526.21,13426.748,48148.0,88.9886,17.564,4.2,7.4,128813.0,310000.0,,,,67.1,4.74,4.718571428571429,5.19,5.534000000000001,5.828,0.344,0.924,4.684,1.02,7.1,4486.1,44.8,942.0807,1468146.61,588377.69,95.346,1611.0,1640.0,,4.0,106.8,248367.0,6232.1,4.4,-20046.0,,26.05,,-0.42294,0.0111,5638780.0,69270.0,-23969.0,40.0,,,,
1999-05-21,166.0,176.5,71.804,73.435,163.8,104.9,2.8,,,9526.21,13426.748,48148.0,88.9886,17.564,4.2,7.4,128813.0,301000.0,,,,67.1,4.74,4.738571428571428,5.3420000000000005,5.612,5.846,0.27,0.968,4.683999999999999,1.016,7.23,4486.1,44.8,942.0807,1468146.61,588377.69,95.346,1611.0,1640.0,,4.0,106.8,248367.0,6232.1,4.4,-20046.0,,25.695999999999998,,-0.41453,0.1468,5638780.0,69270.0,-23969.0,40.0,,,,
1999-05-28,166.0,176.5,71.804,73.435,163.8,104.9,2.8,,,9526.21,13426.748,48148.0,88.9886,17.564,4.2,7.4,128813.0,298000.0,,,,67.1,4.74,4.737142857142857,5.351999999999999,5.5600000000000005,5.804,0.20800000000000002,0.9099999999999999,4.772,1.054,7.23,4486.1,44.8,942.0807,1468146.61,588377.69,95.346,1611.0,1640.0,,4.0,106.8,248367.0,6232.1,4.4,-20046.0,,27.52,,-0.40223,0.2722,5638780.0,69270.0,-23969.0,40.0,,,,
1999-06-04,166.0,176.6,71.826,73.474,163.7,104.5,2.5,,,9526.21,13426.748,48148.0,88.9188,17.346,4.3,7.5,129084.0,303000.0,,,,67.1,4.76,4.645714285714286,5.547499999999999,5.8,5.952500000000001,0.2525,1.1175,4.688000000000001,1.088,7.41,4508.0,42.3,949.8025,1479315.32,594610.74,95.976,1559.0,1702.0,,3.9,107.3,249329.0,6260.3,4.3,-22892.0,,25.615000000000002,,-0.38721,0.0694,5638780.0,69270.0,53568.0,40.0,,,,
1999-06-11,166.0,176.6,71.826,73.474,163.7,104.5,2.5,,,9526.21,13426.748,48148.0,88.9188,17.346,4.3,7.5,129084.0,303000.0,,,,67.1,4.76,4.72,5.62,5.89,6.034,0.27,1.236,4.662,1.094,7.51,4508.0,42.3,949.8025,1479315.32,594610.74,95.976,1559.0,1702.0,,3.9,107.3,249329.0,6260.3,4.3,-22892.0,,24.584,,-0.37028,0.1067,5638780.0,69270.0,53568.0,40.0,,,,
1999-06-18,166.0,176.6,71.826,73.474,163.7,104.5,2.5,,,9526.21,13426.748,48148.0,88.9188,17.346,4.3,7.5,129084.0,290000.0,,,,67.1,4.76,4.717142857142858,5.596,5.906000000000001,6.046,0.31,1.206,4.688000000000001,1.1,7.65,4508.0,42.3,949.8025,1479315.32,594610.74,95.976,1559.0,1702.0,,3.9,107.3,249329.0,6260.3,4.3,-22892.0,,23.704,,-0.35206,0.1514,5638780.0,69270.0,53568.0,40.0,,,,
1999-06-25,166.0,176.6,71.826,73.474,163.7,104.5,2.5,,,9526.21,13426.748,48148.0,88.9188,17.346,4.3,7.5,129084.0,292000.0,,,,67.1,4.76,4.757142857142858,5.69,5.982,6.112,0.292,1.234,4.6259999999999994,1.098,7.63,4508.0,42.3,949.8025,1479315.32,594610.74,95.976,1559.0,1702.0,,3.9,107.3,249329.0,6260.3,4.3,-22892.0,,21.93,,-0.33231,0.0287,5638780.0,69270.0,53568.0,40.0,,,,
1999-07-02,166.7,177.1,72.017,73.606,163.9,106.7,2.7,,,9686.626,13604.771,48632.0,89.4333,17.688,4.3,7.5,129422.0,291000.0,,,,67.1,4.99,5.067142857142857,5.61,5.874,6.034000000000001,0.264,1.1,4.76,1.1199999999999999,7.71,4535.4,41.6,958.6382,1492377.6,600995.38,96.592,1669.0,1682.0,,4.0,106.0,251263.0,6287.6,4.4,-23100.0,,20.916,,-0.311,0.1047,5656271.0,69270.0,-25164.0,40.0,,,,
1999-07-09,166.7,177.1,72.017,73.606,163.9,106.7,2.7,,,9686.626,13604.771,48632.0,89.4333,17.688,4.3,7.5,129422.0,287000.0,,,,67.1,4.99,4.904285714285714,5.62,5.8725,6.0375,0.2525,1.1824999999999999,4.772,1.136,7.65,4535.4,41.6,958.6382,1492377.6,600995.38,96.592,1669.0,1682.0,,4.0,106.0,251263.0,6287.6,4.4,-23100.0,,19.82,,-0.28743,0.1839,5656271.0,69270.0,-25164.0,40.0,,,,
1999-07-16,166.7,177.1,72.017,73.606,163.9,106.7,2.7,,,9686.626,13604.771,48632.0,89.4333,17.688,4.3,7.5,129422.0,288000.0,,,,67.1,4.99,4.988571428571428,5.522,5.718,5.91,0.196,1.008,4.822,1.132,7.58,4535.4,41.6,958.6382,1492377.6,600995.38,96.592,1669.0,1682.0,,4.0,106.0,251263.0,6287.6,4.4,-23100.0,,19.098000000000003,,-0.26158,0.292,5656271.0,69270.0,-25164.0,40.0,,,,
1999-07-23,166.7,177.1,72.017,73.606,163.9,106.7,2.7,,,9686.626,13604.771,48632.0,89.4333,17.688,4.3,7.5,129422.0,309000.0,,,,67.1,4.99,4.964285714285714,5.4879999999999995,5.718,5.938,0.22999999999999998,1.0859999999999999,4.806,1.13,7.52,4535.4,41.6,958.6382,1492377.6,600995.38,96.592,1669.0,1682.0,,4.0,106.0,251263.0,6287.6,4.4,-23100.0,,21.738,,-0.23579,0.3274,5656271.0,69270.0,-25164.0,40.0,,,,
1999-07-30,166.7,177.1,72.017,73.606,163.9,106.7,2.7,,,9686.626,13604.771,48632.0,89.4333,17.688,4.3,7.5,129422.0,306000.0,,,,67.1,4.99,5.024285714285715,5.5920000000000005,5.858,6.048,0.266,1.1460000000000001,4.822,1.172,7.7,4535.4,41.6,958.6382,1492377.6,600995.38,96.592,1669.0,1682.0,,4.0,106.0,251263.0,6287.6,4.4,-23100.0,,24.044,,-0.21199,0.3095,5656271.0,69270.0,-25164.0,40.0,,,,
1999-08-06,167.1,177.3,72.148,73.642,164.2,109.5,2.8,,,9686.626,13604.771,48632.0,89.7924,17.641,4.2,7.3,129572.0,300000.0,,,,67.0,5.07,5.024285714285715,5.636,5.946,6.122,0.31,1.144,4.723333333333334,1.21,7.89,4552.7,41.7,969.3807,1503226.61,603528.93,97.219,1648.0,1671.0,,4.0,104.5,253844.0,6331.9,4.3,-22626.0,,26.574,,-0.1906,0.4545,5656271.0,69270.0,-2803.0,40.0,,,,
1999-08-13,167.1,177.3,72.148,73.642,164.2,109.5,2.8,,,9686.626,13604.771,48632.0,89.7924,17.641,4.2,7.3,129572.0,295000.0,,,,67.0,5.07,4.99,5.766,6.08,6.194,0.314,1.21,4.71,1.234,8.15,4552.7,41.7,969.3807,1503226.61,603528.93,97.219,1648.0,1671.0,,4.0,104.5,253844.0,6331.9,4.3,-22626.0,,25.768,,-0.17372,0.3301,5656271.0,69270.0,-2803.0,40.0,,,,
1999-08-20,167.1,177.3,72.148,73.642,164.2,109.5,2.8,,,9686.626,13604.771,48632.0,89.7924,17.641,4.2,7.3,129572.0,292000.0,,,,67.0,5.07,5.001428571428571,5.68,5.906000000000001,6.029999999999999,0.22599999999999998,1.1,4.843999999999999,1.236,7.93,4552.7,41.7,969.3807,1503226.61,603528.93,97.219,1648.0,1671.0,,4.0,104.5,253844.0,6331.9,4.3,-22626.0,,23.076,,-0.16099,0.318,5656271.0,69270.0,-2803.0,40.0,,,,
1999-08-27,167.1,177.3,72.148,73.642,164.2,109.5,2.8,,,9686.626,13604.771,48632.0,89.7924,17.641,4.2,7.3,129572.0,286000.0,,,,67.0,5.07,5.111428571428571,5.61,5.814,5.928,0.20400000000000001,0.8460000000000001,4.958,1.238,7.8,4552.7,41.7,969.3807,1503226.61,603528.93,97.219,1648.0,1671.0,,4.0,104.5,253844.0,6331.9,4.3,-22626.0,,21.79,,-0.15014,0.1498,5656271.0,69270.0,-2803.0,40.0,,,,
1999-09-03,167.8,177.8,72.407,73.837,164.6,111.8,2.7,,,9686.626,13604.771,48632.0,89.4299,17.662,4.2,7.4,129771.0,290000.0,,,,67.0,5.22,5.311428571428571,5.716,5.968,6.08,0.252,1.008,4.916,1.274,7.83,4568.8,41.3,975.6399,1511059.26,606886.56,97.863,1635.0,1551.0,,4.5,107.2,255029.0,6386.5,3.7,-22699.0,,23.503999999999998,,-0.13872,0.2621,5656271.0,69270.0,58042.0,40.0,,,,
1999-09-10,167.8,177.8,72.407,73.837,164.6,111.8,2.7,,,9686.626,13604.771,48632.0,89.4299,17.662,4.2,7.4,129771.0,290000.0,,,,67.0,5.22,5.168571428571428,5.6775,5.935,6.0675,0.2575,1.1225,4.968,1.274,7.88,4568.8,41.3,975.6399,1511059.26,606886.56,97.863,1635.0,1551.0,,4.5,107.2,255029.0,6386.5,3.7,-22699.0,,23.075000000000003,,-0.12602,0.4251,5656271.0,69270.0,58042.0,40.0,,,,
1999-09-17,167.8,177.8,72.407,73.837,164.6,111.8,2.7,,,9686.626,13604.771,48632.0,89.4299,17.662,4.2,7.4,129771.0,281000.0,,,,67.0,5.22,5.231428571428571,5.66,5.918,6.082,0.258,1.168,5.022,1.254,7.82,4568.8,41.3,975.6399,1511059.26,606886.56,97.863,1635.0,1551.0,,4.5,107.2,255029.0,6386.5,3.7,-22699.0,,23.954,,-0.11319,0.4611,5656271.0,69270.0,58042.0,40.0,,,,
1999-09-24,167.8,177.8,72.407,73.837,164.6,111.8,2.7,,,9686.626,13604.771,48632.0,89.4299,17.662,4.2,7.4,129771.0,281000.0,,,,67.0,5.22,5.1814285714285715,5.638,5.878,6.056,0.24,1.072,5.1259999999999994,1.25,7.76,4568.8,41.3,975.6399,1511059.26,606886.56,97.863,1635.0,1551.0,,4.5,107.2,255029.0,6386.5,3.7,-22699.0,,26.1,,-0.10108,0.4865,5656271.0,69270.0,58042.0,40.0,,,,
1999-10-01,168.1,178.1,72.529,73.963,165.0,112.0,2.9,,,9900.169,13827.98,49281.0,90.523,17.684,4.1,7.2,130178.0,306000.0,,,,67.0,5.2,5.308571428571428,5.662000000000001,5.918,6.086,0.256,1.036,5.124,1.236,7.7,4592.7,40.7,979.0983,1517281.83,608141.54,98.523,1608.0,1649.0,,4.2,103.2,254816.0,6411.4,4.0,-23372.0,,25.857999999999997,,-0.09071,0.5173,5776091.0,125610.0,-26326.0,40.0,,,,
1999-10-08,168.1,178.1,72.529,73.963,165.0,112.0,2.9,,,9900.169,13827.98,49281.0,90.523,17.684,4.1,7.2,130178.0,309000.0,,,,67.0,5.2,5.214285714285714,5.782,6.0200000000000005,6.1659999999999995,0.238,1.1800000000000002,5.038,1.228,7.82,4592.7,40.7,979.0983,1517281.83,608141.54,98.523,1608.0,1649.0,,4.2,103.2,254816.0,6411.4,4.0,-23372.0,,23.076,,-0.0846,0.8172,5776091.0,125610.0,-26326.0,40.0,,,,
1999-10-15,168.1,178.1,72.529,73.963,165.0,112.0,2.9,,,9900.169,13827.98,49281.0,90.523,17.684,4.1,7.2,130178.0,291000.0,,,,67.0,5.2,5.185714285714285,5.8525,6.1125,6.275,0.26,1.1199999999999999,4.96,1.19,7.85,4592.7,40.7,979.0983,1517281.83,608141.54,98.523,1608.0,1649.0,,4.2,103.2,254816.0,6411.4,4.0,-23372.0,,24.846,,-0.08669,0.8686,5776091.0,125610.0,-26326.0,40.0,,,,
1999-10-22,168.1,178.1,72.529,73.963,165.0,112.0,2.9,,,9900.169,13827.98,49281.0,90.523,17.684,4.1,7.2,130178.0,287000.0,,,,67.0,5.2,5.151428571428572,5.92,6.18,6.3420000000000005,0.26,1.048,4.958,1.204,7.93,4592.7,40.7,979.0983,1517281.83,608141.54,98.523,1608.0,1649.0,,4.2,103.2,254816.0,6411.4,4.0,-23372.0,,24.862000000000002,,-0.09628,0.6959,5776091.0,125610.0,-26326.0,40.0,,,,
1999-10-29,168.1,178.1,72.529,73.963,165.0,112.0,2.9,,,9900.169,13827.98,49281.0,90.523,17.684,4.1,7.2,130178.0,280000.0,,,,67.0,5.2,5.22,5.92,6.1579999999999995,6.296,0.238,1.026,5.014,1.17,7.96,4592.7,40.7,979.0983,1517281.83,608141.54,98.523,1608.0,1649.0,,4.2,103.2,254816.0,6411.4,4.0,-23372.0,,23.119999999999997,,-0.11151,0.4574,5776091.0,125610.0,-26326.0,40.0,,,,
1999-11-05,168.4,178.4,72.594,74.034,165.3,111.5,2.9,,,9900.169,13827.98,49281.0,90.9618,17.62,4.1,7.2,130466.0,285000.0,,,,67.1,5.42,5.2457142857142856,5.7780000000000005,5.996,6.1240000000000006,0.21800000000000003,0.8640000000000001,5.141666666666667,1.2049999999999998,7.84,4611.8,41.0,1000.2986,1525334.42,610101.83,99.154,1648.0,1672.0,,4.3,107.2,258133.0,6448.7,4.1,-25126.0,,22.602,,-0.12925,0.5912,5776091.0,125610.0,-27031.0,40.0,,,,
1999-11-12,168.4,178.4,72.594,74.034,165.3,111.5,2.9,,,9900.169,13827.98,49281.0,90.9618,17.62,4.1,7.2,130466.0,282000.0,,,,67.1,5.42,5.2457142857142856,5.775,5.9625,6.0625,0.1875,0.7575000000000001,5.144,1.204,7.67,4611.8,41.0,1000.2986,1525334.42,610101.83,99.154,1648.0,1672.0,,4.3,107.2,258133.0,6448.7,4.1,-25126.0,,22.11,,-0.14683,0.3576,5776091.0,125610.0,-27031.0,40.0,,,,
1999-11-19,168.4,178.4,72.594,74.034,165.3,111.5,2.9,,,9900.169,13827.98,49281.0,90.9618,17.62,4.1,7.2,130466.0,281000.0,,,,67.1,5.42,5.467142857142858,5.872,6.016,6.114,0.144,0.76,5.104,1.206,7.69,4611.8,41.0,1000.2986,1525334.42,610101.83,99.154,1648.0,1672.0,,4.3,107.2,258133.0,6448.7,4.1,-25126.0,,20.66,,-0.16139,0.1087,5776091.0,125610.0,-27031.0,40.0,,,,
1999-11-26,168.4,178.4,72.594,74.034,165.3,111.5,2.9,,,9900.169,13827.98,49281.0,90.9618,17.62,4.1,7.2,130466.0,276000.0,,,,67.1,5.42,5.572857142857143,5.96,6.095,6.215,0.135,0.8125,4.997999999999999,1.198,7.75,4611.8,41.0,1000.2986,1525334.42,610101.83,99.154,1648.0,1672.0,,4.3,107.2,258133.0,6448.7,4.1,-25126.0,,20.8925,,-0.16886,0.189,5776091.0,125610.0,-27031.0,40.0,,,,
1999-12-03,168.8,178.7,72.763,74.128,165.5,113.8,3.0,,,9900.169,13827.98,49281.0,91.6634,18.322,4.0,7.1,130783.0,288000.0,,,,67.1,5.3,5.590000000000001,6.0280000000000005,6.202,6.295999999999999,0.174,0.916,4.894,1.17,7.84,4639.3,41.7,1000.6226,1531105.96,610696.47,99.845,1708.0,1683.0,,4.3,105.4,263311.0,6541.0,3.7,-25939.0,,22.214,,-0.17103,0.3165,5776091.0,125610.0,33081.0,40.0,,,,
1999-12-10,168.8,178.7,72.763,74.128,165.5,113.8,3.0,,,9900.169,13827.98,49281.0,91.6634,18.322,4.0,7.1,130783.0,287000.0,,,,67.1,5.3,5.441428571428572,5.96,6.128,6.215999999999999,0.16799999999999998,0.8859999999999999,4.888,1.166,7.84,4639.3,41.7,1000.6226,1531105.96,610696.47,99.845,1708.0,1683.0,,4.3,105.4,263311.0,6541.0,3.7,-25939.0,,21.118000000000002,,-0.16951,0.4107,5776091.0,125610.0,33081.0,40.0,,,,
1999-12-17,168.8,178.7,72.763,74.128,165.5,113.8,3.0,,,9900.169,13827.98,49281.0,91.6634,18.322,4.0,7.1,130783.0,272000.0,,,,67.1,5.3,5.444285714285714,6.086,6.2379999999999995,6.324,0.152,0.8460000000000001,4.766,1.168,7.86,4639.3,41.7,1000.6226,1531105.96,610696.47,99.845,1708.0,1683.0,,4.3,105.4,263311.0,6541.0,3.7,-25939.0,,22.014,,-0.1683,0.206,5776091.0,125610.0,33081.0,40.0,,,,
1999-12-24,168.8,178.7,72.763,74.128,165.5,113.8,3.0,,,9900.169,13827.98,49281.0,91.6634,18.322,4.0,7.1,130783.0,287000.0,,,,67.1,5.3,5.381428571428572,6.225,6.385,6.4625,0.16,0.8225,4.67,1.15,7.96,4639.3,41.7,1000.6226,1531105.96,610696.47,99.845,1708.0,1683.0,,4.3,105.4,263311.0,6541.0,3.7,-25939.0,,22.497500000000002,,-0.1688,0.1098,5776091.0,125610.0,33081.0,40.0,,,,
1999-12-31,168.8,178.7,72.763,74.128,165.5,113.8,3.0,,,9900.169,13827.98,49281.0,91.6634,18.322,4.0,7.1,130783.0,268000.0,,,,67.1,5.3,4.798571428571429,6.216,6.414,6.459999999999999,0.198,1.082,4.702,1.138,8.06,4639.3,41.7,1000.6226,1531105.96,610696.47,99.845,1708.0,1683.0,,4.3,105.4,263311.0,6541.0,3.7,-25939.0,,23.706,,-0.17236,0.4244,5776091.0,125610.0,33081.0,40.0,,,,
2000-01-07,169.3,179.3,72.961,74.306,165.6,115.0,3.0,,,10002.179,13878.147,49335.0,91.538,18.635,4.0,7.0,131011.0,286000.0,,,,67.3,5.45,5.05,6.343999999999999,6.556,6.581999999999999,0.21200000000000002,1.128,4.787999999999999,1.176,8.15,4667.6,44.2,1003.1482,1538520.18,614846.55,100.552,1636.0,1727.0,,4.3,112.0,261545.0,6542.9,4.5,-27131.0,,25.016,,-0.18219,0.0242,5773392.0,125610.0,62152.0,40.1,,,,
2000-01-14,169.3,179.3,72.961,74.306,165.6,115.0,3.0,,,10002.179,13878.147,49335.0,91.538,18.635,4.0,7.0,131011.0,298000.0,,,,67.3,5.45,5.617142857142857,6.432,6.656000000000001,6.664,0.22400000000000003,1.232,4.772,1.176,8.18,4667.6,44.2,1003.1482,1538520.18,614846.55,100.552,1636.0,1727.0,,4.3,112.0,261545.0,6542.9,4.5,-27131.0,,21.684,,-0.19342,0.0152,5773392.0,125610.0,62152.0,40.1,,,,
2000-01-21,169.3,179.3,72.961,74.306,165.6,115.0,3.0,,,10002.179,13878.147,49335.0,91.538,18.635,4.0,7.0,131011.0,289000.0,,,,67.3,5.45,5.54,6.475,6.765000000000001,6.73,0.29000000000000004,1.26,4.752,1.19,8.26,4667.6,44.2,1003.1482,1538520.18,614846.55,100.552,1636.0,1727.0,,4.3,112.0,261545.0,6542.9,4.5,-27131.0,,21.447499999999998,,-0.20375,0.0311,5773392.0,125610.0,62152.0,40.1,,,,
2000-01-28,169.3,179.3,72.961,74.306,165.6,115.0,3.0,,,10002.179,13878.147,49335.0,91.538,18.635,4.0,7.0,131011.0,284000.0,,,,67.3,5.45,5.488571428571428,6.481999999999999,6.684,6.574,0.202,1.096,4.808,1.18,8.25,4667.6,44.2,1003.1482,1538520.18,614846.55,100.552,1636.0,1727.0,,4.3,112.0,261545.0,6542.9,4.5,-27131.0,,23.96,,-0.21109,0.0643,5773392.0,125610.0,62152.0,40.1,,,,
2000-02-04,170.0,179.4,73.191,74.415,166.2,118.8,2.9,,,10002.179,13878.147,49335.0,91.8239,19.401,4.1,7.1,131120.0,285000.0,,,,67.3,5.73,5.695714285714286,6.606,6.5840000000000005,6.328,-0.022,0.898,4.892,1.198,8.25,4680.9,42.1,1016.2395,1549185.29,617332.56,101.339,1737.0,1692.0,,4.3,111.3,265686.0,6625.3,4.0,-29794.0,,23.014,,-0.21301,-0.0871,5773392.0,125610.0,-41734.0,40.1,,,,
2000-02-11,170.0,179.4,73.191,74.415,166.2,118.8,2.9,,,10002.179,13878.147,49335.0,91.8239,19.401,4.1,7.1,131120.0,312000.0,,,,67.3,5.73,5.727142857142858,6.676,6.617999999999999,6.304,-0.05800000000000001,0.9380000000000001,4.802,1.198,8.36,4680.9,42.1,1016.2395,1549185.29,617332.56,101.339,1737.0,1692.0,,4.3,111.3,265686.0,6625.3,4.0,-29794.0,,22.886000000000003,,-0.21078,0.0819,5773392.0,125610.0,-41734.0,40.1,,,,
2000-02-18,170.0,179.4,73.191,74.415,166.2,118.8,2.9,,,10002.179,13878.147,49335.0,91.8239,19.401,4.1,7.1,131120.0,300000.0,,,,67.3,5.73,5.727142857142858,6.651999999999999,6.55,6.228,-0.10200000000000001,0.82,4.858,1.208,8.38,4680.9,42.1,1016.2395,1549185.29,617332.56,101.339,1737.0,1692.0,,4.3,111.3,265686.0,6625.3,4.0,-29794.0,,23.996000000000002,,-0.20306,0.1249,5773392.0,125610.0,-41734.0,40.1,,,,
2000-02-25,170.0,179.4,73.191,74.415,166.2,118.8,2.9,,,10002.179,13878.147,49335.0,91.8239,19.401,4.1,7.1,131120.0,283000.0,,,,67.3,5.73,5.738571428571428,6.5375,6.380000000000001,6.13,-0.1575,0.5700000000000001,4.994,1.216,8.31,4680.9,42.1,1016.2395,1549185.29,617332.56,101.339,1737.0,1692.0,,4.3,111.3,265686.0,6625.3,4.0,-29794.0,,24.8325,,-0.1903,0.2169,5773392.0,125610.0,-41734.0,40.1,,,,
2000-03-03,171.0,180.0,73.505,74.568,166.5,124.3,3.2,,,10002.179,13878.147,49335.0,92.1504,18.343,4.0,7.1,131604.0,280000.0,,,,67.3,5.85,5.768571428571429,6.508,6.394,6.15,-0.11400000000000002,0.616,5.088,1.296,8.27,4711.7,39.7,1026.2416,1561450.69,622510.97,102.127,1604.0,1651.0,,4.3,107.1,269019.0,6686.5,3.8,-30557.0,,21.992,,-0.17429,-0.0684,5773392.0,125610.0,-35380.0,40.1,,,,
2000-03-10,171.0,180.0,73.505,74.568,166.5,124.3,3.2,,,10002.179,13878.147,49335.0,92.1504,18.343,4.0,7.1,131604.0,286000.0,,,,67.3,5.85,5.737142857142857,6.5120000000000005,6.386,6.168,-0.126,0.546,5.152,1.318,8.23,4711.7,39.7,1026.2416,1561450.69,622510.97,102.127,1604.0,1651.0,,4.3,107.1,269019.0,6686.5,3.8,-30557.0,,22.616,,-0.15432,-0.0183,5773392.0,125610.0,-35380.0,40.1,,,,
2000-03-17,171.0,180.0,73.505,74.568,166.5,124.3,3.2,,,10002.179,13878.147,49335.0,92.1504,18.343,4.0,7.1,131604.0,270000.0,,,,67.3,5.85,5.791428571428571,6.5,6.284000000000001,6.082,-0.21600000000000003,0.41,5.33,1.338,8.24,4711.7,39.7,1026.2416,1561450.69,622510.97,102.127,1604.0,1651.0,,4.3,107.1,269019.0,6686.5,3.8,-30557.0,,22.548000000000002,,-0.13223,-0.051,5773392.0,125610.0,-35380.0,40.1,,,,
2000-03-24,171.0,180.0,73.505,74.568,166.5,124.3,3.2,,,10002.179,13878.147,49335.0,92.1504,18.343,4.0,7.1,131604.0,271000.0,,,,67.3,5.85,5.884285714285714,6.536,6.144,5.970000000000001,-0.392,0.22800000000000004,5.482,1.344,8.23,4711.7,39.7,1026.2416,1561450.69,622510.97,102.127,1604.0,1651.0,,4.3,107.1,269019.0,6686.5,3.8,-30557.0,,22.344,,-0.11011,-0.2043,5773392.0,125610.0,-35380.0,40.1,,,,
2000-03-31,171.0,180.0,73.505,74.568,166.5,124.3,3.2,,,10002.179,13878.147,49335.0,92.1504,18.343,4.0,7.1,131604.0,272000.0,,,,67.3,5.85,6.0442857142857145,6.574,6.13,5.938000000000001,-0.44399999999999995,0.248,5.662,1.4040000000000001,8.23,4711.7,39.7,1026.2416,1561450.69,622510.97,102.127,1604.0,1651.0,,4.3,107.1,269019.0,6686.5,3.8,-30557.0,,24.613999999999997,,-0.08935,0.2006,5773392.0,125610.0,-35380.0,40.1,,,,
2000-04-07,170.9,180.3,73.444,74.617,166.7,120.9,3.2,,,10247.72,14130.908,50109.0,92.6989,17.939,3.8,6.9,131884.0,266000.0,,,,67.3,6.02,6.078571428571428,6.382,5.918,5.786,-0.4640000000000001,0.05,5.886,1.492,8.2,4767.8,40.6,1035.2058,1570527.74,625735.94,102.922,1626.0,1597.0,,4.4,109.2,264067.0,6679.1,4.3,-28598.0,,26.22,,-0.07362,0.4533,5685938.0,125610.0,159497.0,40.1,,,,
2000-04-14,170.9,180.3,73.444,74.617,166.7,120.9,3.2,,,10247.72,14130.908,50109.0,92.6989,17.939,3.8,6.9,131884.0,268000.0,,,,67.3,6.02,5.985714285714286,6.348000000000001,5.89,5.779999999999999,-0.458,0.064,5.89,1.548,8.12,4767.8,40.6,1035.2058,1570527.74,625735.94,102.922,1626.0,1597.0,,4.4,109.2,264067.0,6679.1,4.3,-28598.0,,29.022000000000002,,-0.05935,0.469,5685938.0,125610.0,159497.0,40.1,,,,
2000-04-21,170.9,180.3,73.444,74.617,166.7,120.9,3.2,,,10247.72,14130.908,50109.0,92.6989,17.939,3.8,6.9,131884.0,259000.0,,,,67.3,6.02,6.027142857142857,6.3425,6.01,5.88,-0.3325,0.2025,5.8374999999999995,1.5525,8.16,4767.8,40.6,1035.2058,1570527.74,625735.94,102.922,1626.0,1597.0,,4.4,109.2,264067.0,6679.1,4.3,-28598.0,,26.985,,-0.04641,0.4378,5685938.0,125610.0,159497.0,40.1,,,,
2000-04-28,170.9,180.3,73.444,74.617,166.7,120.9,3.2,,,10247.72,14130.908,50109.0,92.6989,17.939,3.8,6.9,131884.0,274000.0,,,,67.3,6.02,5.975714285714285,6.529999999999999,6.148000000000001,5.946,-0.382,0.366,5.764,1.576,8.13,4767.8,40.6,1035.2058,1570527.74,625735.94,102.922,1626.0,1597.0,,4.4,109.2,264067.0,6679.1,4.3,-28598.0,,26.394,,-0.03252,0.3444,5685938.0,125610.0,159497.0,40.1,,,,
2000-05-05,171.2,180.7,73.505,74.697,167.3,120.0,3.0,,,10247.72,14130.908,50109.0,92.9499,17.943,4.0,7.1,132105.0,291000.0,,,,67.1,6.27,6.054285714285713,6.758,6.396,6.102,-0.362,0.45600000000000007,5.79,1.6150000000000002,8.28,4755.7,41.6,1051.7891,1583507.92,631857.15,103.677,1575.0,1543.0,,4.4,110.7,265992.0,6709.7,4.3,-29165.0,,28.862000000000002,,-0.01674,0.5284,5685938.0,125610.0,-3611.0,40.1,,,,
2000-05-12,171.2,180.7,73.505,74.697,167.3,120.0,3.0,,,10247.72,14130.908,50109.0,92.9499,17.943,4.0,7.1,132105.0,293000.0,,,,67.1,6.27,5.988571428571428,6.859999999999999,6.502,6.202,-0.358,0.352,5.782,1.636,8.52,4755.7,41.6,1051.7891,1583507.92,631857.15,103.677,1575.0,1543.0,,4.4,110.7,265992.0,6709.7,4.3,-29165.0,,28.162,,-0.00152,0.5359,5685938.0,125610.0,-3611.0,40.1,,,,
2000-05-19,171.2,180.7,73.505,74.697,167.3,120.0,3.0,,,10247.72,14130.908,50109.0,92.9499,17.943,4.0,7.1,132105.0,276000.0,,,,67.1,6.27,6.277142857142857,6.892,6.49,6.186,-0.40199999999999997,0.42800000000000005,5.824,1.6780000000000002,8.64,4755.7,41.6,1051.7891,1583507.92,631857.15,103.677,1575.0,1543.0,,4.4,110.7,265992.0,6709.7,4.3,-29165.0,,24.516,,0.01268,0.3575,5685938.0,125610.0,-3611.0,40.1,,,,
2000-05-26,171.2,180.7,73.505,74.697,167.3,120.0,3.0,,,10247.72,14130.908,50109.0,92.9499,17.943,4.0,7.1,132105.0,280000.0,,,,67.1,6.27,6.492857142857143,6.766,6.4159999999999995,6.142,-0.35,0.492,6.052,1.706,8.62,4755.7,41.6,1051.7891,1583507.92,631857.15,103.677,1575.0,1543.0,,4.4,110.7,265992.0,6709.7,4.3,-29165.0,,25.048,,0.02474,0.7864,5685938.0,125610.0,-3611.0,40.1,,,,
2000-06-02,172.2,181.1,73.754,74.754,167.4,126.8,2.9,,,10247.72,14130.908,50109.0,92.9862,17.596,4.0,7.0,132063.0,280000.0,,,,67.1,6.53,6.547142857142857,6.640000000000001,6.255,6.0,-0.385,0.47750000000000004,6.186,1.7600000000000002,8.54,4773.6,39.4,1062.7574,1609548.04,639158.55,104.425,1559.0,1572.0,,4.8,106.4,267750.0,6746.9,4.3,-30405.0,,22.7775,,0.03212,0.745,5685938.0,125610.0,55888.0,40.1,,,,
2000-06-09,172.2,181.1,73.754,74.754,167.4,126.8,2.9,,,10247.72,14130.908,50109.0,92.9862,17.596,4.0,7.0,132063.0,290000.0,,,,67.1,6.53,6.481428571428571,6.5280000000000005,6.13,5.898,-0.398,0.186,6.182,1.734,8.32,4773.6,39.4,1062.7574,1609548.04,639158.55,104.425,1559.0,1572.0,,4.8,106.4,267750.0,6746.9,4.3,-30405.0,,22.630000000000003,,0.03336,0.6019,5685938.0,125610.0,55888.0,40.1,,,,
2000-06-16,172.2,181.1,73.754,74.754,167.4,126.8,2.9,,,10247.72,14130.908,50109.0,92.9862,17.596,4.0,7.0,132063.0,284000.0,,,,67.1,6.53,6.5200000000000005,6.454000000000001,6.0600000000000005,5.9079999999999995,-0.394,0.2,6.1579999999999995,1.7079999999999997,8.22,4773.6,39.4,1062.7574,1609548.04,639158.55,104.425,1559.0,1572.0,,4.8,106.4,267750.0,6746.9,4.3,-30405.0,,21.330000000000002,,0.02868,0.6059,5685938.0,125610.0,55888.0,40.1,,,,
2000-06-23,172.2,181.1,73.754,74.754,167.4,126.8,2.9,,,10247.72,14130.908,50109.0,92.9862,17.596,4.0,7.0,132063.0,294000.0,,,,67.1,6.53,6.488571428571428,6.476000000000001,6.090000000000001,5.954,-0.386,0.262,6.087999999999999,1.686,8.14,4773.6,39.4,1062.7574,1609548.04,639158.55,104.425,1559.0,1572.0,,4.8,106.4,267750.0,6746.9,4.3,-30405.0,,21.291999999999998,,0.01686,0.6348,5685938.0,125610.0,55888.0,40.1,,,,
2000-06-30,172.2,181.1,73.754,74.754,167.4,126.8,2.9,,,10247.72,14130.908,50109.0,92.9862,17.596,4.0,7.0,132063.0,296000.0,,,,67.1,6.53,6.618571428571428,6.436,6.078,5.938000000000001,-0.358,0.24,6.0840000000000005,1.6939999999999997,8.22,4773.6,39.4,1062.7574,1609548.04,639158.55,104.425,1559.0,1572.0,,4.8,106.4,267750.0,6746.9,4.3,-30405.0,,20.756,,-0.00121,0.5902,5685938.0,125610.0,55888.0,40.1,,,,
2000-07-07,172.7,181.5,73.939,74.925,168.3,127.3,3.0,,,10318.165,14145.312,50024.0,92.8048,17.316,4.0,7.0,132228.0,281000.0,,,,66.9,6.54,6.747142857142857,6.3075,6.0125,5.8775,-0.295,0.0,6.2,1.7100000000000002,8.16,4791.3,39.9,1068.6389,1629751.44,646927.01,105.055,1463.0,1542.0,,4.1,108.3,265683.0,6768.5,4.7,-31252.0,,20.2875,,-0.02602,0.4317,5674179.0,125610.0,5061.0,40.1,,,,
2000-07-14,172.7,181.5,73.939,74.925,168.3,127.3,3.0,,,10318.165,14145.312,50024.0,92.8048,17.316,4.0,7.0,132228.0,293000.0,,,,66.9,6.54,6.447142857142857,6.337999999999999,6.06,5.869999999999999,-0.278,-0.084,6.138,1.7,8.09,4791.3,39.9,1068.6389,1629751.44,646927.01,105.055,1463.0,1542.0,,4.1,108.3,265683.0,6768.5,4.7,-31252.0,,19.964,,-0.05515,0.2145,5674179.0,125610.0,5061.0,40.1,,,,
2000-07-21,172.7,181.5,73.939,74.925,168.3,127.3,3.0,,,10318.165,14145.312,50024.0,92.8048,17.316,4.0,7.0,132228.0,303000.0,,,,66.9,6.54,6.507142857142857,6.4,6.101999999999999,5.874,-0.298,-0.05800000000000001,6.0280000000000005,1.674,8.21,4791.3,39.9,1068.6389,1629751.44,646927.01,105.055,1463.0,1542.0,,4.1,108.3,265683.0,6768.5,4.7,-31252.0,,19.346,,-0.08563,0.1149,5674179.0,125610.0,5061.0,40.1,,,,
2000-07-28,172.7,181.5,73.939,74.925,168.3,127.3,3.0,,,10318.165,14145.312,50024.0,92.8048,17.316,4.0,7.0,132228.0,300000.0,,,,66.9,6.54,6.492857142857143,6.311999999999999,6.036,5.8,-0.27599999999999997,-0.166,6.1,1.668,8.13,4791.3,39.9,1068.6389,1629751.44,646927.01,105.055,1463.0,1542.0,,4.1,108.3,265683.0,6768.5,4.7,-31252.0,,19.884,,-0.11599,0.1595,5674179.0,125610.0,5061.0,40.1,,,,
2000-08-04,172.7,181.9,73.934,75.021,168.7,123.8,2.7,,,10318.165,14145.312,50024.0,92.5521,17.531,4.1,7.1,132234.0,298000.0,,,,66.9,6.5,6.477142857142858,6.234,5.976000000000001,5.752,-0.258,-0.27,6.322,1.688,8.12,4819.5,39.5,1071.8339,1651615.4,656021.89,105.769,1541.0,1552.0,,4.4,107.3,266885.0,6802.8,4.8,-29931.0,,19.98,,-0.14393,0.1475,5674179.0,125610.0,-10427.0,40.1,,,,
2000-08-11,172.7,181.9,73.934,75.021,168.7,123.8,2.7,,,10318.165,14145.312,50024.0,92.5521,17.531,4.1,7.1,132234.0,306000.0,,,,66.9,6.5,6.468571428571429,6.1899999999999995,5.851999999999999,5.724,-0.33799999999999997,-0.414,6.34,1.686,8.04,4819.5,39.5,1071.8339,1651615.4,656021.89,105.769,1541.0,1552.0,,4.4,107.3,266885.0,6802.8,4.8,-29931.0,,18.948,,-0.16796,-0.0456,5674179.0,125610.0,-10427.0,40.1,,,,
2000-08-18,172.7,181.9,73.934,75.021,168.7,123.8,2.7,,,10318.165,14145.312,50024.0,92.5521,17.531,4.1,7.1,132234.0,315000.0,,,,66.9,6.5,6.514285714285714,6.279999999999999,5.802,5.712000000000001,-0.4779999999999999,-0.47000000000000003,6.362,1.682,7.96,4819.5,39.5,1071.8339,1651615.4,656021.89,105.769,1541.0,1552.0,,4.4,107.3,266885.0,6802.8,4.8,-29931.0,,17.682,,-0.18612,-0.0341,5674179.0,125610.0,-10427.0,40.1,,,,
2000-08-25,172.7,181.9,73.934,75.021,168.7,123.8,2.7,,,10318.165,14145.312,50024.0,92.5521,17.531,4.1,7.1,132234.0,318000.0,,,,66.9,6.5,6.482857142857143,6.226000000000001,5.752000000000001,5.688,-0.47400000000000003,-0.542,6.4159999999999995,1.7100000000000002,7.99,4819.5,39.5,1071.8339,1651615.4,656021.89,105.769,1541.0,1552.0,,4.4,107.3,266885.0,6802.8,4.8,-29931.0,,17.154,,-0.19847,-0.0126,5674179.0,125610.0,-10427.0,40.1,,,,
2000-09-01,173.6,182.3,74.252,75.203,168.9,129.2,2.9,,,10318.165,14145.312,50024.0,92.9792,18.654,3.9,7.0,132337.0,312000.0,,,,66.9,6.52,6.548571428571429,6.2,5.762,5.71,-0.438,-0.5439999999999999,6.37,1.716,7.96,4855.2,39.2,1073.3289,1669000.81,661996.81,106.539,1507.0,1570.0,,4.0,106.8,270523.0,6888.6,4.1,-33333.0,,17.098000000000003,,-0.20589,-0.1134,5674179.0,125610.0,65747.0,40.1,,,,
2000-09-08,173.6,182.3,74.252,75.203,168.9,129.2,2.9,,,10318.165,14145.312,50024.0,92.9792,18.654,3.9,7.0,132337.0,301000.0,,,,66.9,6.52,6.5371428571428565,6.1125,5.725,5.7,-0.3875,-0.48,6.378,1.72,7.94,4855.2,39.2,1073.3289,1669000.81,661996.81,106.539,1507.0,1570.0,,4.0,106.8,270523.0,6888.6,4.1,-33333.0,,19.622500000000002,,-0.20799,0.0586,5674179.0,125610.0,65747.0,40.1,,,,
2000-09-15,173.6,182.3,74.252,75.203,168.9,129.2,2.9,,,10318.165,14145.312,50024.0,92.9792,18.654,3.9,7.0,132337.0,309000.0,,,,66.9,6.52,6.498571428571429,6.102,5.784000000000001,5.786,-0.318,-0.32999999999999996,6.318,1.7120000000000002,7.88,4855.2,39.2,1073.3289,1669000.81,661996.81,106.539,1507.0,1570.0,,4.0,106.8,270523.0,6888.6,4.1,-33333.0,,18.418,,-0.20669,0.12,5674179.0,125610.0,65747.0,40.1,,,,
2000-09-22,173.6,182.3,74.252,75.203,168.9,129.2,2.9,,,10318.165,14145.312,50024.0,92.9792,18.654,3.9,7.0,132337.0,311000.0,,,,66.9,6.52,6.492857142857143,6.08,5.8759999999999994,5.9399999999999995,-0.20400000000000001,-0.284,6.428,1.688,7.9,4855.2,39.2,1073.3289,1669000.81,661996.81,106.539,1507.0,1570.0,,4.0,106.8,270523.0,6888.6,4.1,-33333.0,,20.128,,-0.20248,0.2651,5674179.0,125610.0,65747.0,40.1,,,,
2000-09-29,173.6,182.3,74.252,75.203,168.9,129.2,2.9,,,10318.165,14145.312,50024.0,92.9792,18.654,3.9,7.0,132337.0,288000.0,,,,66.9,6.52,6.527142857142857,6.036,5.82,5.886,-0.21600000000000003,-0.388,6.622,1.666,7.88,4855.2,39.2,1073.3289,1669000.81,661996.81,106.539,1507.0,1570.0,,4.0,106.8,270523.0,6888.6,4.1,-33333.0,,21.0,,-0.19662,0.1322,5674179.0,125610.0,65747.0,40.1,,,,
2000-10-06,173.9,182.6,74.353,75.308,169.0,129.6,3.2,,,10435.744,14229.765,50190.0,92.6179,17.514,3.9,6.8,132352.0,292000.0,,,,66.8,6.51,6.545714285714285,6.002000000000001,5.858,5.9159999999999995,-0.144,-0.39,6.793333333333333,1.6683333333333332,7.83,4871.3,38.8,1078.8326,1684599.32,667948.15,107.384,1549.0,1577.0,,4.0,105.8,270339.0,6893.8,4.3,-33378.0,,21.672,,-0.18991,0.2354,5662216.0,236241.0,-11321.0,40.1,,,,
2000-10-13,173.9,182.6,74.353,75.308,169.0,129.6,3.2,,,10435.744,14229.765,50190.0,92.6179,17.514,3.9,6.8,132352.0,309000.0,,,,66.8,6.51,6.464285714285714,5.9025,5.7575,5.82,-0.145,-0.4625,7.095999999999999,1.7239999999999998,7.84,4871.3,38.8,1078.8326,1684599.32,667948.15,107.384,1549.0,1577.0,,4.0,105.8,270339.0,6893.8,4.3,-33378.0,,26.712,,-0.18192,0.7308,5662216.0,236241.0,-11321.0,40.1,,,,
2000-10-20,173.9,182.6,74.353,75.308,169.0,129.6,3.2,,,10435.744,14229.765,50190.0,92.6179,17.514,3.9,6.8,132352.0,299000.0,,,,66.8,6.51,6.5042857142857144,5.848000000000001,5.676,5.768,-0.172,-0.626,7.5,1.794,7.83,4871.3,38.8,1078.8326,1684599.32,667948.15,107.384,1549.0,1577.0,,4.0,105.8,270339.0,6893.8,4.3,-33378.0,,26.536,,-0.17518,0.4851,5662216.0,236241.0,-11321.0,40.1,,,,
2000-10-27,173.9,182.6,74.353,75.308,169.0,129.6,3.2,,,10435.744,14229.765,50190.0,92.6179,17.514,3.9,6.8,132352.0,295000.0,,,,66.8,6.51,6.512857142857143,5.878,5.66,5.724,-0.21800000000000003,-0.6980000000000001,7.609999999999999,1.83,7.68,4871.3,38.8,1078.8326,1684599.32,667948.15,107.384,1549.0,1577.0,,4.0,105.8,270339.0,6893.8,4.3,-33378.0,,26.142000000000003,,-0.1681,0.2639,5662216.0,236241.0,-11321.0,40.1,,,,
2000-11-03,174.2,183.1,74.457,75.441,169.2,129.2,2.9,,,10435.744,14229.765,50190.0,92.6438,16.634,3.9,7.1,132556.0,301000.0,,,,66.9,6.51,6.547142857142857,5.92,5.764,5.796,-0.156,-0.6140000000000001,7.742,1.8780000000000001,7.73,4882.7,38.7,1080.5634,1700944.54,673994.74,108.303,1551.0,1614.0,,4.2,107.6,268850.0,6909.8,4.3,-32723.0,,24.192,,-0.15837,0.0555,5662216.0,236241.0,-23690.0,40.1,,,,
2000-11-10,174.2,183.1,74.457,75.441,169.2,129.2,2.9,,,10435.744,14229.765,50190.0,92.6438,16.634,3.9,7.1,132556.0,331000.0,,,,66.9,6.51,6.491428571428571,5.966,5.85,5.882,-0.11599999999999999,-0.554,7.773999999999999,1.862,7.79,4882.7,38.7,1080.5634,1700944.54,673994.74,108.303,1551.0,1614.0,,4.2,107.6,268850.0,6909.8,4.3,-32723.0,,26.163999999999998,,-0.14504,0.2314,5662216.0,236241.0,-23690.0,40.1,,,,
2000-11-17,174.2,183.1,74.457,75.441,169.2,129.2,2.9,,,10435.744,14229.765,50190.0,92.6438,16.634,3.9,7.1,132556.0,318000.0,,,,66.9,6.51,6.524285714285715,5.894,5.728,5.792,-0.166,-0.64,7.932,1.8699999999999999,7.73,4882.7,38.7,1080.5634,1700944.54,673994.74,108.303,1551.0,1614.0,,4.2,107.6,268850.0,6909.8,4.3,-32723.0,,26.375999999999998,,-0.12735,0.3543,5662216.0,236241.0,-23690.0,40.1,,,,
2000-11-24,174.2,183.1,74.457,75.441,169.2,129.2,2.9,,,10435.744,14229.765,50190.0,92.6438,16.634,3.9,7.1,132556.0,332000.0,,,,66.9,6.51,6.518571428571429,5.86,5.65,5.7125,-0.21000000000000002,-0.71,8.286,1.9119999999999997,7.73,4882.7,38.7,1080.5634,1700944.54,673994.74,108.303,1551.0,1614.0,,4.2,107.6,268850.0,6909.8,4.3,-32723.0,,26.94,,-0.10683,0.5028,5662216.0,236241.0,-23690.0,40.1,,,,
2000-12-01,174.6,183.3,74.571,75.515,170.0,130.1,2.8,,,10435.744,14229.765,50190.0,92.3415,16.222,3.9,6.9,132716.0,356000.0,,,5088.0,67.0,6.4,6.522857142857142,5.714,5.556,5.656000000000001,-0.158,-0.702,8.732,1.966,7.65,4927.6,38.4,1084.8969,1716969.72,682646.37,109.141,1532.0,1543.0,,3.6,98.4,268338.0,6952.2,4.1,-33420.0,,27.838,,-0.08654,0.5903,5662216.0,236241.0,32666.0,40.1,,,,
2000-12-08,174.6,183.3,74.571,75.515,170.0,130.1,2.8,,,10435.744,14229.765,50190.0,92.3415,16.222,3.9,6.9,132716.0,338000.0,,,5088.0,67.0,6.4,6.531428571428571,5.49,5.39,5.566,-0.1,-0.7140000000000001,9.1,2.028,7.54,4927.6,38.4,1084.8969,1716969.72,682646.37,109.141,1532.0,1543.0,,3.6,98.4,268338.0,6952.2,4.1,-33420.0,,25.118000000000002,,-0.07112,0.6746,5662216.0,236241.0,32666.0,40.1,,,,
2000-12-15,174.6,183.3,74.571,75.515,170.0,130.1,2.8,,,10435.744,14229.765,50190.0,92.3415,16.222,3.9,6.9,132716.0,321000.0,,,5088.0,67.0,6.4,6.491428571428571,5.464,5.290000000000001,5.488,-0.174,-0.766,8.934000000000001,2.0100000000000002,7.42,4927.6,38.4,1084.8969,1716969.72,682646.37,109.141,1532.0,1543.0,,3.6,98.4,268338.0,6952.2,4.1,-33420.0,,24.686,,-0.06552,0.4648,5662216.0,236241.0,32666.0,40.1,,,,
2000-12-22,174.6,183.3,74.571,75.515,170.0,130.1,2.8,,,10435.744,14229.765,50190.0,92.3415,16.222,3.9,6.9,132716.0,354000.0,,,5088.0,67.0,6.4,6.502857142857144,5.232,5.098000000000001,5.428,-0.134,-0.572,8.974,1.9899999999999998,7.17,4927.6,38.4,1084.8969,1716969.72,682646.37,109.141,1532.0,1543.0,,3.6,98.4,268338.0,6952.2,4.1,-33420.0,,28.764,,-0.07065,1.0891,5662216.0,236241.0,32666.0,40.1,,,,
2000-12-29,174.6,183.3,74.571,75.515,170.0,130.1,2.8,,,10435.744,14229.765,50190.0,92.3415,16.222,3.9,6.9,132716.0,364000.0,,,5088.0,67.0,6.4,6.338571428571429,5.1225,5.1,5.44,-0.0225,-0.74,9.0275,2.025,7.13,4927.6,38.4,1084.8969,1716969.72,682646.37,109.141,1532.0,1543.0,,3.6,98.4,268338.0,6952.2,4.1,-33420.0,,27.5725,,-0.09074,0.7575,5662216.0,236241.0,32666.0,40.1,,,,
2001-01-05,175.6,183.9,74.932,75.796,170.3,135.0,3.0,,,10470.231,14183.12,49911.0,91.902,17.652,4.2,7.3,132703.0,353000.0,,,5234.0,67.2,5.98,5.857142857142857,4.779999999999999,5.005,5.4225,0.225,-0.5075000000000001,9.175999999999998,2.018,7.07,4978.3,39.6,1093.6156,1729851.68,686761.5,109.847,1600.0,1699.0,,3.8,94.7,272881.0,6987.4,4.5,-35202.0,,28.0575,,-0.12022,1.0102,5773740.0,236241.0,76379.0,40.6,,,,
2001-01-12,175.6,183.9,74.932,75.796,170.3,135.0,3.0,,,10470.231,14183.12,49911.0,91.902,17.652,4.2,7.3,132703.0,337000.0,,,5234.0,67.2,5.98,5.954285714285715,4.7219999999999995,5.082,5.504,0.36,-0.19,8.722,1.956,6.89,4978.3,39.6,1093.6156,1729851.68,686761.5,109.847,1600.0,1699.0,,3.8,94.7,272881.0,6987.4,4.5,-35202.0,,26.996,,-0.15563,0.4313,5773740.0,236241.0,76379.0,40.6,,,,
2001-01-19,175.6,183.9,74.932,75.796,170.3,135.0,3.0,,,10470.231,14183.12,49911.0,91.902,17.652,4.2,7.3,132703.0,318000.0,,,5234.0,67.2,5.98,5.99,4.8,5.1850000000000005,5.5375,0.385,-0.13,8.306000000000001,1.9300000000000002,7.02,4978.3,39.6,1093.6156,1729851.68,686761.5,109.847,1600.0,1699.0,,3.8,94.7,272881.0,6987.4,4.5,-35202.0,,24.205,,-0.19219,0.2201,5773740.0,236241.0,76379.0,40.6,,,,
2001-01-26,175.6,183.9,74.932,75.796,170.3,135.0,3.0,,,10470.231,14183.12,49911.0,91.902,17.652,4.2,7.3,132703.0,343000.0,,,5234.0,67.2,5.98,5.988571428571428,4.788,5.292,5.636,0.504,0.052000000000000005,8.082,1.846,7.15,4978.3,39.6,1093.6156,1729851.68,686761.5,109.847,1600.0,1699.0,,3.8,94.7,272881.0,6987.4,4.5,-35202.0,,22.412,,-0.22529,0.1919,5773740.0,236241.0,76379.0,40.6,,,,
2001-02-02,176.0,184.4,75.048,75.93,171.2,134.1,2.8,,,10470.231,14183.12,49911.0,91.3034,17.826,4.2,7.3,132788.0,362000.0,,,5097.0,67.1,5.49,5.801428571428572,4.6579999999999995,5.204,5.558,0.546,0.16799999999999998,7.895999999999999,1.7719999999999998,7.09,5017.0,39.1,1093.8498,1748702.02,697982.51,110.502,1625.0,1656.0,,3.7,90.6,272627.0,7001.8,4.6,-29301.0,,22.162,,-0.25207,0.3841,5773740.0,236241.0,-48168.0,40.6,,,,
2001-02-09,176.0,184.4,75.048,75.93,171.2,134.1,2.8,,,10470.231,14183.12,49911.0,91.3034,17.826,4.2,7.3,132788.0,376000.0,,,5097.0,67.1,5.49,5.491428571428571,4.7,5.1259999999999994,5.465999999999999,0.426,0.057999999999999996,7.636,1.7600000000000002,6.98,5017.0,39.1,1093.8498,1748702.02,697982.51,110.502,1625.0,1656.0,,3.7,90.6,272627.0,7001.8,4.6,-29301.0,,21.866000000000003,,-0.27055,0.3068,5773740.0,236241.0,-48168.0,40.6,,,,
2001-02-16,176.0,184.4,75.048,75.93,171.2,134.1,2.8,,,10470.231,14183.12,49911.0,91.3034,17.826,4.2,7.3,132788.0,365000.0,,,5097.0,67.1,5.49,5.478571428571429,4.779999999999999,5.11,5.45,0.32999999999999996,0.057999999999999996,7.504,1.7760000000000002,7.01,5017.0,39.1,1093.8498,1748702.02,697982.51,110.502,1625.0,1656.0,,3.7,90.6,272627.0,7001.8,4.6,-29301.0,,21.44,,-0.27956,0.2169,5773740.0,236241.0,-48168.0,40.6,,,,
2001-02-23,176.0,184.4,75.048,75.93,171.2,134.1,2.8,,,10470.231,14183.12,49911.0,91.3034,17.826,4.2,7.3,132788.0,358000.0,,,5097.0,67.1,5.49,5.49,4.6425,5.125,5.49,0.48250000000000004,0.135,7.564,1.7899999999999998,7.12,5017.0,39.1,1093.8498,1748702.02,697982.51,110.502,1625.0,1656.0,,3.7,90.6,272627.0,7001.8,4.6,-29301.0,,26.1025,,-0.27885,0.615,5773740.0,236241.0,-48168.0,40.6,,,,
2001-03-02,176.1,184.7,75.055,76.009,171.7,131.7,2.8,,,10470.231,14183.12,49911.0,91.1162,17.248,4.3,7.3,132751.0,386000.0,,,4762.0,67.2,5.31,5.522857142857142,4.44,4.95,5.36,0.51,0.118,7.678,1.802,7.03,5074.8,37.6,1092.1973,1760541.84,702560.77,111.109,1590.0,1659.0,,3.8,91.5,269820.0,6996.7,4.9,-32812.0,,27.156,,-0.2728,0.4697,5773740.0,236241.0,-50662.0,40.6,,,,
2001-03-09,176.1,184.7,75.055,76.009,171.7,131.7,2.8,,,10470.231,14183.12,49911.0,91.1162,17.248,4.3,7.3,132751.0,384000.0,,,4762.0,67.2,5.31,5.452857142857143,4.462,4.946,5.336,0.484,0.20600000000000002,7.586,1.77,6.97,5074.8,37.6,1092.1973,1760541.84,702560.77,111.109,1590.0,1659.0,,3.8,91.5,269820.0,6996.7,4.9,-32812.0,,25.408,,-0.26409,0.3307,5773740.0,236241.0,-50662.0,40.6,,,,
2001-03-16,176.1,184.7,75.055,76.009,171.7,131.7,2.8,,,10470.231,14183.12,49911.0,91.1162,17.248,4.3,7.3,132751.0,393000.0,,,4762.0,67.2,5.31,5.4628571428571435,4.343999999999999,4.86,5.3,0.516,0.27599999999999997,7.790000000000001,1.782,6.96,5074.8,37.6,1092.1973,1760541.84,702560.77,111.109,1590.0,1659.0,,3.8,91.5,269820.0,6996.7,4.9,-32812.0,,29.189999999999998,,-0.25522,0.764,5773740.0,236241.0,-50662.0,40.6,,,,
2001-03-23,176.1,184.7,75.055,76.009,171.7,131.7,2.8,,,10470.231,14183.12,49911.0,91.1162,17.248,4.3,7.3,132751.0,393000.0,,,4762.0,67.2,5.31,5.192857142857143,4.236,4.779999999999999,5.279999999999999,0.544,0.404,8.206,1.784,6.89,5074.8,37.6,1092.1973,1760541.84,702560.77,111.109,1590.0,1659.0,,3.8,91.5,269820.0,6996.7,4.9,-32812.0,,31.192,,-0.25122,1.0813,5773740.0,236241.0,-50662.0,40.6,,,,
2001-03-30,176.1,184.7,75.055,76.009,171.7,131.7,2.8,,,10470.231,14183.12,49911.0,91.1162,17.248,4.3,7.3,132751.0,378000.0,,,4762.0,67.2,5.31,5.068571428571429,4.286,4.946,5.444,0.6599999999999999,0.626,8.128,1.7879999999999998,6.91,5074.8,37.6,1092.1973,1760541.84,702560.77,111.109,1590.0,1659.0,,3.8,91.5,269820.0,6996.7,4.9,-32812.0,,28.494,,-0.25472,0.543,5773740.0,236241.0,-50662.0,40.6,,,,
2001-04-06,176.4,185.1,75.187,76.13,172.1,132.3,3.1,,,10599.0,14271.694,50105.0,90.7891,16.872,4.4,7.4,132458.0,388000.0,,,4615.0,66.9,4.8,5.138571428571429,4.15,4.946,5.492,0.796,0.842,8.476666666666667,1.8116666666666668,7.01,5139.1,38.6,1089.2749,1773098.33,707447.02,111.652,1649.0,1666.0,,3.9,88.4,274410.0,7004.2,4.8,-30521.0,,32.326,,-0.26444,1.1188,5726815.0,236241.0,189796.0,40.6,,,,
2001-04-13,176.4,185.1,75.187,76.13,172.1,132.3,3.1,,,10599.0,14271.694,50105.0,90.7891,16.872,4.4,7.4,132458.0,398000.0,,,4615.0,66.9,4.8,4.971428571428571,4.2475000000000005,5.0775,5.585,0.83,1.0875,8.567499999999999,1.815,7.04,5139.1,38.6,1089.2749,1773098.33,707447.02,111.652,1649.0,1666.0,,3.9,88.4,274410.0,7004.2,4.8,-30521.0,,28.9825,,-0.28348,0.8282,5726815.0,236241.0,189796.0,40.6,,,,
2001-04-20,176.4,185.1,75.187,76.13,172.1,132.3,3.1,,,10599.0,14271.694,50105.0,90.7891,16.872,4.4,7.4,132458.0,383000.0,,,4615.0,66.9,4.8,4.814285714285715,4.3420000000000005,5.2379999999999995,5.712000000000001,0.8960000000000001,1.274,8.482000000000001,1.802,7.14,5139.1,38.6,1089.2749,1773098.33,707447.02,111.652,1649.0,1666.0,,3.9,88.4,274410.0,7004.2,4.8,-30521.0,,25.122,,-0.30779,0.6769,5726815.0,236241.0,189796.0,40.6,,,,
2001-04-27,176.4,185.1,75.187,76.13,172.1,132.3,3.1,,,10599.0,14271.694,50105.0,90.7891,16.872,4.4,7.4,132458.0,400000.0,,,4615.0,66.9,4.8,4.4557142857142855,4.186,5.248,5.756,1.062,1.434,8.528,1.786,7.12,5139.1,38.6,1089.2749,1773098.33,707447.02,111.652,1649.0,1666.0,,3.9,88.4,274410.0,7004.2,4.8,-30521.0,,26.806,,-0.33449,0.787,5726815.0,236241.0,189796.0,40.6,,,,
2001-05-04,177.3,185.3,75.385,76.148,172.4,138.4,3.2,,,10599.0,14271.694,50105.0,90.3555,16.876,4.3,7.5,132408.0,406000.0,,,4425.0,66.7,4.21,4.505714285714285,4.232,5.2780000000000005,5.706,1.046,1.41,7.9,1.616,7.14,5137.2,39.4,1083.9579,1781177.46,709590.51,112.163,1605.0,1665.0,,4.0,92.0,275769.0,7052.8,4.3,-27095.0,,24.72,,-0.36232,0.2615,5726815.0,236241.0,-27919.0,40.6,,,,
2001-05-11,177.3,185.3,75.385,76.148,172.4,138.4,3.2,,,10599.0,14271.694,50105.0,90.3555,16.876,4.3,7.5,132408.0,381000.0,,,4425.0,66.7,4.21,4.444285714285714,4.164,5.294,5.74,1.13,1.558,7.790000000000001,1.6179999999999999,7.1,5137.2,39.4,1083.9579,1781177.46,709590.51,112.163,1605.0,1665.0,,4.0,92.0,275769.0,7052.8,4.3,-27095.0,,24.238,,-0.38754,0.3463,5726815.0,236241.0,-27919.0,40.6,,,,
2001-05-18,177.3,185.3,75.385,76.148,172.4,138.4,3.2,,,10599.0,14271.694,50105.0,90.3555,16.876,4.3,7.5,132408.0,390000.0,,,4425.0,66.7,4.21,4.231428571428571,4.304,5.462000000000001,5.832,1.158,1.844,7.65,1.578,7.14,5137.2,39.4,1083.9579,1781177.46,709590.51,112.163,1605.0,1665.0,,4.0,92.0,275769.0,7052.8,4.3,-27095.0,,22.512,,-0.40737,0.377,5726815.0,236241.0,-27919.0,40.6,,,,
2001-05-25,177.3,185.3,75.385,76.148,172.4,138.4,3.2,,,10599.0,14271.694,50105.0,90.3555,16.876,4.3,7.5,132408.0,402000.0,,,4425.0,66.7,4.21,3.9714285714285715,4.326,5.456,5.8100000000000005,1.1300000000000001,1.798,7.578,1.556,7.2,5137.2,39.4,1083.9579,1781177.46,709590.51,112.163,1605.0,1665.0,,4.0,92.0,275769.0,7052.8,4.3,-27095.0,,21.072,,-0.42333,0.3111,5726815.0,236241.0,-27919.0,40.6,,,,
2001-06-01,177.7,186.0,75.518,76.318,173.1,136.9,3.0,,,10599.0,14271.694,50105.0,89.8784,17.464,4.5,7.9,132300.0,405000.0,,,4361.0,66.7,3.97,4.048571428571429,4.2775,5.475,5.8025,1.1975,1.8025,7.5920000000000005,1.54,7.24,5180.1,38.1,1071.9119,1792368.09,712002.55,112.795,1636.0,1626.0,,4.2,92.6,274474.0,7069.7,4.2,-29151.0,,22.2825,,-0.43464,0.3178,5726815.0,236241.0,31862.0,40.6,,,,
2001-06-08,177.7,186.0,75.518,76.318,173.1,136.9,3.0,,,10599.0,14271.694,50105.0,89.8784,17.464,4.5,7.9,132300.0,406000.0,,,4361.0,66.7,3.97,4.0128571428571425,4.148000000000001,5.324,5.69,1.176,1.684,7.715999999999999,1.514,7.2,5180.1,38.1,1071.9119,1792368.09,712002.55,112.795,1636.0,1626.0,,4.2,92.6,274474.0,7069.7,4.2,-29151.0,,20.188,,-0.44246,0.29,5726815.0,236241.0,31862.0,40.6,,,,
2001-06-15,177.7,186.0,75.518,76.318,173.1,136.9,3.0,,,10599.0,14271.694,50105.0,89.8784,17.464,4.5,7.9,132300.0,411000.0,,,4361.0,66.7,3.97,4.008571428571428,4.066,5.279999999999999,5.666,1.214,1.722,7.896000000000001,1.512,7.14,5180.1,38.1,1071.9119,1792368.09,712002.55,112.795,1636.0,1626.0,,4.2,92.6,274474.0,7069.7,4.2,-29151.0,,21.756,,-0.44837,0.3769,5726815.0,236241.0,31862.0,40.6,,,,
2001-06-22,177.7,186.0,75.518,76.318,173.1,136.9,3.0,,,10599.0,14271.694,50105.0,89.8784,17.464,4.5,7.9,132300.0,394000.0,,,4361.0,66.7,3.97,3.954285714285714,3.974,5.226,5.656000000000001,1.252,1.73,8.344,1.552,7.11,5180.1,38.1,1071.9119,1792368.09,712002.55,112.795,1636.0,1626.0,,4.2,92.6,274474.0,7069.7,4.2,-29151.0,,21.324,,-0.45406,0.3911,5726815.0,236241.0,31862.0,40.6,,,,
2001-06-29,177.7,186.0,75.518,76.318,173.1,136.9,3.0,,,10599.0,14271.694,50105.0,89.8784,17.464,4.5,7.9,132300.0,381000.0,,,4361.0,66.7,3.97,3.8814285714285717,4.104,5.286,5.6579999999999995,1.182,1.7399999999999998,8.331999999999999,1.546,7.11,5180.1,38.1,1071.9119,1792368.09,712002.55,112.795,1636.0,1626.0,,4.2,92.6,274474.0,7069.7,4.2,-29151.0,,20.363999999999997,,-0.46078,0.1438,5726815.0,236241.0,31862.0,40.6,,,,
2001-07-06,177.4,186.4,75.493,76.515,173.6,129.6,2.6,,,10598.02,14214.516,49774.0,89.3028,16.463,4.6,7.9,132172.0,394000.0,,,4447.0,66.8,3.77,3.815714285714286,4.2125,5.407500000000001,5.735,1.1949999999999998,1.755,8.125,1.5416666666666667,7.19,5210.0,39.3,1063.9525,1797350.57,707890.02,113.492,1670.0,1598.0,,4.2,92.4,273098.0,7082.3,5.4,-29902.0,,19.85,,-0.46981,0.0985,5807464.0,236241.0,2820.0,40.6,,,,
2001-07-13,177.4,186.4,75.493,76.515,173.6,129.6,2.6,,,10598.02,14214.516,49774.0,89.3028,16.463,4.6,7.9,132172.0,401000.0,,,4447.0,66.8,3.77,3.698571428571429,4.098000000000001,5.308,5.672,1.21,1.6919999999999997,8.218,1.54,7.21,5210.0,39.3,1063.9525,1797350.57,707890.02,113.492,1670.0,1598.0,,4.2,92.4,273098.0,7082.3,5.4,-29902.0,,22.594,,-0.4801,0.3922,5807464.0,236241.0,2820.0,40.6,,,,
2001-07-20,177.4,186.4,75.493,76.515,173.6,129.6,2.6,,,10598.02,14214.516,49774.0,89.3028,16.463,4.6,7.9,132172.0,405000.0,,,4447.0,66.8,3.77,3.761428571428571,4.016,5.1659999999999995,5.554,1.15,1.592,8.370000000000001,1.538,7.08,5210.0,39.3,1063.9525,1797350.57,707890.02,113.492,1670.0,1598.0,,4.2,92.4,273098.0,7082.3,5.4,-29902.0,,22.794,,-0.49047,0.2846,5807464.0,236241.0,2820.0,40.6,,,,
2001-07-27,177.4,186.4,75.493,76.515,173.6,129.6,2.6,,,10598.02,14214.516,49774.0,89.3028,16.463,4.6,7.9,132172.0,398000.0,,,4447.0,66.8,3.77,3.8214285714285716,3.9480000000000004,5.156000000000001,5.554,1.208,1.598,8.319999999999999,1.51,7.03,5210.0,39.3,1063.9525,1797350.57,707890.02,113.492,1670.0,1598.0,,4.2,92.4,273098.0,7082.3,5.4,-29902.0,,23.598,,-0.49988,0.1372,5807464.0,236241.0,2820.0,40.6,,,,
2001-08-03,177.4,186.7,75.484,76.553,174.0,127.3,2.7,,,10598.02,14214.516,49774.0,89.2003,16.348,4.9,8.2,132021.0,388000.0,,,4024.0,66.5,3.65,3.7528571428571427,3.8560000000000003,5.132,5.546,1.276,1.5939999999999999,8.11,1.494,7.0,5243.8,39.7,1055.8851,1806359.04,706691.34,114.168,1567.0,1615.0,,4.4,91.5,275659.0,7121.7,6.5,-28094.0,,20.97,,-0.50464,0.0582,5807464.0,236241.0,-79990.0,40.6,,,,
2001-08-10,177.4,186.7,75.484,76.553,174.0,127.3,2.7,,,10598.02,14214.516,49774.0,89.2003,16.348,4.9,8.2,132021.0,401000.0,,,4024.0,66.5,3.65,3.717142857142857,3.81,5.082,5.554,1.272,1.6,7.93,1.49,7.0,5243.8,39.7,1055.8851,1806359.04,706691.34,114.168,1567.0,1615.0,,4.4,91.5,275659.0,7121.7,6.5,-28094.0,,21.504,,-0.5004,0.0812,5807464.0,236241.0,-79990.0,40.6,,,,
2001-08-17,177.4,186.7,75.484,76.553,174.0,127.3,2.7,,,10598.02,14214.516,49774.0,89.2003,16.348,4.9,8.2,132021.0,394000.0,,,4024.0,66.5,3.65,3.7414285714285715,3.732,4.946,5.492,1.214,1.534,8.038,1.512,6.92,5243.8,39.7,1055.8851,1806359.04,706691.34,114.168,1567.0,1615.0,,4.4,91.5,275659.0,7121.7,6.5,-28094.0,,21.438,,-0.48676,0.2073,5807464.0,236241.0,-79990.0,40.6,,,,
2001-08-24,177.4,186.7,75.484,76.553,174.0,127.3,2.7,,,10598.02,14214.516,49774.0,89.2003,16.348,4.9,8.2,132021.0,402000.0,,,4024.0,66.5,3.65,3.5799999999999996,3.7340000000000004,4.901999999999999,5.44,1.168,1.5,8.116,1.536,6.91,5243.8,39.7,1055.8851,1806359.04,706691.34,114.168,1567.0,1615.0,,4.4,91.5,275659.0,7121.7,6.5,-28094.0,,22.330000000000002,,-0.46289,0.2908,5807464.0,236241.0,-79990.0,40.6,,,,
2001-08-31,177.4,186.7,75.484,76.553,174.0,127.3,2.7,,,10598.02,14214.516,49774.0,89.2003,16.348,4.9,8.2,132021.0,395000.0,,,4024.0,66.5,3.65,3.542857142857143,3.682,4.8420000000000005,5.4,1.16,1.44,8.168000000000001,1.524,6.92,5243.8,39.7,1055.8851,1806359.04,706691.34,114.168,1567.0,1615.0,,4.4,91.5,275659.0,7121.7,6.5,-28094.0,,23.184,,-0.43227,0.1946,5807464.0,236241.0,-79990.0,40.6,,,,
2001-09-07,178.1,187.1,75.227,76.118,174.2,130.9,2.8,,,10598.02,14214.516,49774.0,88.7485,16.365,5.0,8.7,131763.0,402000.0,,,4071.0,66.8,3.07,3.585714285714286,3.7,4.905,5.445,1.205,1.54,8.034,1.548,6.89,5355.1,57.6,1059.5265,1814252.38,707262.63,114.813,1562.0,1565.0,,4.4,81.8,268652.0,7007.0,6.9,-30217.0,,27.95,,-0.39868,0.3103,5807464.0,236241.0,35501.0,40.6,,,,
2001-09-14,178.1,187.1,75.227,76.118,174.2,130.9,2.8,,,10598.02,14214.516,49774.0,88.7485,16.365,5.0,8.7,131763.0,408000.0,,,4071.0,66.8,3.07,3.4114285714285715,3.1300000000000003,4.683333333333334,5.39,1.5533333333333335,1.8033333333333335,8.815000000000001,1.695,6.86,5355.1,57.6,1059.5265,1814252.38,707262.63,114.813,1562.0,1565.0,,4.4,81.8,268652.0,7007.0,6.9,-30217.0,,31.84,,-0.3668,1.4838,5807464.0,236241.0,35501.0,40.6,,,,
2001-09-21,178.1,187.1,75.227,76.118,174.2,130.9,2.8,,,10598.02,14214.516,49774.0,88.7485,16.365,5.0,8.7,131763.0,395000.0,,,4071.0,66.8,3.07,2.3085714285714287,2.91,4.698,5.546,1.7879999999999998,2.352,9.654,1.848,6.8,5355.1,57.6,1059.5265,1814252.38,707262.63,114.813,1562.0,1565.0,,4.4,81.8,268652.0,7007.0,6.9,-30217.0,,41.518,,-0.34467,2.0215,5807464.0,236241.0,35501.0,40.6,,,,
2001-09-28,178.1,187.1,75.227,76.118,174.2,130.9,2.8,,,10598.02,14214.516,49774.0,88.7485,16.365,5.0,8.7,131763.0,453000.0,,,4071.0,66.8,3.07,3.0614285714285714,2.856,4.656000000000001,5.506,1.8,2.268,10.024000000000001,1.908,6.72,5355.1,57.6,1059.5265,1814252.38,707262.63,114.813,1562.0,1565.0,,4.4,81.8,268652.0,7007.0,6.9,-30217.0,,34.95,,-0.33808,0.5538,5807464.0,236241.0,35501.0,40.6,,,,
2001-10-05,177.6,187.4,75.492,76.654,174.8,122.9,1.0,,,10660.465,14253.574,49783.0,88.5052,22.055,5.3,9.3,131452.0,517000.0,,,3707.0,66.7,2.49,2.572857142857143,2.7640000000000002,4.526,5.332,1.762,2.274,10.14,1.8466666666666667,6.64,5343.8,44.6,1045.2523,1829840.26,705408.52,115.31,1540.0,1566.0,,4.3,82.7,288632.0,7212.9,2.9,-30588.0,,32.04,,-0.34015,1.0126,5943439.0,128236.0,-7656.0,40.6,,,,
2001-10-12,177.6,187.4,75.492,76.654,174.8,122.9,1.0,,,10660.465,14253.574,49783.0,88.5052,22.055,5.3,9.3,131452.0,476000.0,,,3707.0,66.7,2.49,2.427142857142857,2.8025,4.65,5.395,1.8475000000000001,2.41,9.912,1.848,6.58,5343.8,44.6,1045.2523,1829840.26,705408.52,115.31,1540.0,1566.0,,4.3,82.7,288632.0,7212.9,2.9,-30588.0,,33.664,,-0.35128,0.6673,5943439.0,128236.0,-7656.0,40.6,,,,
2001-10-19,177.6,187.4,75.492,76.654,174.8,122.9,1.0,,,10660.465,14253.574,49783.0,88.5052,22.055,5.3,9.3,131452.0,482000.0,,,3707.0,66.7,2.49,2.462857142857143,2.778,4.601999999999999,5.346,1.8240000000000003,2.3880000000000003,9.620000000000001,1.8380000000000003,6.61,5343.8,44.6,1045.2523,1829840.26,705408.52,115.31,1540.0,1566.0,,4.3,82.7,288632.0,7212.9,2.9,-30588.0,,34.466,,-0.36674,0.5746,5943439.0,128236.0,-7656.0,40.6,,,,
2001-10-26,177.6,187.4,75.492,76.654,174.8,122.9,1.0,,,10660.465,14253.574,49783.0,88.5052,22.055,5.3,9.3,131452.0,482000.0,,,3707.0,66.7,2.49,2.5028571428571427,2.716,4.598000000000001,5.322,1.8820000000000001,2.4240000000000004,9.604,1.842,6.64,5343.8,44.6,1045.2523,1829840.26,705408.52,115.31,1540.0,1566.0,,4.3,82.7,288632.0,7212.9,2.9,-30588.0,,30.616000000000003,,-0.38309,0.5476,5943439.0,128236.0,-7656.0,40.6,,,,
2001-11-02,177.5,188.1,75.441,76.81,174.9,116.9,0.4,,,10660.465,14253.574,49783.0,87.97,18.031,5.5,9.4,131144.0,483000.0,,,3775.0,66.7,2.09,2.545714285714286,2.488,4.37,5.022,1.8820000000000001,2.318,9.6,1.9120000000000001,6.56,5387.5,40.1,1034.2084,1857842.79,712658.74,115.856,1602.0,1651.0,,4.1,83.9,280033.0,7182.3,3.4,-30003.0,,32.336,,-0.39463,0.886,5943439.0,128236.0,-54267.0,40.6,,,,
2001-11-09,177.5,188.1,75.441,76.81,174.9,116.9,0.4,,,10660.465,14253.574,49783.0,87.97,18.031,5.5,9.4,131144.0,440000.0,,,3775.0,66.7,2.09,2.212857142857143,2.404,4.298,4.852,1.8939999999999997,2.432,9.431999999999999,1.924,6.45,5387.5,40.1,1034.2084,1857842.79,712658.74,115.856,1602.0,1651.0,,4.1,83.9,280033.0,7182.3,3.4,-30003.0,,28.898000000000003,,-0.39995,0.6822,5943439.0,128236.0,-54267.0,40.6,,,,
2001-11-16,177.5,188.1,75.441,76.81,174.9,116.9,0.4,,,10660.465,14253.574,49783.0,87.97,18.031,5.5,9.4,131144.0,428000.0,,,3775.0,66.7,2.09,2.0571428571428574,2.8275,4.6625,5.115,1.835,2.7675,8.92,1.8579999999999999,6.51,5387.5,40.1,1034.2084,1857842.79,712658.74,115.856,1602.0,1651.0,,4.1,83.9,280033.0,7182.3,3.4,-30003.0,,26.601999999999997,,-0.39827,0.1442,5943439.0,128236.0,-54267.0,40.6,,,,
2001-11-23,177.5,188.1,75.441,76.81,174.9,116.9,0.4,,,10660.465,14253.574,49783.0,87.97,18.031,5.5,9.4,131144.0,431000.0,,,3775.0,66.7,2.09,1.9542857142857142,3.0475,4.925,5.3149999999999995,1.8775,2.975,8.298,1.78,6.75,5387.5,40.1,1034.2084,1857842.79,712658.74,115.856,1602.0,1651.0,,4.1,83.9,280033.0,7182.3,3.4,-30003.0,,24.005000000000003,,-0.38831,0.3247,5943439.0,128236.0,-54267.0,40.6,,,,
2001-11-30,177.5,188.1,75.441,76.81,174.9,116.9,0.4,,,10660.465,14253.574,49783.0,87.97,18.031,5.5,9.4,131144.0,491000.0,,,3775.0,66.7,2.09,2.0,3.032,4.916,5.326,1.884,3.0460000000000003,8.24,1.7120000000000002,7.02,5387.5,40.1,1034.2084,1857842.79,712658.74,115.856,1602.0,1651.0,,4.1,83.9,280033.0,7182.3,3.4,-30003.0,,24.541999999999998,,-0.37464,0.5534,5943439.0,128236.0,-54267.0,40.6,,,,
2001-12-07,177.4,188.4,75.363,76.828,174.7,113.9,1.8,,,10660.465,14253.574,49783.0,87.9324,16.465,5.7,9.6,130983.0,465000.0,,,3677.0,66.7,1.82,1.9685714285714284,3.016,4.922,5.38,1.906,3.1759999999999997,8.246,1.7100000000000002,6.84,5440.5,41.1,1021.5675,1867852.87,714840.73,116.454,1568.0,1680.0,,3.8,88.8,276302.0,7166.7,3.7,-27488.0,,24.014,,-0.36213,0.6578,5943439.0,128236.0,26567.0,40.6,,,,
2001-12-14,177.4,188.4,75.363,76.828,174.7,113.9,1.8,,,10660.465,14253.574,49783.0,87.9324,16.465,5.7,9.6,130983.0,393000.0,,,3677.0,66.7,1.82,1.8699999999999999,3.0780000000000003,5.138,5.544,2.06,3.446,8.32,1.716,7.09,5440.5,41.1,1021.5675,1867852.87,714840.73,116.454,1568.0,1680.0,,3.8,88.8,276302.0,7166.7,3.7,-27488.0,,25.266,,-0.35591,0.6233,5943439.0,128236.0,26567.0,40.6,,,,
2001-12-21,177.4,188.4,75.363,76.828,174.7,113.9,1.8,,,10660.465,14253.574,49783.0,87.9324,16.465,5.7,9.6,130983.0,389000.0,,,3677.0,66.7,1.82,1.8114285714285714,3.154,5.14,5.492,1.986,3.432,8.32,1.7,7.17,5440.5,41.1,1021.5675,1867852.87,714840.73,116.454,1568.0,1680.0,,3.8,88.8,276302.0,7166.7,3.7,-27488.0,,23.259999999999998,,-0.3582,0.6062,5943439.0,128236.0,26567.0,40.6,,,,
2001-12-28,177.4,188.4,75.363,76.828,174.7,113.9,1.8,,,10660.465,14253.574,49783.0,87.9324,16.465,5.7,9.6,130983.0,416000.0,,,3677.0,66.7,1.82,1.7428571428571427,3.2075,5.17,5.51,1.9625,3.4375,8.305,1.6875,7.16,5440.5,41.1,1021.5675,1867852.87,714840.73,116.454,1568.0,1680.0,,3.8,88.8,276302.0,7166.7,3.7,-27488.0,,21.975,,-0.37147,0.4175,5943439.0,128236.0,26567.0,40.6,,,,
2002-01-04,177.7,188.7,75.431,76.871,175.3,114.2,1.9,,,10783.5,14372.785,50091.0,88.5176,16.523,5.7,9.4,130859.0,421000.0,,,3699.0,66.5,1.73,1.6242857142857143,3.1675,5.1525,5.5375,1.9849999999999999,3.42,8.094999999999999,1.635,7.14,5460.9,43.7,1011.7855,1867418.69,714781.5,117.144,1698.0,1665.0,,4.2,93.0,277135.0,7184.6,5.6,-29678.0,,22.075,,-0.39162,0.3716,6006032.0,128236.0,43729.0,40.4,,,,
2002-01-11,177.7,188.7,75.431,76.871,175.3,114.2,1.9,,,10783.5,14372.785,50091.0,88.5176,16.523,5.7,9.4,130859.0,397000.0,,,3699.0,66.5,1.73,1.6714285714285715,2.976,5.042,5.46,2.066,3.382,8.08,1.642,7.06,5460.9,43.7,1011.7855,1867418.69,714781.5,117.144,1698.0,1665.0,,4.2,93.0,277135.0,7184.6,5.6,-29678.0,,22.172,,-0.41704,0.3801,6006032.0,128236.0,43729.0,40.4,,,,
2002-01-18,177.7,188.7,75.431,76.871,175.3,114.2,1.9,,,10783.5,14372.785,50091.0,88.5176,16.523,5.7,9.4,130859.0,418000.0,,,3699.0,66.5,1.73,1.7185714285714284,2.8579999999999997,4.918,5.37,2.06,3.308,8.24,1.656,6.83,5460.9,43.7,1011.7855,1867418.69,714781.5,117.144,1698.0,1665.0,,4.2,93.0,277135.0,7184.6,5.6,-29678.0,,22.9,,-0.4424,0.4089,6006032.0,128236.0,43729.0,40.4,,,,
2002-01-25,177.7,188.7,75.431,76.871,175.3,114.2,1.9,,,10783.5,14372.785,50091.0,88.5176,16.523,5.7,9.4,130859.0,405000.0,,,3699.0,66.5,1.73,1.7657142857142856,3.09,5.045,5.4525,1.955,3.3325,8.22,1.638,6.96,5460.9,43.7,1011.7855,1867418.69,714781.5,117.144,1698.0,1665.0,,4.2,93.0,277135.0,7184.6,5.6,-29678.0,,21.9125,,-0.4636,0.1277,6006032.0,128236.0,43729.0,40.4,,,,
2002-02-01,178.0,189.1,75.558,77.018,175.7,113.5,2.1,,,10783.5,14372.785,50091.0,88.5278,17.304,5.7,9.5,130737.0,414000.0,,,3436.0,66.8,1.74,1.7900000000000003,3.1079999999999997,5.05,5.424,1.9419999999999997,3.3,8.072,1.6780000000000002,7.02,5490.2,42.5,1016.4296,1881905.37,714822.1,117.845,1829.0,1787.0,,4.0,90.7,278869.0,7225.2,5.4,-32501.0,,22.184,,-0.47881,0.3091,6006032.0,128236.0,-76056.0,40.4,,,,
2002-02-08,178.0,189.1,75.558,77.018,175.7,113.5,2.1,,,10783.5,14372.785,50091.0,88.5278,17.304,5.7,9.5,130737.0,404000.0,,,3436.0,66.8,1.74,1.7157142857142857,2.98,4.922,5.378,1.9419999999999997,3.176,8.001999999999999,1.832,6.88,5490.2,42.5,1016.4296,1881905.37,714822.1,117.845,1829.0,1787.0,,4.0,90.7,278869.0,7225.2,5.4,-32501.0,,24.956,,-0.48795,0.497,6006032.0,128236.0,-76056.0,40.4,,,,
2002-02-15,178.0,189.1,75.558,77.018,175.7,113.5,2.1,,,10783.5,14372.785,50091.0,88.5278,17.304,5.7,9.5,130737.0,397000.0,,,3436.0,66.8,1.74,1.7357142857142858,3.024,4.9399999999999995,5.424,1.916,3.1900000000000004,8.053999999999998,1.832,6.86,5490.2,42.5,1016.4296,1881905.37,714822.1,117.845,1829.0,1787.0,,4.0,90.7,278869.0,7225.2,5.4,-32501.0,,21.678,,-0.49241,0.1757,6006032.0,128236.0,-76056.0,40.4,,,,
2002-02-22,178.0,189.1,75.558,77.018,175.7,113.5,2.1,,,10783.5,14372.785,50091.0,88.5278,17.304,5.7,9.5,130737.0,397000.0,,,3436.0,66.8,1.74,1.7428571428571427,2.9875,4.87,5.5200000000000005,1.8824999999999998,3.1100000000000003,8.181999999999999,1.86,6.81,5490.2,42.5,1016.4296,1881905.37,714822.1,117.845,1829.0,1787.0,,4.0,90.7,278869.0,7225.2,5.4,-32501.0,,23.4375,,-0.49275,0.3548,6006032.0,128236.0,-76056.0,40.4,,,,
2002-03-01,178.5,189.2,75.763,77.11,176.1,117.6,2.7,,,10783.5,14372.785,50091.0,89.1686,17.107,5.7,9.4,130722.0,398000.0,,,3612.0,66.6,1.73,1.7657142857142856,3.084,4.898000000000001,5.537999999999999,1.814,3.1239999999999997,8.209999999999999,1.814,6.8,5502.0,40.3,1012.0572,1894690.33,719956.04,118.688,1642.0,1691.0,,4.1,95.7,278079.0,7243.4,5.5,-31161.0,,21.312,,-0.49221,0.1777,6006032.0,128236.0,-64238.0,40.4,,,,
2002-03-08,178.5,189.2,75.763,77.11,176.1,117.6,2.7,,,10783.5,14372.785,50091.0,89.1686,17.107,5.7,9.4,130722.0,392000.0,,,3612.0,66.6,1.73,1.72,3.342,5.13,5.694,1.7879999999999998,3.3340000000000005,7.6739999999999995,1.75,6.87,5502.0,40.3,1012.0572,1894690.33,719956.04,118.688,1642.0,1691.0,,4.1,95.7,278079.0,7243.4,5.5,-31161.0,,20.009999999999998,,-0.49128,-0.0339,6006032.0,128236.0,-64238.0,40.4,,,,
2002-03-15,178.5,189.2,75.763,77.11,176.1,117.6,2.7,,,10783.5,14372.785,50091.0,89.1686,17.107,5.7,9.4,130722.0,399000.0,,,3612.0,66.6,1.73,1.7328571428571427,3.5799999999999996,5.336,5.848000000000001,1.7559999999999998,3.4880000000000004,7.2780000000000005,1.704,7.08,5502.0,40.3,1012.0572,1894690.33,719956.04,118.688,1642.0,1691.0,,4.1,95.7,278079.0,7243.4,5.5,-31161.0,,19.302,,-0.49189,-0.0518,6006032.0,128236.0,-64238.0,40.4,,,,
2002-03-22,178.5,189.2,75.763,77.11,176.1,117.6,2.7,,,10783.5,14372.785,50091.0,89.1686,17.107,5.7,9.4,130722.0,392000.0,,,3612.0,66.6,1.73,1.74,3.7039999999999997,5.368,5.868,1.6640000000000001,3.518,7.128,1.6919999999999997,7.14,5502.0,40.3,1012.0572,1894690.33,719956.04,118.688,1642.0,1691.0,,4.1,95.7,278079.0,7243.4,5.5,-31161.0,,18.294,,-0.49604,0.1005,6006032.0,128236.0,-64238.0,40.4,,,,
2002-03-29,178.5,189.2,75.763,77.11,176.1,117.6,2.7,,,10783.5,14372.785,50091.0,89.1686,17.107,5.7,9.4,130722.0,415000.0,,,3612.0,66.6,1.73,1.717142857142857,3.71,5.3825,5.88,1.6724999999999999,3.5675,7.1075,1.6949999999999998,7.18,5502.0,40.3,1012.0572,1894690.33,719956.04,118.688,1642.0,1691.0,,4.1,95.7,278079.0,7243.4,5.5,-31161.0,,17.9275,,-0.50427,0.1927,6006032.0,128236.0,-64238.0,40.4,,,,
2002-04-05,179.3,189.7,76.08,77.325,176.4,121.5,2.8,,,10887.46,14460.848,50286.0,89.604,17.668,5.9,9.7,130616.0,479000.0,,,3471.0,66.7,1.75,1.7642857142857142,3.596,5.32,5.8420000000000005,1.7239999999999998,3.536,7.108333333333333,1.7083333333333333,7.13,5502.1,40.9,1000.4692,1903957.99,725227.7,119.612,1592.0,1669.0,,4.3,93.0,281147.0,7312.5,5.4,-33965.0,,19.4,,-0.51755,0.3142,6126469.0,128236.0,67170.0,40.4,,,,
2002-04-12,179.3,189.7,76.08,77.325,176.4,121.5,2.8,,,10887.46,14460.848,50286.0,89.604,17.668,5.9,9.7,130616.0,445000.0,,,3471.0,66.7,1.75,1.7357142857142858,3.47,5.2219999999999995,5.792,1.752,3.498,7.192,1.73,6.99,5502.1,40.9,1000.4692,1903957.99,725227.7,119.612,1592.0,1669.0,,4.3,93.0,281147.0,7312.5,5.4,-33965.0,,19.398000000000003,,-0.53606,0.2846,6126469.0,128236.0,67170.0,40.4,,,,
2002-04-19,179.3,189.7,76.08,77.325,176.4,121.5,2.8,,,10887.46,14460.848,50286.0,89.604,17.668,5.9,9.7,130616.0,442000.0,,,3471.0,66.7,1.75,1.7442857142857144,3.3920000000000003,5.206,5.8100000000000005,1.814,3.478,7.178,1.7239999999999998,6.94,5502.1,40.9,1000.4692,1903957.99,725227.7,119.612,1592.0,1669.0,,4.3,93.0,281147.0,7312.5,5.4,-33965.0,,18.79,,-0.55776,0.1482,6126469.0,128236.0,67170.0,40.4,,,,
2002-04-26,179.3,189.7,76.08,77.325,176.4,121.5,2.8,,,10887.46,14460.848,50286.0,89.604,17.668,5.9,9.7,130616.0,416000.0,,,3471.0,66.7,1.75,1.7357142857142858,3.3020000000000005,5.132,5.746,1.83,3.4,7.202,1.7899999999999998,6.88,5502.1,40.9,1000.4692,1903957.99,725227.7,119.612,1592.0,1669.0,,4.3,93.0,281147.0,7312.5,5.4,-33965.0,,20.782,,-0.58043,0.2211,6126469.0,128236.0,67170.0,40.4,,,,
2002-05-03,179.5,190.0,76.13,77.411,175.8,121.9,2.7,,,10887.46,14460.848,50286.0,89.964,16.197,5.8,9.6,130632.0,414000.0,,,3457.0,66.7,1.75,1.8014285714285714,3.226,5.106,5.706,1.8800000000000001,3.336,6.954000000000001,1.8980000000000001,6.78,5528.3,40.3,990.7703,1914613.99,728364.1,120.725,1764.0,1716.0,,4.0,96.9,278966.0,7288.9,6.1,-34026.0,,21.256,,-0.60256,0.0745,6126469.0,128236.0,-80631.0,40.4,,,,
2002-05-10,179.5,190.0,76.13,77.411,175.8,121.9,2.7,,,10887.46,14460.848,50286.0,89.964,16.197,5.8,9.6,130632.0,409000.0,,,3457.0,66.7,1.75,1.7314285714285713,3.222,5.156000000000001,5.718,1.934,3.3880000000000003,6.946,1.9,6.79,5528.3,40.3,990.7703,1914613.99,728364.1,120.725,1764.0,1716.0,,4.0,96.9,278966.0,7288.9,6.1,-34026.0,,21.772,,-0.6189,0.165,6126469.0,128236.0,-80631.0,40.4,,,,
2002-05-17,179.5,190.0,76.13,77.411,175.8,121.9,2.7,,,10887.46,14460.848,50286.0,89.964,16.197,5.8,9.6,130632.0,413000.0,,,3457.0,66.7,1.75,1.7457142857142858,3.348,5.26,5.818,1.9120000000000001,3.492,6.967999999999999,1.886,6.89,5528.3,40.3,990.7703,1914613.99,728364.1,120.725,1764.0,1716.0,,4.0,96.9,278966.0,7288.9,6.1,-34026.0,,19.092000000000002,,-0.62944,-0.0492,6126469.0,128236.0,-80631.0,40.4,,,,
2002-05-24,179.5,190.0,76.13,77.411,175.8,121.9,2.7,,,10887.46,14460.848,50286.0,89.964,16.197,5.8,9.6,130632.0,411000.0,,,3457.0,66.7,1.75,1.72,3.28,5.168,5.776000000000001,1.888,3.4200000000000004,7.101999999999999,1.864,6.81,5528.3,40.3,990.7703,1914613.99,728364.1,120.725,1764.0,1716.0,,4.0,96.9,278966.0,7288.9,6.1,-34026.0,,19.2,,-0.63142,0.1865,6126469.0,128236.0,-80631.0,40.4,,,,
2002-05-31,179.5,190.0,76.13,77.411,175.8,121.9,2.7,,,10887.46,14460.848,50286.0,89.964,16.197,5.8,9.6,130632.0,403000.0,,,3457.0,66.7,1.75,1.7871428571428571,3.2325,5.1025,5.76,1.87,3.35,7.1659999999999995,1.7880000000000003,6.76,5528.3,40.3,990.7703,1914613.99,728364.1,120.725,1764.0,1716.0,,4.0,96.9,278966.0,7288.9,6.1,-34026.0,,20.322499999999998,,-0.62541,0.1572,6126469.0,128236.0,-80631.0,40.4,,,,
2002-06-07,179.6,190.2,76.225,77.534,175.9,121.6,2.7,,,10887.46,14460.848,50286.0,90.7061,16.953,5.8,9.5,130674.0,378000.0,,,3412.0,66.6,1.75,1.76,3.154,5.064,5.776,1.9100000000000001,3.312,7.337999999999999,1.624,6.71,5553.3,38.6,983.8954,1927180.98,732813.38,121.814,1717.0,1758.0,,4.2,92.4,280426.0,7322.5,6.1,-34732.0,,23.508000000000003,,-0.61144,0.3433,6126469.0,128236.0,29071.0,40.4,,,,
2002-06-14,179.6,190.2,76.225,77.534,175.9,121.6,2.7,,,10887.46,14460.848,50286.0,90.7061,16.953,5.8,9.5,130674.0,388000.0,,,3412.0,66.6,1.75,1.7428571428571427,3.042,4.968,5.678,1.9259999999999997,3.232,7.68,1.668,6.71,5553.3,38.6,983.8954,1927180.98,732813.38,121.814,1717.0,1758.0,,4.2,92.4,280426.0,7322.5,6.1,-34732.0,,24.66,,-0.59129,0.4492,6126469.0,128236.0,29071.0,40.4,,,,
2002-06-21,179.6,190.2,76.225,77.534,175.9,121.6,2.7,,,10887.46,14460.848,50286.0,90.7061,16.953,5.8,9.5,130674.0,396000.0,,,3412.0,66.6,1.75,1.7442857142857144,2.902,4.834,5.606,1.932,3.1079999999999997,7.952,1.702,6.63,5553.3,38.6,983.8954,1927180.98,732813.38,121.814,1717.0,1758.0,,4.2,92.4,280426.0,7322.5,6.1,-34732.0,,25.93,,-0.56673,0.4833,6126469.0,128236.0,29071.0,40.4,,,,
2002-06-28,179.6,190.2,76.225,77.534,175.9,121.6,2.7,,,10887.46,14460.848,50286.0,90.7061,16.953,5.8,9.5,130674.0,388000.0,,,3412.0,66.6,1.75,1.76,2.874,4.84,5.648,1.966,3.126,8.778,1.828,6.55,5553.3,38.6,983.8954,1927180.98,732813.38,121.814,1717.0,1758.0,,4.2,92.4,280426.0,7322.5,6.1,-34732.0,,26.986,,-0.53952,0.8226,6126469.0,128236.0,29071.0,40.4,,,,
2002-07-05,180.0,190.5,76.393,77.692,176.1,122.4,2.6,,,10984.04,14519.633,50362.0,90.6769,18.147,5.8,9.6,130584.0,386000.0,,,3367.0,66.5,1.73,1.7357142857142858,2.835,4.825,5.6575,1.99,3.105,8.895,1.8916666666666666,6.57,5596.0,39.4,976.6186,1939211.4,736264.46,122.889,1655.0,1738.0,,4.2,88.1,284161.0,7387.3,5.3,-33913.0,,28.15,,-0.51179,0.5813,6228236.0,128236.0,-29159.0,40.4,,,,
2002-07-12,180.0,190.5,76.393,77.692,176.1,122.4,2.6,,,10984.04,14519.633,50362.0,90.6769,18.147,5.8,9.6,130584.0,391000.0,,,3367.0,66.5,1.73,1.7314285714285713,2.6719999999999997,4.714,5.582,2.042,2.9939999999999998,9.11,1.8980000000000001,6.54,5596.0,39.4,976.6186,1939211.4,736264.46,122.889,1655.0,1738.0,,4.2,88.1,284161.0,7387.3,5.3,-33913.0,,31.872000000000003,,-0.48469,0.7251,6228236.0,128236.0,-29159.0,40.4,,,,
2002-07-19,180.0,190.5,76.393,77.692,176.1,122.4,2.6,,,10984.04,14519.633,50362.0,90.6769,18.147,5.8,9.6,130584.0,384000.0,,,3367.0,66.5,1.73,1.7342857142857144,2.574,4.678,5.598000000000001,2.104,2.96,9.228,1.988,6.49,5596.0,39.4,976.6186,1939211.4,736264.46,122.889,1655.0,1738.0,,4.2,88.1,284161.0,7387.3,5.3,-33913.0,,36.084,,-0.461,0.8389,6228236.0,128236.0,-29159.0,40.4,,,,
2002-07-26,180.0,190.5,76.393,77.692,176.1,122.4,2.6,,,10984.04,14519.633,50362.0,90.6769,18.147,5.8,9.6,130584.0,379000.0,,,3367.0,66.5,1.73,1.7214285714285715,2.32,4.465999999999999,5.524,2.146,2.77,9.854000000000001,2.238,6.34,5596.0,39.4,976.6186,1939211.4,736264.46,122.889,1655.0,1738.0,,4.2,88.1,284161.0,7387.3,5.3,-33913.0,,40.286,,-0.44059,1.3424,6228236.0,128236.0,-29159.0,40.4,,,,
2002-08-02,180.5,191.1,76.543,77.845,176.1,123.1,2.6,,,10984.04,14519.633,50362.0,90.5762,18.449,5.7,9.6,130581.0,390000.0,,,3517.0,66.6,1.74,1.73,2.244,4.516,5.534000000000001,2.272,2.8240000000000003,9.802,2.314,6.43,5638.3,39.8,972.4442,1947500.09,740489.45,123.832,1633.0,1695.0,,4.0,87.6,285884.0,7412.6,5.2,-36385.0,,34.704,,-0.42629,0.7218,6228236.0,128236.0,-54709.0,40.4,,,,
2002-08-09,180.5,191.1,76.543,77.845,176.1,123.1,2.6,,,10984.04,14519.633,50362.0,90.5762,18.449,5.7,9.6,130581.0,388000.0,,,3517.0,66.6,1.74,1.7214285714285715,2.0439999999999996,4.346,5.418,2.302,2.722,9.876000000000001,2.3899999999999997,6.31,5638.3,39.8,972.4442,1947500.09,740489.45,123.832,1633.0,1695.0,,4.0,87.6,285884.0,7412.6,5.2,-36385.0,,39.5,,-0.415,1.1297,6228236.0,128236.0,-54709.0,40.4,,,,
2002-08-16,180.5,191.1,76.543,77.845,176.1,123.1,2.6,,,10984.04,14519.633,50362.0,90.5762,18.449,5.7,9.6,130581.0,389000.0,,,3517.0,66.6,1.74,1.7442857142857144,2.144,4.178,5.2,2.034,2.54,10.058,2.402,6.22,5638.3,39.8,972.4442,1947500.09,740489.45,123.832,1633.0,1695.0,,4.0,87.6,285884.0,7412.6,5.2,-36385.0,,32.694,,-0.40747,0.8508,6228236.0,128236.0,-54709.0,40.4,,,,
2002-08-23,180.5,191.1,76.543,77.845,176.1,123.1,2.6,,,10984.04,14519.633,50362.0,90.5762,18.449,5.7,9.6,130581.0,399000.0,,,3517.0,66.6,1.74,1.7128571428571429,2.18,4.242,5.212,2.0620000000000003,2.598,9.803999999999998,2.278,6.27,5638.3,39.8,972.4442,1947500.09,740489.45,123.832,1633.0,1695.0,,4.0,87.6,285884.0,7412.6,5.2,-36385.0,,28.7,,-0.39942,0.652,6228236.0,128236.0,-54709.0,40.4,,,,
2002-08-30,180.5,191.1,76.543,77.845,176.1,123.1,2.6,,,10984.04,14519.633,50362.0,90.5762,18.449,5.7,9.6,130581.0,398000.0,,,3517.0,66.6,1.74,1.7814285714285716,2.192,4.206,5.194,2.0140000000000002,2.526,9.496,2.224,6.22,5638.3,39.8,972.4442,1947500.09,740489.45,123.832,1633.0,1695.0,,4.0,87.6,285884.0,7412.6,5.2,-36385.0,,31.926,,-0.39101,0.6288,6228236.0,128236.0,-54709.0,40.4,,,,
2002-09-06,180.8,191.3,76.681,77.972,176.5,123.7,2.5,,,10984.04,14519.633,50362.0,90.6531,16.665,5.7,9.6,130502.0,394000.0,,,3301.0,66.7,1.75,1.7857142857142858,2.0149999999999997,3.975,5.0125,1.96,2.34,9.705,2.2600000000000002,6.15,5662.3,38.9,966.4242,1950651.39,743326.36,124.781,1804.0,1803.0,,3.9,86.1,281064.0,7391.5,5.8,-36088.0,,38.15,,-0.38046,1.1629,6228236.0,128236.0,42388.0,40.4,,,,
2002-09-13,180.8,191.3,76.681,77.972,176.5,123.7,2.5,,,10984.04,14519.633,50362.0,90.6531,16.665,5.7,9.6,130502.0,416000.0,,,3301.0,66.7,1.75,1.7285714285714284,2.124,4.004,5.029999999999999,1.8800000000000001,2.316,9.652,2.254,6.18,5662.3,38.9,966.4242,1950651.39,743326.36,124.781,1804.0,1803.0,,3.9,86.1,281064.0,7391.5,5.8,-36088.0,,35.932,,-0.36988,0.7892,6228236.0,128236.0,42388.0,40.4,,,,
2002-09-20,180.8,191.3,76.681,77.972,176.5,123.7,2.5,,,10984.04,14519.633,50362.0,90.6531,16.665,5.7,9.6,130502.0,412000.0,,,3301.0,66.7,1.75,1.7228571428571429,2.008,3.842,4.942,1.834,2.164,9.72,2.222,6.05,5662.3,38.9,966.4242,1950651.39,743326.36,124.781,1804.0,1803.0,,3.9,86.1,281064.0,7391.5,5.8,-36088.0,,38.38,,-0.36041,1.1165,6228236.0,128236.0,42388.0,40.4,,,,
2002-09-27,180.8,191.3,76.681,77.972,176.5,123.7,2.5,,,10984.04,14519.633,50362.0,90.6531,16.665,5.7,9.6,130502.0,401000.0,,,3301.0,66.7,1.75,1.7514285714285713,1.9300000000000002,3.728,4.894,1.798,2.08,10.206,2.3240000000000003,5.99,5662.3,38.9,966.4242,1950651.39,743326.36,124.781,1804.0,1803.0,,3.9,86.1,281064.0,7391.5,5.8,-36088.0,,37.82,,-0.35461,1.268,6228236.0,128236.0,42388.0,40.4,,,,
2002-10-04,181.2,191.5,76.821,78.038,176.4,126.9,2.5,,,11061.433,14537.58,50302.0,90.4643,16.259,5.7,9.6,130617.0,409000.0,,,3479.0,66.6,1.75,1.7842857142857143,1.7600000000000002,3.69,4.9719999999999995,1.9300000000000002,2.106,10.382000000000001,2.374,6.01,5707.1,38.7,963.2808,1957151.3,747939.58,125.736,1648.0,1799.0,,4.0,80.6,282940.0,7435.2,5.6,-35095.0,,37.482,,-0.35396,1.0854,6405707.0,-157758.0,-54072.0,40.4,,,,
2002-10-11,181.2,191.5,76.821,78.038,176.4,126.9,2.5,,,11061.433,14537.58,50302.0,90.4643,16.259,5.7,9.6,130617.0,404000.0,,,3479.0,66.6,1.75,1.73,1.778,3.682,4.992,1.904,2.088,11.004,2.616,5.98,5707.1,38.7,963.2808,1957151.3,747939.58,125.736,1648.0,1799.0,,4.0,80.6,282940.0,7435.2,5.6,-35095.0,,39.80800000000001,,-0.35975,1.3713,6405707.0,-157758.0,-54072.0,40.4,,,,
2002-10-18,181.2,191.5,76.821,78.038,176.4,126.9,2.5,,,11061.433,14537.58,50302.0,90.4643,16.259,5.7,9.6,130617.0,405000.0,,,3479.0,66.6,1.75,1.75,2.0725,4.1075,5.27,2.035,2.4375,10.768,2.618,6.15,5707.1,38.7,963.2808,1957151.3,747939.58,125.736,1648.0,1799.0,,4.0,80.6,282940.0,7435.2,5.6,-35095.0,,34.738,,-0.37228,0.5212,6405707.0,-157758.0,-54072.0,40.4,,,,
2002-10-25,181.2,191.5,76.821,78.038,176.4,126.9,2.5,,,11061.433,14537.58,50302.0,90.4643,16.259,5.7,9.6,130617.0,412000.0,,,3479.0,66.6,1.75,1.7485714285714287,2.1420000000000003,4.21,5.354,2.068,2.536,10.541999999999998,2.588,6.31,5707.1,38.7,963.2808,1957151.3,747939.58,125.736,1648.0,1799.0,,4.0,80.6,282940.0,7435.2,5.6,-35095.0,,32.886,,-0.3878,0.7856,6405707.0,-157758.0,-54072.0,40.4,,,,
2002-11-01,181.5,191.9,76.897,78.114,176.9,126.7,2.4,,,11061.433,14537.58,50302.0,90.9711,16.52,5.9,9.8,130616.0,409000.0,,,3514.0,66.4,1.34,1.78,1.77,4.0,5.302,2.23,2.504,10.58,2.5100000000000002,6.13,5758.1,39.2,960.7924,1965179.13,749906.22,126.671,1753.0,1771.0,,4.0,84.2,283408.0,7463.8,5.6,-39515.0,,31.002,,-0.40612,1.0721,6405707.0,-157758.0,-58883.0,40.4,,,,
2002-11-08,181.5,191.9,76.897,78.114,176.9,126.7,2.4,,,11061.433,14537.58,50302.0,90.9711,16.52,5.9,9.8,130616.0,405000.0,,,3514.0,66.4,1.34,1.5371428571428571,1.842,3.9979999999999998,5.242,2.1559999999999997,2.694,10.174,2.338,6.11,5758.1,39.2,960.7924,1965179.13,749906.22,126.671,1753.0,1771.0,,4.0,84.2,283408.0,7463.8,5.6,-39515.0,,30.722,,-0.42379,0.8905,6405707.0,-157758.0,-58883.0,40.4,,,,
2002-11-15,181.5,191.9,76.897,78.114,176.9,126.7,2.4,,,11061.433,14537.58,50302.0,90.9711,16.52,5.9,9.8,130616.0,400000.0,,,3514.0,66.4,1.34,1.2342857142857144,1.8375,3.94,5.085,2.1025,2.7225,10.032,2.2600000000000002,5.94,5758.1,39.2,960.7924,1965179.13,749906.22,126.671,1753.0,1771.0,,4.0,84.2,283408.0,7463.8,5.6,-39515.0,,29.688,,-0.43906,0.8157,6405707.0,-157758.0,-58883.0,40.4,,,,
2002-11-22,181.5,191.9,76.897,78.114,176.9,126.7,2.4,,,11061.433,14537.58,50302.0,90.9711,16.52,5.9,9.8,130616.0,389000.0,,,3514.0,66.4,1.34,1.2657142857142856,1.9899999999999998,4.082,5.144,2.092,2.8600000000000003,9.378,2.058,6.03,5758.1,39.2,960.7924,1965179.13,749906.22,126.671,1753.0,1771.0,,4.0,84.2,283408.0,7463.8,5.6,-39515.0,,25.472,,-0.44975,0.3153,6405707.0,-157758.0,-58883.0,40.4,,,,
2002-11-29,181.5,191.9,76.897,78.114,176.9,126.7,2.4,,,11061.433,14537.58,50302.0,90.9711,16.52,5.9,9.8,130616.0,390000.0,,,3514.0,66.4,1.34,1.2642857142857142,2.0675,4.1875,5.2225,2.12,2.96,9.008,1.996,6.13,5758.1,39.2,960.7924,1965179.13,749906.22,126.671,1753.0,1771.0,,4.0,84.2,283408.0,7463.8,5.6,-39515.0,,26.197499999999998,,-0.45607,0.4877,6405707.0,-157758.0,-58883.0,40.4,,,,
2002-12-06,181.8,192.1,76.971,78.187,177.1,127.1,2.5,,,11061.433,14537.58,50302.0,90.4652,17.866,6.0,9.8,130465.0,377000.0,,,3169.0,66.3,1.24,1.2357142857142858,2.006,4.172,5.19,2.166,2.948,8.811666666666667,1.9616666666666667,6.19,5779.4,40.3,957.7599,1972112.21,750947.45,127.625,1788.0,1896.0,,4.0,86.7,286646.0,7519.9,5.3,-43607.0,,28.738,,-0.45857,0.6954,6405707.0,-157758.0,4719.0,40.4,,,,
2002-12-13,181.8,192.1,76.971,78.187,177.1,127.1,2.5,,,11061.433,14537.58,50302.0,90.4652,17.866,6.0,9.8,130465.0,425000.0,,,3169.0,66.3,1.24,1.2414285714285713,1.8699999999999999,4.042,5.093999999999999,2.172,2.8280000000000003,9.054,1.972,6.04,5779.4,40.3,957.7599,1972112.21,750947.45,127.625,1788.0,1896.0,,4.0,86.7,286646.0,7519.9,5.3,-43607.0,,28.554000000000002,,-0.46188,0.7172,6405707.0,-157758.0,4719.0,40.4,,,,
2002-12-20,181.8,192.1,76.971,78.187,177.1,127.1,2.5,,,11061.433,14537.58,50302.0,90.4652,17.866,6.0,9.8,130465.0,429000.0,,,3169.0,66.3,1.24,1.272857142857143,1.828,4.054,5.184,2.226,2.838,8.948,1.904,6.03,5779.4,40.3,957.7599,1972112.21,750947.45,127.625,1788.0,1896.0,,4.0,86.7,286646.0,7519.9,5.3,-43607.0,,27.622000000000003,,-0.46572,0.48,6405707.0,-157758.0,4719.0,40.4,,,,
2002-12-27,181.8,192.1,76.971,78.187,177.1,127.1,2.5,,,11061.433,14537.58,50302.0,90.4652,17.866,6.0,9.8,130465.0,394000.0,,,3169.0,66.3,1.24,1.2257142857142858,1.705,3.9225000000000003,5.1025,2.2175000000000002,2.7424999999999997,9.035,1.9,5.93,5779.4,40.3,957.7599,1972112.21,750947.45,127.625,1788.0,1896.0,,4.0,86.7,286646.0,7519.9,5.3,-43607.0,,27.4025,,-0.47242,0.7572,6405707.0,-157758.0,4719.0,40.4,,,,
2003-01-03,182.6,192.4,77.201,78.24,177.1,133.5,2.5,1.29,1.63,11174.129,14614.141,50462.0,91.2361,16.708,5.8,9.9,130573.0,409000.0,,,3441.0,66.4,1.24,1.1957142857142855,1.7025000000000001,3.9425,5.1025,2.24,2.7225,8.8125,1.87,5.85,5812.1,42.9,950.1322,1982561.31,754789.4,128.462,1853.0,1808.0,,4.0,82.4,288657.0,7541.3,5.3,-41156.0,,27.0775,,-0.48304,0.6977,6460776.0,-157758.0,10633.0,40.8,,,,
2003-01-10,182.6,192.4,77.201,78.24,177.1,133.5,2.5,1.346,1.698,11174.129,14614.141,50462.0,91.2361,16.708,5.8,9.9,130573.0,393000.0,,,3441.0,66.4,1.24,1.2128571428571429,1.796,4.096,5.204,2.3,2.898,8.144,1.7899999999999998,5.95,5812.1,42.9,950.1322,1982561.31,754789.4,128.462,1853.0,1808.0,,4.0,82.4,288657.0,7541.3,5.3,-41156.0,,24.828,,-0.49608,0.2332,6460776.0,-157758.0,10633.0,40.8,,,,
2003-01-17,182.6,192.4,77.201,78.24,177.1,133.5,2.5,1.408,1.784,11174.129,14614.141,50462.0,91.2361,16.708,5.8,9.9,130573.0,378000.0,,,3441.0,66.4,1.24,1.2485714285714287,1.754,4.1,5.176,2.346,2.908,7.986,1.736,5.97,5812.1,42.9,950.1322,1982561.31,754789.4,128.462,1853.0,1808.0,,4.0,82.4,288657.0,7541.3,5.3,-41156.0,,25.137999999999998,,-0.50839,0.4492,6460776.0,-157758.0,10633.0,40.8,,,,
2003-01-24,182.6,192.4,77.201,78.24,177.1,133.5,2.5,1.4,1.77,11174.129,14614.141,50462.0,91.2361,16.708,5.8,9.9,130573.0,402000.0,,,3441.0,66.4,1.24,1.2357142857142858,1.67,3.9699999999999998,5.077500000000001,2.3,2.7975,8.166,1.7559999999999998,5.91,5812.1,42.9,950.1322,1982561.31,754789.4,128.462,1853.0,1808.0,,4.0,82.4,288657.0,7541.3,5.3,-41156.0,,28.91,,-0.51797,0.746,6460776.0,-157758.0,10633.0,40.8,,,,
2003-01-31,182.6,192.4,77.201,78.24,177.1,133.5,2.5,1.482,1.818,11174.129,14614.141,50462.0,91.2361,16.708,5.8,9.9,130573.0,407000.0,,,3441.0,66.4,1.24,1.2614285714285713,1.718,4.008,5.064,2.29,2.8299999999999996,8.264,1.748,5.9,5812.1,42.9,950.1322,1982561.31,754789.4,128.462,1853.0,1808.0,,4.0,82.4,288657.0,7541.3,5.3,-41156.0,,32.074,,-0.52508,0.7028,6460776.0,-157758.0,10633.0,40.8,,,,
2003-02-07,183.6,192.5,77.526,78.348,178.1,140.8,2.7,1.578,1.864,11174.129,14614.141,50462.0,91.3445,16.114,5.9,10.1,130441.0,413000.0,,,3229.0,66.4,1.26,1.26,1.688,3.9839999999999995,4.998,2.2960000000000003,2.812,8.292,1.702,5.88,5848.2,41.9,941.2618,1993405.69,758601.34,129.356,1629.0,1854.0,,4.5,79.9,284696.0,7548.6,5.2,-40082.0,,32.836,,-0.52899,0.7485,6460776.0,-157758.0,-96663.0,40.8,,,,
2003-02-14,183.6,192.5,77.526,78.348,178.1,140.8,2.7,1.612,1.9099999999999997,11174.129,14614.141,50462.0,91.3445,16.114,5.9,10.1,130441.0,390000.0,,,3229.0,66.4,1.26,1.2428571428571427,1.6280000000000001,3.9480000000000004,5.061999999999999,2.32,2.772,8.506,1.7,5.86,5848.2,41.9,941.2618,1993405.69,758601.34,129.356,1629.0,1854.0,,4.5,79.9,284696.0,7548.6,5.2,-40082.0,,33.664,,-0.53163,0.6929,6460776.0,-157758.0,-96663.0,40.8,,,,
2003-02-21,183.6,192.5,77.526,78.348,178.1,140.8,2.7,1.6675,1.9224999999999999,11174.129,14614.141,50462.0,91.3445,16.114,5.9,10.1,130441.0,420000.0,,,3229.0,66.4,1.26,1.2785714285714285,1.6225,3.8925,5.0649999999999995,2.27,2.705,8.52,1.6939999999999997,5.84,5848.2,41.9,941.2618,1993405.69,758601.34,129.356,1629.0,1854.0,,4.5,79.9,284696.0,7548.6,5.2,-40082.0,,30.9575,,-0.53433,0.4518,6460776.0,-157758.0,-96663.0,40.8,,,,
2003-02-28,183.6,192.5,77.526,78.348,178.1,140.8,2.7,1.762,1.956,11174.129,14614.141,50462.0,91.3445,16.114,5.9,10.1,130441.0,421000.0,,,3229.0,66.4,1.26,1.2671428571428573,1.572,3.784,4.982,2.212,2.578,8.416,1.674,5.79,5848.2,41.9,941.2618,1993405.69,758601.34,129.356,1629.0,1854.0,,4.5,79.9,284696.0,7548.6,5.2,-40082.0,,31.163999999999998,,-0.53859,0.4363,6460776.0,-157758.0,-96663.0,40.8,,,,
2003-03-07,183.9,192.5,77.725,78.474,178.4,143.9,3.1,1.72,1.902,11174.129,14614.141,50462.0,91.1044,16.467,5.9,10.0,130235.0,436000.0,,,3099.0,66.3,1.25,1.262857142857143,1.466,3.6519999999999997,4.912000000000001,2.186,2.478,8.315999999999999,1.6599999999999997,5.67,5868.4,40.6,937.7421,2001208.15,759655.21,130.148,1726.0,1757.0,,4.1,77.6,288177.0,7611.5,4.9,-43806.0,,31.018,,-0.54522,0.5162,6460776.0,-157758.0,-58877.0,40.8,,,,
2003-03-14,183.9,192.5,77.725,78.474,178.4,143.9,3.1,1.7420000000000002,1.916,11174.129,14614.141,50462.0,91.1044,16.467,5.9,10.0,130235.0,424000.0,,,3099.0,66.3,1.25,1.24,1.466,3.65,4.906000000000001,2.184,2.5439999999999996,8.272,1.6939999999999997,5.61,5868.4,40.6,937.7421,2001208.15,759655.21,130.148,1726.0,1757.0,,4.1,77.6,288177.0,7611.5,4.9,-43806.0,,32.634,,-0.55526,0.5641,6460776.0,-157758.0,-58877.0,40.8,,,,
2003-03-21,183.9,192.5,77.725,78.474,178.4,143.9,3.1,1.652,1.828,11174.129,14614.141,50462.0,91.1044,16.467,5.9,10.0,130235.0,430000.0,,,3099.0,66.3,1.25,1.2485714285714287,1.7239999999999998,3.9659999999999997,5.122,2.242,2.806,7.872,1.65,5.79,5868.4,40.6,937.7421,2001208.15,759655.21,130.148,1726.0,1757.0,,4.1,77.6,288177.0,7611.5,4.9,-43806.0,,30.566000000000003,,-0.56991,0.1949,6460776.0,-157758.0,-58877.0,40.8,,,,
2003-03-28,183.9,192.5,77.725,78.474,178.4,143.9,3.1,1.6759999999999997,1.818,11174.129,14614.141,50462.0,91.1044,16.467,5.9,10.0,130235.0,411000.0,,,3099.0,66.3,1.25,1.24,1.652,3.9560000000000004,5.16,2.304,2.79,7.779999999999999,1.6019999999999999,5.91,5868.4,40.6,937.7421,2001208.15,759655.21,130.148,1726.0,1757.0,,4.1,77.6,288177.0,7611.5,4.9,-43806.0,,28.616000000000003,,-0.58938,0.4215,6460776.0,-157758.0,-58877.0,40.8,,,,
2003-04-04,183.2,192.5,77.593,78.561,178.5,136.5,2.4,1.6439999999999997,1.812,11312.766,14743.567,50796.0,90.5617,16.751,6.0,10.2,130173.0,436000.0,,,3108.0,66.4,1.26,1.262857142857143,1.542,3.9,5.128,2.3579999999999997,2.778,7.448,1.56,5.79,5905.5,41.2,935.3311,2014099.78,760752.43,130.884,1643.0,1803.0,,4.1,86.0,289053.0,7634.5,5.0,-42037.0,,28.574,,-0.61254,0.3413,6670121.0,-157758.0,51066.0,40.8,,,,
2003-04-11,183.2,192.5,77.593,78.561,178.5,136.5,2.4,1.598,1.7899999999999998,11312.766,14743.567,50796.0,90.5617,16.751,6.0,10.2,130173.0,417000.0,,,3108.0,66.4,1.26,1.237142857142857,1.6079999999999999,3.972,5.182,2.364,2.82,7.223999999999999,1.536,5.85,5905.5,41.2,935.3311,2014099.78,760752.43,130.884,1643.0,1803.0,,4.1,86.0,289053.0,7634.5,5.0,-42037.0,,26.546,,-0.63792,0.2028,6670121.0,-157758.0,51066.0,40.8,,,,
2003-04-18,183.2,192.5,77.593,78.561,178.5,136.5,2.4,1.61,1.7850000000000001,11312.766,14743.567,50796.0,90.5617,16.751,6.0,10.2,130173.0,434000.0,,,3108.0,66.4,1.26,1.2742857142857142,1.7025,3.99,5.16,2.2875,2.8075,7.0525,1.4875,5.82,5905.5,41.2,935.3311,2014099.78,760752.43,130.884,1643.0,1803.0,,4.1,86.0,289053.0,7634.5,5.0,-42037.0,,22.4975,,-0.66237,0.0235,6670121.0,-157758.0,51066.0,40.8,,,,
2003-04-25,183.2,192.5,77.593,78.561,178.5,136.5,2.4,1.508,1.738,11312.766,14743.567,50796.0,90.5617,16.751,6.0,10.2,130173.0,450000.0,,,3108.0,66.4,1.26,1.2557142857142856,1.6600000000000001,3.974,5.087999999999999,2.314,2.81,6.772,1.396,5.79,5905.5,41.2,935.3311,2014099.78,760752.43,130.884,1643.0,1803.0,,4.1,86.0,289053.0,7634.5,5.0,-42037.0,,20.916,,-0.6836,0.0321,6670121.0,-157758.0,51066.0,40.8,,,,
2003-05-02,182.9,192.9,77.504,78.674,178.8,129.4,2.0,1.408,1.746,11312.766,14743.567,50796.0,90.537,16.47,6.1,10.1,130197.0,444000.0,,,3289.0,66.4,1.26,1.2814285714285716,1.556,3.918,5.034000000000001,2.3619999999999997,2.79,6.452,1.336,5.7,5965.3,41.8,923.877,2027502.51,763704.74,131.735,1751.0,1835.0,,3.9,92.1,289619.0,7650.3,5.3,-41045.0,,21.006,,-0.69981,-0.0002,6670121.0,-157758.0,-88867.0,40.8,,,,
2003-05-09,182.9,192.9,77.504,78.674,178.8,129.4,2.0,1.408,1.698,11312.766,14743.567,50796.0,90.537,16.47,6.1,10.1,130197.0,428000.0,,,3289.0,66.4,1.26,1.26,1.478,3.774,4.984,2.2960000000000003,2.666,6.426,1.284,5.62,5965.3,41.8,923.877,2027502.51,763704.74,131.735,1751.0,1835.0,,3.9,92.1,289619.0,7650.3,5.3,-41045.0,,20.772,,-0.70947,0.0441,6670121.0,-157758.0,-88867.0,40.8,,,,
2003-05-16,182.9,192.9,77.504,78.674,178.8,129.4,2.0,1.356,1.6640000000000001,11312.766,14743.567,50796.0,90.537,16.47,6.1,10.1,130197.0,417000.0,,,3289.0,66.4,1.26,1.2685714285714287,1.436,3.558,4.79,2.122,2.4859999999999998,6.572,1.316,5.45,5965.3,41.8,923.877,2027502.51,763704.74,131.735,1751.0,1835.0,,3.9,92.1,289619.0,7650.3,5.3,-41045.0,,19.413999999999998,,-0.71397,0.1795,6670121.0,-157758.0,-88867.0,40.8,,,,
2003-05-23,182.9,192.9,77.504,78.674,178.8,129.4,2.0,1.328,1.634,11312.766,14743.567,50796.0,90.537,16.47,6.1,10.1,130197.0,425000.0,,,3289.0,66.4,1.26,1.2428571428571427,1.356,3.382,4.548,2.026,2.32,6.792,1.348,5.34,5965.3,41.8,923.877,2027502.51,763704.74,131.735,1751.0,1835.0,,3.9,92.1,289619.0,7650.3,5.3,-41045.0,,20.392000000000003,,-0.71451,0.4299,6670121.0,-157758.0,-88867.0,40.8,,,,
2003-05-30,182.9,192.9,77.504,78.674,178.8,129.4,2.0,1.2425,1.6,11312.766,14743.567,50796.0,90.537,16.47,6.1,10.1,130197.0,419000.0,,,3289.0,66.4,1.26,1.2585714285714287,1.3275000000000001,3.39,4.5875,2.0625,2.285,6.864,1.328,5.31,5965.3,41.8,923.877,2027502.51,763704.74,131.735,1751.0,1835.0,,3.9,92.1,289619.0,7650.3,5.3,-41045.0,,19.98,,-0.71319,0.208,6670121.0,-157758.0,-88867.0,40.8,,,,
2003-06-06,183.1,193.0,77.588,78.718,179.7,129.8,2.1,1.286,1.59,11312.766,14743.567,50796.0,90.6527,17.013,6.3,10.3,130186.0,431000.0,,,3390.0,66.5,1.22,1.2514285714285713,1.25,3.3560000000000003,4.62,2.1060000000000003,2.284,6.658333333333334,1.3133333333333335,5.26,6002.2,42.0,917.209,2033268.41,763814.88,132.649,1867.0,1875.0,,3.5,89.7,293671.0,7699.6,5.1,-39696.0,,20.878,,-0.71136,0.1377,6670121.0,-157758.0,21230.0,40.8,,,,
2003-06-13,183.1,193.0,77.588,78.718,179.7,129.8,2.1,1.336,1.6039999999999999,11312.766,14743.567,50796.0,90.6527,17.013,6.3,10.3,130186.0,429000.0,,,3390.0,66.5,1.22,1.2414285714285713,1.142,3.2020000000000004,4.497999999999999,2.0599999999999996,2.258,6.506,1.282,5.21,6002.2,42.0,917.209,2033268.41,763814.88,132.649,1867.0,1875.0,,3.5,89.7,293671.0,7699.6,5.1,-39696.0,,20.814,,-0.71066,0.2044,6670121.0,-157758.0,21230.0,40.8,,,,
2003-06-20,183.1,193.0,77.588,78.718,179.7,129.8,2.1,1.3679999999999999,1.596,11312.766,14743.567,50796.0,90.6527,17.013,6.3,10.3,130186.0,421000.0,,,3390.0,66.5,1.22,1.2457142857142858,1.218,3.314,4.604,2.096,2.4539999999999997,6.13,1.234,5.21,6002.2,42.0,917.209,2033268.41,763814.88,132.649,1867.0,1875.0,,3.5,89.7,293671.0,7699.6,5.1,-39696.0,,19.786,,-0.71207,0.0244,6670121.0,-157758.0,21230.0,40.8,,,,
2003-06-27,183.1,193.0,77.588,78.718,179.7,129.8,2.1,1.426,1.654,11312.766,14743.567,50796.0,90.6527,17.013,6.3,10.3,130186.0,408000.0,,,3390.0,66.5,1.22,1.1685714285714286,1.2799999999999998,3.4240000000000004,4.714,2.144,2.548,6.142,1.232,5.24,6002.2,42.0,917.209,2033268.41,763814.88,132.649,1867.0,1875.0,,3.5,89.7,293671.0,7699.6,5.1,-39696.0,,20.139999999999997,,-0.71463,0.2459,6670121.0,-157758.0,21230.0,40.8,,,,
2003-07-04,183.7,193.4,77.816,78.915,179.8,132.2,1.7,1.4425,1.615,11566.669,14988.782,51512.0,91.1185,17.117,6.2,10.3,130184.0,429000.0,,,2981.0,66.2,1.01,1.092857142857143,1.31,3.5825,4.8575,2.2725,2.7,6.136,1.234,5.4,6049.1,43.6,921.4341,2040064.39,764388.66,133.777,1897.0,1885.0,,3.6,90.9,296207.0,7757.0,5.9,-41321.0,,19.35,,-0.7175,0.1994,6783320.0,-157758.0,-54240.0,40.8,,,,
2003-07-11,183.7,193.4,77.816,78.915,179.8,132.2,1.7,1.436,1.7,11566.669,14988.782,51512.0,91.1185,17.117,6.2,10.3,130184.0,433000.0,,,2981.0,66.2,1.01,0.97,1.348,3.716,4.948,2.368,2.8120000000000003,6.008,1.214,5.52,6049.1,43.6,921.4341,2040064.39,764388.66,133.777,1897.0,1885.0,,3.6,90.9,296207.0,7757.0,5.9,-41321.0,,19.226,,-0.71901,0.0618,6783320.0,-157758.0,-54240.0,40.8,,,,
2003-07-18,183.7,193.4,77.816,78.915,179.8,132.2,1.7,1.556,1.8960000000000001,11566.669,14988.782,51512.0,91.1185,17.117,6.2,10.3,130184.0,412000.0,,,2981.0,66.2,1.01,1.0257142857142856,1.454,3.9259999999999997,5.074,2.472,3.016,5.788,1.188,5.67,6049.1,43.6,921.4341,2040064.39,764388.66,133.777,1897.0,1885.0,,3.6,90.9,296207.0,7757.0,5.9,-41321.0,,19.646,,-0.71733,-0.0852,6783320.0,-157758.0,-54240.0,40.8,,,,
2003-07-25,183.7,193.4,77.816,78.915,179.8,132.2,1.7,1.6640000000000001,2.0140000000000002,11566.669,14988.782,51512.0,91.1185,17.117,6.2,10.3,130184.0,403000.0,,,2981.0,66.2,1.01,1.0171428571428571,1.556,4.18,5.248,2.624,3.25,5.68,1.16,5.94,6049.1,43.6,921.4341,2040064.39,764388.66,133.777,1897.0,1885.0,,3.6,90.9,296207.0,7757.0,5.9,-41321.0,,18.788,,-0.71242,-0.0582,6783320.0,-157758.0,-54240.0,40.8,,,,
2003-08-01,184.5,193.6,78.079,79.004,180.5,137.8,2.5,1.73,2.044,11566.669,14988.782,51512.0,90.9197,18.262,6.1,10.1,130153.0,398000.0,,,3190.0,66.1,1.03,1.0314285714285716,1.714,4.4,5.462,2.686,3.4299999999999997,5.71,1.174,6.14,6107.1,46.1,909.5964,2049124.34,766324.4,134.968,1833.0,1966.0,,3.5,89.3,299592.0,7852.1,5.7,-39892.0,,19.224,,-0.70276,0.0985,6783320.0,-157758.0,-76587.0,40.8,,,,
2003-08-08,184.5,193.6,78.079,79.004,180.5,137.8,2.5,1.7420000000000002,2.008,11566.669,14988.782,51512.0,90.9197,18.262,6.1,10.1,130153.0,401000.0,,,3190.0,66.1,1.03,0.9500000000000001,1.766,4.3420000000000005,5.4399999999999995,2.5759999999999996,3.3840000000000003,5.996,1.218,6.34,6107.1,46.1,909.5964,2049124.34,766324.4,134.968,1833.0,1966.0,,3.5,89.3,299592.0,7852.1,5.7,-39892.0,,21.06,,-0.69278,0.3888,6783320.0,-157758.0,-76587.0,40.8,,,,
2003-08-15,184.5,193.6,78.079,79.004,180.5,137.8,2.5,1.864,2.136,11566.669,14988.782,51512.0,90.9197,18.262,6.1,10.1,130153.0,404000.0,,,3190.0,66.1,1.03,1.0785714285714285,1.818,4.486,5.54,2.668,3.53,6.066,1.232,6.24,6107.1,46.1,909.5964,2049124.34,766324.4,134.968,1833.0,1966.0,,3.5,89.3,299592.0,7852.1,5.7,-39892.0,,18.64,,-0.68288,-0.023,6783320.0,-157758.0,-76587.0,40.8,,,,
2003-08-22,184.5,193.6,78.079,79.004,180.5,137.8,2.5,1.9600000000000002,2.1900000000000004,11566.669,14988.782,51512.0,90.9197,18.262,6.1,10.1,130153.0,398000.0,,,3190.0,66.1,1.03,1.09,1.8940000000000001,4.466,5.432,2.572,3.5,5.814,1.208,6.28,6107.1,46.1,909.5964,2049124.34,766324.4,134.968,1833.0,1966.0,,3.5,89.3,299592.0,7852.1,5.7,-39892.0,,18.05,,-0.67484,-0.0132,6783320.0,-157758.0,-76587.0,40.8,,,,
2003-08-29,184.5,193.6,78.079,79.004,180.5,137.8,2.5,2.008,2.182,11566.669,14988.782,51512.0,90.9197,18.262,6.1,10.1,130153.0,391000.0,,,3190.0,66.1,1.03,1.0071428571428571,1.982,4.488,5.366,2.5060000000000002,3.4880000000000004,5.492,1.178,6.32,6107.1,46.1,909.5964,2049124.34,766324.4,134.968,1833.0,1966.0,,3.5,89.3,299592.0,7852.1,5.7,-39892.0,,19.052,,-0.66968,-0.1288,6783320.0,-157758.0,-76587.0,40.8,,,,
2003-09-05,185.1,193.7,78.323,79.114,180.9,142.9,2.8,2.0025,2.1900000000000004,11566.669,14988.782,51512.0,91.5059,17.286,6.1,10.4,130252.0,407000.0,,,3091.0,66.1,1.01,0.9985714285714286,1.9224999999999999,4.52,5.3775,2.5975,3.55,5.323333333333333,1.1666666666666667,6.44,6079.7,44.4,899.9446,2057090.79,766041.92,136.295,1939.0,1961.0,,3.8,87.7,298921.0,7853.7,4.9,-41842.0,,18.835,,-0.66811,-0.062,6783320.0,-157758.0,23402.0,40.8,,,,
2003-09-12,185.1,193.7,78.323,79.114,180.9,142.9,2.8,1.916,2.13,11566.669,14988.782,51512.0,91.5059,17.286,6.1,10.4,130252.0,422000.0,,,3091.0,66.1,1.01,0.9757142857142858,1.6939999999999997,4.336,5.34,2.6420000000000003,3.374,5.378,1.166,6.16,6079.7,44.4,899.9446,2057090.79,766041.92,136.295,1939.0,1961.0,,3.8,87.7,298921.0,7853.7,4.9,-41842.0,,19.01,,-0.67027,0.048,6783320.0,-157758.0,23402.0,40.8,,,,
2003-09-19,185.1,193.7,78.323,79.114,180.9,142.9,2.8,1.8080000000000003,2.028,11566.669,14988.782,51512.0,91.5059,17.286,6.1,10.4,130252.0,394000.0,,,3091.0,66.1,1.01,1.0114285714285713,1.654,4.226000000000001,5.276,2.572,3.276,5.362,1.14,6.01,6079.7,44.4,899.9446,2057090.79,766041.92,136.295,1939.0,1961.0,,3.8,87.7,298921.0,7853.7,4.9,-41842.0,,18.113999999999997,,-0.67542,-0.1651,6783320.0,-157758.0,23402.0,40.8,,,,
2003-09-26,185.1,193.7,78.323,79.114,180.9,142.9,2.8,1.8719999999999999,2.046,11566.669,14988.782,51512.0,91.5059,17.286,6.1,10.4,130252.0,379000.0,,,3091.0,66.1,1.01,1.0214285714285716,1.658,4.164,5.194,2.5060000000000002,3.222,5.36,1.124,5.98,6079.7,44.4,899.9446,2057090.79,766041.92,136.295,1939.0,1961.0,,3.8,87.7,298921.0,7853.7,4.9,-41842.0,,20.966,,-0.6822,-0.0558,6783320.0,-157758.0,23402.0,40.8,,,,
2003-10-03,184.9,194.0,78.333,79.26,181.6,137.8,2.6,1.866,2.028,11772.234,15162.76,51986.0,91.6186,16.489,6.0,10.2,130439.0,387000.0,,,3305.0,66.1,1.01,1.0557142857142858,1.542,4.05,5.122,2.508,3.102,5.382,1.124,5.77,6070.0,43.1,887.2151,2065495.1,765535.19,137.533,1967.0,2012.0,,3.8,89.6,298205.0,7867.4,5.0,-41388.0,,21.152,,-0.68991,0.0485,6997964.0,-377585.0,-69545.0,40.8,,,,
2003-10-10,184.9,194.0,78.333,79.26,181.6,137.8,2.6,1.9120000000000001,2.104,11772.234,15162.76,51986.0,91.6186,16.489,6.0,10.2,130439.0,386000.0,,,3305.0,66.1,1.01,0.9942857142857143,1.652,4.264,5.304,2.612,3.344,5.104,1.106,5.95,6070.0,43.1,887.2151,2065495.1,765535.19,137.533,1967.0,2012.0,,3.8,89.6,298205.0,7867.4,5.0,-41388.0,,19.074,,-0.69841,-0.2566,6997964.0,-377585.0,-69545.0,40.8,,,,
2003-10-17,184.9,194.0,78.333,79.26,181.6,137.8,2.6,2.0425,2.2375,11772.234,15162.76,51986.0,91.6186,16.489,6.0,10.2,130439.0,376000.0,,,3305.0,66.1,1.01,1.0271428571428571,1.845,4.42,5.3975,2.575,3.49,4.786,1.072,6.05,6070.0,43.1,887.2151,2065495.1,765535.19,137.533,1967.0,2012.0,,3.8,89.6,298205.0,7867.4,5.0,-41388.0,,17.484,,-0.70634,-0.4303,6997964.0,-377585.0,-69545.0,40.8,,,,
2003-10-24,184.9,194.0,78.333,79.26,181.6,137.8,2.6,2.0140000000000002,2.278,11772.234,15162.76,51986.0,91.6186,16.489,6.0,10.2,130439.0,387000.0,,,3305.0,66.1,1.01,0.9985714285714286,1.834,4.332,5.322,2.498,3.382,4.776,1.056,6.05,6070.0,43.1,887.2151,2065495.1,765535.19,137.533,1967.0,2012.0,,3.8,89.6,298205.0,7867.4,5.0,-41388.0,,17.330000000000002,,-0.71203,-0.1581,6997964.0,-377585.0,-69545.0,40.8,,,,
2003-10-31,184.9,194.0,78.333,79.26,181.6,137.8,2.6,2.032,2.356,11772.234,15162.76,51986.0,91.6186,16.489,6.0,10.2,130439.0,379000.0,,,3305.0,66.1,1.01,1.0071428571428571,1.8080000000000003,4.306,5.3,2.498,3.342,4.7700000000000005,1.056,5.94,6070.0,43.1,887.2151,2065495.1,765535.19,137.533,1967.0,2012.0,,3.8,89.6,298205.0,7867.4,5.0,-41388.0,,16.746000000000002,,-0.71653,-0.3032,6997964.0,-377585.0,-69545.0,40.8,,,,
2003-11-07,185.0,194.0,78.432,79.368,182.6,136.9,2.7,2.042,2.388,11772.234,15162.76,51986.0,92.2329,17.563,5.8,10.1,130480.0,363000.0,,,3324.0,66.1,1.0,1.002857142857143,1.95,4.4079999999999995,5.328,2.4579999999999997,3.45,4.606,1.064,5.98,6075.5,42.6,882.0882,2066400.09,765007.92,138.795,2083.0,1918.0,,4.1,93.7,299433.0,7922.6,5.0,-39898.0,,16.726,,-0.71871,-0.3869,6997964.0,-377585.0,-42971.0,40.8,,,,
2003-11-14,185.0,194.0,78.432,79.368,182.6,136.9,2.7,2.0625,2.3775,11772.234,15162.76,51986.0,92.2329,17.563,5.8,10.1,130480.0,371000.0,,,3324.0,66.1,1.0,0.9871428571428572,1.9675,4.3625,5.295,2.395,3.41,4.596,1.04,6.03,6075.5,42.6,882.0882,2066400.09,765007.92,138.795,2083.0,1918.0,,4.1,93.7,299433.0,7922.6,5.0,-39898.0,,17.064,,-0.71894,-0.2698,6997964.0,-377585.0,-42971.0,40.8,,,,
2003-11-21,185.0,194.0,78.432,79.368,182.6,136.9,2.7,1.97,2.298,11772.234,15162.76,51986.0,92.2329,17.563,5.8,10.1,130480.0,370000.0,,,3324.0,66.1,1.0,0.9914285714285713,1.8399999999999999,4.18,5.1659999999999995,2.34,3.228,4.726000000000001,1.026,5.83,6075.5,42.6,882.0882,2066400.09,765007.92,138.795,2083.0,1918.0,,4.1,93.7,299433.0,7922.6,5.0,-39898.0,,18.994,,-0.71778,-0.1182,6997964.0,-377585.0,-42971.0,40.8,,,,
2003-11-28,185.0,194.0,78.432,79.368,182.6,136.9,2.7,2.0,2.2775,11772.234,15162.76,51986.0,92.2329,17.563,5.8,10.1,130480.0,354000.0,,,3324.0,66.1,1.0,0.9985714285714286,1.9649999999999999,4.2525,5.1975,2.2874999999999996,3.3075,4.57,1.014,5.89,6075.5,42.6,882.0882,2066400.09,765007.92,138.795,2083.0,1918.0,,4.1,93.7,299433.0,7922.6,5.0,-39898.0,,16.675,,-0.71649,-0.4399,6997964.0,-377585.0,-42971.0,40.8,,,,
2003-12-05,185.5,194.2,78.605,79.467,183.5,138.8,2.6,2.05,2.3259999999999996,11772.234,15162.76,51986.0,92.2602,17.357,5.7,9.8,130589.0,357000.0,,,3414.0,65.9,0.98,0.9957142857142857,2.0439999999999996,4.36,5.256,2.316,3.4240000000000004,4.353333333333333,0.9933333333333333,6.02,6073.8,43.0,883.655,2077360.69,768258.31,140.181,2057.0,1987.0,,4.0,92.6,300702.0,7950.4,5.0,-44080.0,,16.612000000000002,,-0.71466,-0.3375,6997964.0,-377585.0,-17640.0,40.8,,,,
2003-12-12,185.5,194.2,78.605,79.467,183.5,138.8,2.6,2.09,2.34,11772.234,15162.76,51986.0,92.2602,17.357,5.7,9.8,130589.0,367000.0,,,3414.0,65.9,0.98,0.9842857142857142,1.904,4.287999999999999,5.26,2.384,3.368,4.2780000000000005,0.9800000000000001,5.88,6073.8,43.0,883.655,2077360.69,768258.31,140.181,2057.0,1987.0,,4.0,92.6,300702.0,7950.4,5.0,-44080.0,,17.036,,-0.7154,-0.2856,6997964.0,-377585.0,-17640.0,40.8,,,,
2003-12-19,185.5,194.2,78.605,79.467,183.5,138.8,2.6,2.0100000000000002,2.2399999999999998,11772.234,15162.76,51986.0,92.2602,17.357,5.7,9.8,130589.0,363000.0,,,3414.0,65.9,0.98,0.9985714285714286,1.842,4.204000000000001,5.168,2.362,3.308,4.318,0.9719999999999999,5.82,6073.8,43.0,883.655,2077360.69,768258.31,140.181,2057.0,1987.0,,4.0,92.6,300702.0,7950.4,5.0,-44080.0,,16.264,,-0.71866,-0.2838,6997964.0,-377585.0,-17640.0,40.8,,,,
2003-12-26,185.5,194.2,78.605,79.467,183.5,138.8,2.6,2.01,2.23,11772.234,15162.76,51986.0,92.2602,17.357,5.7,9.8,130589.0,354000.0,,,3414.0,65.9,0.98,0.9842857142857142,1.8625,4.2075,5.157500000000001,2.3449999999999998,3.315,4.2425,0.9624999999999999,5.81,6073.8,43.0,883.655,2077360.69,768258.31,140.181,2057.0,1987.0,,4.0,92.6,300702.0,7950.4,5.0,-44080.0,,16.884999999999998,,-0.72487,-0.2757,6997964.0,-377585.0,-17640.0,40.8,,,,
2004-01-02,186.3,194.6,78.909,79.671,183.4,143.9,2.7,2.04,2.28,11923.447,15248.68,52179.0,92.4006,16.695,5.7,9.8,130756.0,349000.0,,,3424.0,66.1,1.0,0.9628571428571429,1.875,4.295,5.235,2.42,3.365,4.1625,0.95,5.85,6082.1,45.5,876.2356,2088243.04,770672.5,141.647,1911.0,1952.0,,3.8,103.8,301993.0,8007.1,4.6,-44645.0,,17.825,,-0.7347,-0.3367,7131068.0,-377585.0,-1633.0,40.5,,,,
2004-01-09,186.3,194.6,78.909,79.671,183.4,143.9,2.7,2.022,2.3,11923.447,15248.68,52179.0,92.4006,16.695,5.7,9.8,130756.0,356000.0,,,3424.0,66.1,1.0,0.9757142857142858,1.832,4.2700000000000005,5.220000000000001,2.438,3.374,3.95,0.93,5.87,6082.1,45.5,876.2356,2088243.04,770672.5,141.647,1911.0,1952.0,,3.8,103.8,301993.0,8007.1,4.6,-44645.0,,16.416,,-0.74779,-0.4091,7131068.0,-377585.0,-1633.0,40.5,,,,
2004-01-16,186.3,194.6,78.909,79.671,183.4,143.9,2.7,1.952,2.196,11923.447,15248.68,52179.0,92.4006,16.695,5.7,9.8,130756.0,354000.0,,,3424.0,66.1,1.0,1.0,1.666,4.04,5.072,2.3739999999999997,3.154,4.002,0.9339999999999999,5.66,6082.1,45.5,876.2356,2088243.04,770672.5,141.647,1911.0,1952.0,,3.8,103.8,301993.0,8007.1,4.6,-44645.0,,16.434,,-0.76159,-0.3762,7131068.0,-377585.0,-1633.0,40.5,,,,
2004-01-23,186.3,194.6,78.909,79.671,183.4,143.9,2.7,2.0425,2.25,11923.447,15248.68,52179.0,92.4006,16.695,5.7,9.8,130756.0,362000.0,,,3424.0,66.1,1.0,0.9971428571428572,1.6875,4.0525,5.0625,2.365,3.1625,3.878,0.9179999999999999,5.64,6082.1,45.5,876.2356,2088243.04,770672.5,141.647,1911.0,1952.0,,3.8,103.8,301993.0,8007.1,4.6,-44645.0,,14.775,,-0.77494,-0.4926,7131068.0,-377585.0,-1633.0,40.5,,,,
2004-01-30,186.3,194.6,78.909,79.671,183.4,143.9,2.7,2.118,2.2920000000000003,11923.447,15248.68,52179.0,92.4006,16.695,5.7,9.8,130756.0,353000.0,,,3424.0,66.1,1.0,1.0171428571428571,1.8079999999999998,4.174,5.122,2.366,3.252,3.88,0.916,5.68,6082.1,45.5,876.2356,2088243.04,770672.5,141.647,1911.0,1952.0,,3.8,103.8,301993.0,8007.1,4.6,-44645.0,,16.09,,-0.78727,-0.4391,7131068.0,-377585.0,-1633.0,40.5,,,,
2004-02-06,186.7,194.9,79.077,79.8,183.9,145.8,2.6,2.2,2.334,11923.447,15248.68,52179.0,92.958,17.032,5.6,9.7,130821.0,376000.0,,,3532.0,66.0,1.01,1.0057142857142858,1.8060000000000003,4.156000000000001,5.112,2.35,3.218,4.173333333333333,0.9366666666666666,5.72,6121.8,43.9,874.2774,2095340.36,772362.27,143.192,1846.0,1966.0,,3.7,94.4,303915.0,8040.4,4.6,-44552.0,,17.206,,-0.79734,-0.4175,7131068.0,-377585.0,-96701.0,40.5,,,,
2004-02-13,186.7,194.9,79.077,79.8,183.9,145.8,2.6,2.162,2.322,11923.447,15248.68,52179.0,92.958,17.032,5.6,9.7,130821.0,380000.0,,,3532.0,66.0,1.01,1.002857142857143,1.752,4.084,5.076,2.332,3.15,4.254,0.938,5.66,6121.8,43.9,874.2774,2095340.36,772362.27,143.192,1846.0,1966.0,,3.7,94.4,303915.0,8040.4,4.6,-44552.0,,15.722,,-0.80613,-0.4969,7131068.0,-377585.0,-96701.0,40.5,,,,
2004-02-20,186.7,194.9,79.077,79.8,183.9,145.8,2.6,2.2025,2.3,11923.447,15248.68,52179.0,92.958,17.032,5.6,9.7,130821.0,356000.0,,,3532.0,66.0,1.01,1.0057142857142858,1.7175,4.0625,5.0675,2.345,3.12,4.226000000000001,0.942,5.58,6121.8,43.9,874.2774,2095340.36,772362.27,143.192,1846.0,1966.0,,3.7,94.4,303915.0,8040.4,4.6,-44552.0,,15.7075,,-0.81232,-0.5411,7131068.0,-377585.0,-96701.0,40.5,,,,
2004-02-27,186.7,194.9,79.077,79.8,183.9,145.8,2.6,2.274,2.3280000000000003,11923.447,15248.68,52179.0,92.958,17.032,5.6,9.7,130821.0,359000.0,,,3532.0,66.0,1.01,1.0085714285714287,1.6800000000000002,4.029999999999999,5.05,2.35,3.066,4.34,0.95,5.58,6121.8,43.9,874.2774,2095340.36,772362.27,143.192,1846.0,1966.0,,3.7,94.4,303915.0,8040.4,4.6,-44552.0,,15.3,,-0.81585,-0.5726,7131068.0,-377585.0,-96701.0,40.5,,,,
2004-03-05,187.1,195.5,79.199,79.934,184.2,145.1,2.9,2.3739999999999997,2.446,11923.447,15248.68,52179.0,92.5861,17.247,5.8,10.0,131140.0,348000.0,,,3525.0,66.0,1.0,1.0157142857142858,1.69,4.002000000000001,4.994,2.3120000000000003,3.04,4.276666666666666,0.9499999999999998,5.59,6157.9,44.2,869.5143,2109720.32,778092.48,145.058,1998.0,2066.0,,3.6,95.8,309471.0,8098.8,4.5,-46754.0,,14.546000000000001,,-0.81649,-0.726,7131068.0,-377585.0,-72913.0,40.5,,,,
2004-03-12,187.1,195.5,79.199,79.934,184.2,145.1,2.9,2.184,2.294,11923.447,15248.68,52179.0,92.5861,17.247,5.8,10.0,131140.0,344000.0,,,3525.0,66.0,1.0,0.9985714285714286,1.526,3.754,4.862,2.228,2.792,4.388,0.958,5.41,6157.9,44.2,869.5143,2109720.32,778092.48,145.058,1998.0,2066.0,,3.6,95.8,309471.0,8098.8,4.5,-46754.0,,18.006,,-0.81496,-0.3544,7131068.0,-377585.0,-72913.0,40.5,,,,
2004-03-19,187.1,195.5,79.199,79.934,184.2,145.1,2.9,2.252,2.342,11923.447,15248.68,52179.0,92.5861,17.247,5.8,10.0,131140.0,338000.0,,,3525.0,66.0,1.0,1.0014285714285713,1.542,3.75,4.858,2.208,2.806,4.465999999999999,0.9640000000000001,5.38,6157.9,44.2,869.5143,2109720.32,778092.48,145.058,1998.0,2066.0,,3.6,95.8,309471.0,8098.8,4.5,-46754.0,,19.451999999999998,,-0.81072,-0.4074,7131068.0,-377585.0,-72913.0,40.5,,,,
2004-03-26,187.1,195.5,79.199,79.934,184.2,145.1,2.9,2.262,2.344,11923.447,15248.68,52179.0,92.5861,17.247,5.8,10.0,131140.0,346000.0,,,3525.0,66.0,1.0,0.9985714285714286,1.528,3.7600000000000002,4.854,2.232,2.816,4.514,0.97,5.4,6157.9,44.2,869.5143,2109720.32,778092.48,145.058,1998.0,2066.0,,3.6,95.8,309471.0,8098.8,4.5,-46754.0,,19.454,,-0.80406,-0.3634,7131068.0,-377585.0,-72913.0,40.5,,,,
2004-04-02,187.4,195.9,79.346,80.142,184.6,143.4,3.2,2.322,2.414,12112.815,15366.85,52469.0,92.93,16.898,5.6,9.6,131412.0,340000.0,,,3511.0,65.9,1.0,1.0085714285714287,1.674,3.9480000000000004,4.997999999999999,2.274,2.998,4.312,0.954,5.52,6198.9,46.1,864.7337,2112716.15,775554.79,146.593,2003.0,2070.0,,4.0,94.2,307358.0,8107.2,4.9,-47283.0,,16.362000000000002,,-0.79553,-0.733,7274335.0,-377585.0,17578.0,40.5,,,,
2004-04-09,187.4,195.9,79.346,80.142,184.6,143.4,3.2,2.3475,2.4325,12112.815,15366.85,52469.0,92.93,16.898,5.6,9.6,131412.0,335000.0,,,3511.0,65.9,1.0,1.0057142857142858,1.88,4.2075000000000005,5.175,2.3275,3.2675,4.105,0.9375,5.79,6198.9,46.1,864.7337,2112716.15,775554.79,146.593,2003.0,2070.0,,4.0,94.2,307358.0,8107.2,4.9,-47283.0,,15.5775,,-0.78451,-0.6567,7274335.0,-377585.0,17578.0,40.5,,,,
2004-04-16,187.4,195.9,79.346,80.142,184.6,143.4,3.2,2.406,2.478,12112.815,15366.85,52469.0,92.93,16.898,5.6,9.6,131412.0,355000.0,,,3511.0,65.9,1.0,1.0071428571428571,2.036,4.358,5.268,2.322,3.414,3.972,0.9099999999999999,5.89,6198.9,46.1,864.7337,2112716.15,775554.79,146.593,2003.0,2070.0,,4.0,94.2,307358.0,8107.2,4.9,-47283.0,,15.768,,-0.77113,-0.5169,7274335.0,-377585.0,17578.0,40.5,,,,
2004-04-23,187.4,195.9,79.346,80.142,184.6,143.4,3.2,2.388,2.45,12112.815,15366.85,52469.0,92.93,16.898,5.6,9.6,131412.0,364000.0,,,3511.0,65.9,1.0,0.9928571428571429,2.168,4.43,5.35,2.2619999999999996,3.4560000000000004,3.9,0.914,5.94,6198.9,46.1,864.7337,2112716.15,775554.79,146.593,2003.0,2070.0,,4.0,94.2,307358.0,8107.2,4.9,-47283.0,,15.262,,-0.75603,-0.5021,7274335.0,-377585.0,17578.0,40.5,,,,
2004-04-30,187.4,195.9,79.346,80.142,184.6,143.4,3.2,2.354,2.416,12112.815,15366.85,52469.0,92.93,16.898,5.6,9.6,131412.0,339000.0,,,3511.0,65.9,1.0,1.0071428571428571,2.288,4.494,5.38,2.2060000000000004,3.5159999999999996,3.844,0.9,6.01,6198.9,46.1,864.7337,2112716.15,775554.79,146.593,2003.0,2070.0,,4.0,94.2,307358.0,8107.2,4.9,-47283.0,,15.984,,-0.74076,-0.4565,7274335.0,-377585.0,17578.0,40.5,,,,
2004-05-07,188.2,196.2,79.604,80.252,186.1,147.6,3.3,2.402,2.488,12112.815,15366.85,52469.0,93.6013,18.186,5.6,9.7,131697.0,324000.0,,,3710.0,66.0,1.0,1.01,2.4059999999999997,4.6240000000000006,5.462000000000001,2.218,3.6119999999999997,3.982,0.93,6.12,6275.7,46.3,862.6995,2120839.15,778088.65,148.186,1981.0,2150.0,,3.8,90.2,311088.0,8176.5,4.8,-47553.0,,16.824,,-0.72605,-0.4527,7274335.0,-377585.0,-62463.0,40.5,,,,
2004-05-14,188.2,196.2,79.604,80.252,186.1,147.6,3.3,2.5,2.62,12112.815,15366.85,52469.0,93.6013,18.186,5.6,9.7,131697.0,329000.0,,,3710.0,66.0,1.0,0.9914285714285713,2.62,4.814,5.568,2.194,3.782,4.322,0.976,6.34,6275.7,46.3,862.6995,2120839.15,778088.65,148.186,1981.0,2150.0,,3.8,90.2,311088.0,8176.5,4.8,-47553.0,,18.762,,-0.71352,-0.3375,7274335.0,-377585.0,-62463.0,40.5,,,,
2004-05-21,188.2,196.2,79.604,80.252,186.1,147.6,3.3,2.566,2.7119999999999997,12112.815,15366.85,52469.0,93.6013,18.186,5.6,9.7,131697.0,349000.0,,,3710.0,66.0,1.0,1.0114285714285713,2.57,4.742,5.54,2.1719999999999997,3.7,4.412000000000001,0.982,6.3,6275.7,46.3,862.6995,2120839.15,778088.65,148.186,1981.0,2150.0,,3.8,90.2,311088.0,8176.5,4.8,-47553.0,,19.076,,-0.70356,-0.4613,7274335.0,-377585.0,-62463.0,40.5,,,,
2004-05-28,188.2,196.2,79.604,80.252,186.1,147.6,3.3,2.582,2.682,12112.815,15366.85,52469.0,93.6013,18.186,5.6,9.7,131697.0,342000.0,,,3710.0,66.0,1.0,0.9985714285714286,2.538,4.682,5.4719999999999995,2.144,3.6100000000000003,4.282,0.9800000000000001,6.32,6275.7,46.3,862.6995,2120839.15,778088.65,148.186,1981.0,2150.0,,3.8,90.2,311088.0,8176.5,4.8,-47553.0,,16.157999999999998,,-0.69645,-0.6029,7274335.0,-377585.0,-62463.0,40.5,,,,
2004-06-04,188.9,196.6,79.831,80.379,186.4,151.5,3.3,2.6100000000000003,2.6925,12112.815,15366.85,52469.0,92.871,16.173,5.6,9.6,131794.0,337000.0,,,3337.0,66.1,1.03,1.0057142857142858,2.645,4.735,5.5025,2.09,3.5549999999999997,4.234,0.99,6.28,6277.9,45.7,869.0455,2127989.41,779731.22,149.851,1828.0,2020.0,,3.9,95.6,309127.0,8157.6,5.4,-54169.0,,16.5475,,-0.69162,-0.5991,7274335.0,-377585.0,19124.0,40.5,,,,
2004-06-11,188.9,196.6,79.831,80.379,186.4,151.5,3.3,2.55,2.6375,12112.815,15366.85,52469.0,92.871,16.173,5.6,9.6,131794.0,355000.0,,,3337.0,66.1,1.03,0.99,2.75,4.7975,5.5175,2.0475,3.5275,4.084,0.982,6.3,6277.9,45.7,869.0455,2127989.41,779731.22,149.851,1828.0,2020.0,,3.9,95.6,309127.0,8157.6,5.4,-54169.0,,15.174000000000001,,-0.6889,-0.779,7274335.0,-377585.0,19124.0,40.5,,,,
2004-06-18,188.9,196.6,79.831,80.379,186.4,151.5,3.3,2.53,2.568,12112.815,15366.85,52469.0,92.871,16.173,5.6,9.6,131794.0,339000.0,,,3337.0,66.1,1.03,1.0085714285714287,2.84,4.75,5.470000000000001,1.9099999999999997,3.4259999999999997,4.05,0.976,6.32,6277.9,45.7,869.0455,2127989.41,779731.22,149.851,1828.0,2020.0,,3.9,95.6,309127.0,8157.6,5.4,-54169.0,,15.209999999999999,,-0.68743,-0.5561,7274335.0,-377585.0,19124.0,40.5,,,,
2004-06-25,188.9,196.6,79.831,80.379,186.4,151.5,3.3,2.4739999999999998,2.526,12112.815,15366.85,52469.0,92.871,16.173,5.6,9.6,131794.0,354000.0,,,3337.0,66.1,1.03,1.0142857142857142,2.772,4.6899999999999995,5.444,1.918,3.382,3.9979999999999998,0.9719999999999999,6.25,6277.9,45.7,869.0455,2127989.41,779731.22,149.851,1828.0,2020.0,,3.9,95.6,309127.0,8157.6,5.4,-54169.0,,14.709999999999999,,-0.68775,-0.5569,7274335.0,-377585.0,19124.0,40.5,,,,
2004-07-02,189.1,196.8,79.905,80.474,186.8,151.1,3.0,2.43,2.52,12305.307,15512.619,52835.0,93.5649,17.309,5.5,9.5,131854.0,348000.0,,,3814.0,66.1,1.26,1.1928571428571428,2.714,4.626,5.398000000000001,1.9120000000000001,3.304,4.054,0.9879999999999999,6.21,6291.1,46.8,878.117,2137092.98,786087.14,151.338,2002.0,2112.0,,4.5,96.7,311681.0,8236.9,4.7,-51606.0,,15.232,,-0.689,-0.5231,7379053.0,-377585.0,-69160.0,40.5,,,,
2004-07-09,189.1,196.8,79.905,80.474,186.8,151.1,3.0,2.425,2.49,12305.307,15512.619,52835.0,93.5649,17.309,5.5,9.5,131854.0,326000.0,,,3814.0,66.1,1.26,1.2585714285714287,2.5549999999999997,4.4925,5.3175,1.9375,3.1950000000000003,4.122,0.998,6.01,6291.1,46.8,878.117,2137092.98,786087.14,151.338,2002.0,2112.0,,4.5,96.7,311681.0,8236.9,4.7,-51606.0,,16.009999999999998,,-0.69093,-0.4061,7379053.0,-377585.0,-69160.0,40.5,,,,
2004-07-16,189.1,196.8,79.905,80.474,186.8,151.1,3.0,2.396,2.464,12305.307,15512.619,52835.0,93.5649,17.309,5.5,9.5,131854.0,345000.0,,,3814.0,66.1,1.26,1.2514285714285713,2.582,4.468,5.274,1.886,3.124,4.008,0.986,6.0,6291.1,46.8,878.117,2137092.98,786087.14,151.338,2002.0,2112.0,,4.5,96.7,311681.0,8236.9,4.7,-51606.0,,14.446000000000002,,-0.69271,-0.5598,7379053.0,-377585.0,-69160.0,40.5,,,,
2004-07-23,189.1,196.8,79.905,80.474,186.8,151.1,3.0,2.368,2.438,12305.307,15512.619,52835.0,93.5649,17.309,5.5,9.5,131854.0,355000.0,,,3814.0,66.1,1.26,1.2485714285714287,2.664,4.456,5.27,1.7920000000000003,3.094,3.908,0.968,5.98,6291.1,46.8,878.117,2137092.98,786087.14,151.338,2002.0,2112.0,,4.5,96.7,311681.0,8236.9,4.7,-51606.0,,15.6,,-0.69474,-0.5598,7379053.0,-377585.0,-69160.0,40.5,,,,
2004-07-30,189.1,196.8,79.905,80.474,186.8,151.1,3.0,2.396,2.4859999999999998,12305.307,15512.619,52835.0,93.5649,17.309,5.5,9.5,131854.0,348000.0,,,3814.0,66.1,1.26,1.2742857142857142,2.756,4.564,5.358,1.8080000000000003,3.1100000000000003,3.9520000000000004,0.96,6.08,6291.1,46.8,878.117,2137092.98,786087.14,151.338,2002.0,2112.0,,4.5,96.7,311681.0,8236.9,4.7,-51606.0,,16.2,,-0.69684,-0.577,7379053.0,-377585.0,-69160.0,40.5,,,,
2004-08-06,189.2,196.9,79.946,80.505,187.0,151.5,2.8,2.398,2.458,12305.307,15512.619,52835.0,93.6277,17.157,5.4,9.4,131939.0,341000.0,,,3541.0,66.0,1.43,1.2771428571428571,2.604,4.41,5.218,1.8060000000000003,2.932,4.068333333333333,0.9866666666666667,5.99,6317.8,45.8,882.8316,2143435.12,787011.66,152.633,2024.0,2056.0,,4.3,95.9,311192.0,8271.6,4.7,-53647.0,,17.054,,-0.6981,-0.3405,7379053.0,-377585.0,-41132.0,40.5,,,,
2004-08-13,189.2,196.9,79.946,80.505,187.0,151.5,2.8,2.382,2.44,12305.307,15512.619,52835.0,93.6277,17.157,5.4,9.4,131939.0,336000.0,,,3541.0,66.0,1.43,1.4157142857142857,2.5060000000000002,4.2780000000000005,5.152,1.7719999999999998,2.814,4.152,0.99,5.85,6317.8,45.8,882.8316,2143435.12,787011.66,152.633,2024.0,2056.0,,4.3,95.9,311192.0,8271.6,4.7,-53647.0,,18.291999999999998,,-0.69995,-0.4925,7379053.0,-377585.0,-41132.0,40.5,,,,
2004-08-20,189.2,196.9,79.946,80.505,187.0,151.5,2.8,2.3579999999999997,2.428,12305.307,15512.619,52835.0,93.6277,17.157,5.4,9.4,131939.0,332000.0,,,3541.0,66.0,1.43,1.4257142857142857,2.456,4.232,5.13,1.7760000000000002,2.746,4.132,0.984,5.81,6317.8,45.8,882.8316,2143435.12,787011.66,152.633,2024.0,2056.0,,4.3,95.9,311192.0,8271.6,4.7,-53647.0,,16.756,,-0.70128,-0.5158,7379053.0,-377585.0,-41132.0,40.5,,,,
2004-08-27,189.2,196.9,79.946,80.505,187.0,151.5,2.8,2.298,2.388,12305.307,15512.619,52835.0,93.6277,17.157,5.4,9.4,131939.0,343000.0,,,3541.0,66.0,1.43,1.52,2.4939999999999998,4.254,5.1259999999999994,1.7600000000000002,2.708,3.9880000000000004,0.97,5.82,6317.8,45.8,882.8316,2143435.12,787011.66,152.633,2024.0,2056.0,,4.3,95.9,311192.0,8271.6,4.7,-53647.0,,15.162,,-0.70234,-0.6408,7379053.0,-377585.0,-41132.0,40.5,,,,
2004-09-03,189.8,197.5,80.104,80.656,186.9,152.9,2.8,2.302,2.372,12305.307,15512.619,52835.0,93.7467,17.875,5.4,9.4,132089.0,352000.0,,,3821.0,65.8,1.61,1.5214285714285716,2.472,4.1899999999999995,5.0600000000000005,1.718,2.584,3.998,0.952,5.77,6352.2,46.5,886.7373,2160148.3,793635.81,154.178,1905.0,2041.0,,4.1,94.2,317446.0,8341.5,4.1,-51686.0,,14.766,,-0.70208,-0.5665,7379053.0,-377585.0,24611.0,40.5,,,,
2004-09-10,189.8,197.5,80.104,80.656,186.9,152.9,2.8,2.3,2.3775,12305.307,15512.619,52835.0,93.7467,17.875,5.4,9.4,132089.0,326000.0,,,3821.0,65.8,1.61,1.4942857142857144,2.52,4.2125,5.0649999999999995,1.6925,2.56,3.91,0.9399999999999998,5.83,6352.2,46.5,886.7373,2160148.3,793635.81,154.178,1905.0,2041.0,,4.1,94.2,317446.0,8341.5,4.1,-51686.0,,13.975,,-0.70196,-0.6725,7379053.0,-377585.0,24611.0,40.5,,,,
2004-09-17,189.8,197.5,80.104,80.656,186.9,152.9,2.8,2.218,2.314,12305.307,15512.619,52835.0,93.7467,17.875,5.4,9.4,132089.0,331000.0,,,3821.0,65.8,1.61,1.5185714285714287,2.4899999999999998,4.142,5.002,1.652,2.468,3.8579999999999997,0.9280000000000002,5.75,6352.2,46.5,886.7373,2160148.3,793635.81,154.178,1905.0,2041.0,,4.1,94.2,317446.0,8341.5,4.1,-51686.0,,13.958000000000002,,-0.70162,-0.6181,7379053.0,-377585.0,24611.0,40.5,,,,
2004-09-24,189.8,197.5,80.104,80.656,186.9,152.9,2.8,2.178,2.2619999999999996,12305.307,15512.619,52835.0,93.7467,17.875,5.4,9.4,132089.0,341000.0,,,3821.0,65.8,1.61,1.6914285714285715,2.528,4.036,4.898000000000001,1.508,2.314,3.8299999999999996,0.916,5.7,6352.2,46.5,886.7373,2160148.3,793635.81,154.178,1905.0,2041.0,,4.1,94.2,317446.0,8341.5,4.1,-51686.0,,14.382,,-0.70104,-0.6564,7379053.0,-377585.0,24611.0,40.5,,,,
2004-10-01,190.8,197.9,80.448,80.831,187.8,158.6,3.1,2.302,2.34,12527.214,15670.88,53242.0,94.5465,17.514,5.5,9.7,132429.0,351000.0,,,3943.0,65.9,1.76,1.7942857142857143,2.602,4.095999999999999,4.9479999999999995,1.494,2.376,3.812,0.9179999999999999,5.72,6379.8,45.7,889.5302,2176719.34,796696.49,155.75,2072.0,2097.0,,3.9,91.7,318476.0,8397.1,3.9,-55058.0,,13.55,,-0.7003,-0.6099,7596143.0,-412727.0,-56618.0,40.5,,,,
2004-10-08,190.8,197.9,80.448,80.831,187.8,158.6,3.1,2.3280000000000003,2.348,12527.214,15670.88,53242.0,94.5465,17.514,5.5,9.7,132429.0,335000.0,,,3943.0,65.9,1.76,1.7757142857142856,2.666,4.202,5.036,1.536,2.494,3.7299999999999995,0.9099999999999999,5.82,6379.8,45.7,889.5302,2176719.34,796696.49,155.75,2072.0,2097.0,,3.9,91.7,318476.0,8397.1,3.9,-55058.0,,14.038,,-0.70027,-0.5833,7596143.0,-412727.0,-56618.0,40.5,,,,
2004-10-15,190.8,197.9,80.448,80.831,187.8,158.6,3.1,2.3225,2.365,12527.214,15670.88,53242.0,94.5465,17.514,5.5,9.7,132429.0,338000.0,,,3943.0,65.9,1.76,1.7428571428571427,2.525,4.077500000000001,4.945,1.5525,2.3425000000000002,3.7520000000000002,0.908,5.74,6379.8,45.7,889.5302,2176719.34,796696.49,155.75,2072.0,2097.0,,3.9,91.7,318476.0,8397.1,3.9,-55058.0,,15.330000000000002,,-0.70104,-0.4168,7596143.0,-412727.0,-56618.0,40.5,,,,
2004-10-22,190.8,197.9,80.448,80.831,187.8,158.6,3.1,2.372,2.366,12527.214,15670.88,53242.0,94.5465,17.514,5.5,9.7,132429.0,327000.0,,,3943.0,65.9,1.76,1.75,2.554,4.032,4.878,1.478,2.202,3.79,0.922,5.69,6379.8,45.7,889.5302,2176719.34,796696.49,155.75,2072.0,2097.0,,3.9,91.7,318476.0,8397.1,3.9,-55058.0,,14.902000000000001,,-0.70362,-0.5018,7596143.0,-412727.0,-56618.0,40.5,,,,
2004-10-29,190.8,197.9,80.448,80.831,187.8,158.6,3.1,2.464,2.3899999999999997,12527.214,15670.88,53242.0,94.5465,17.514,5.5,9.7,132429.0,338000.0,,,3943.0,65.9,1.76,1.752857142857143,2.572,4.05,4.894,1.478,2.1399999999999997,3.646,0.922,5.64,6379.8,45.7,889.5302,2176719.34,796696.49,155.75,2072.0,2097.0,,3.9,91.7,318476.0,8397.1,3.9,-55058.0,,16.07,,-0.70674,-0.7017,7596143.0,-412727.0,-56618.0,40.5,,,,
2004-11-05,191.7,198.3,80.758,81.005,188.4,163.8,2.8,2.556,2.472,12527.214,15670.88,53242.0,94.7813,17.362,5.4,9.4,132503.0,332000.0,,,3472.0,66.0,1.93,1.772857142857143,2.648,4.122,4.922,1.474,2.136,3.49,0.9066666666666667,5.7,6406.3,45.6,897.9707,2183746.35,797184.97,157.526,1782.0,2079.0,,4.3,92.8,320520.0,8444.5,3.4,-58967.0,,14.86,,-0.71027,-0.8508,7596143.0,-412727.0,-57170.0,40.5,,,,
2004-11-12,191.7,198.3,80.758,81.005,188.4,163.8,2.8,2.585,2.4925,12527.214,15670.88,53242.0,94.7813,17.362,5.4,9.4,132503.0,330000.0,,,3472.0,66.0,1.93,1.8528571428571428,2.82,4.2225,5.0024999999999995,1.4024999999999999,2.145,3.2840000000000003,0.8880000000000001,5.76,6406.3,45.6,897.9707,2183746.35,797184.97,157.526,1782.0,2079.0,,4.3,92.8,320520.0,8444.5,3.4,-58967.0,,13.372,,-0.71439,-0.8981,7596143.0,-412727.0,-57170.0,40.5,,,,
2004-11-19,191.7,198.3,80.758,81.005,188.4,163.8,2.8,2.622,2.5159999999999996,12527.214,15670.88,53242.0,94.7813,17.362,5.4,9.4,132503.0,337000.0,,,3472.0,66.0,1.93,2.007142857142857,2.8920000000000003,4.174,4.924,1.282,2.04,3.2700000000000005,0.876,5.74,6406.3,45.6,897.9707,2183746.35,797184.97,157.526,1782.0,2079.0,,4.3,92.8,320520.0,8444.5,3.4,-58967.0,,13.256,,-0.71653,-0.8267,7596143.0,-412727.0,-57170.0,40.5,,,,
2004-11-26,191.7,198.3,80.758,81.005,188.4,163.8,2.8,2.675,2.56,12527.214,15670.88,53242.0,94.7813,17.362,5.4,9.4,132503.0,313000.0,,,3472.0,66.0,1.93,2.005714285714286,2.9924999999999997,4.202500000000001,4.9025,1.21,2.0075,3.2,0.86,5.72,6406.3,45.6,897.9707,2183746.35,797184.97,157.526,1782.0,2079.0,,4.3,92.8,320520.0,8444.5,3.4,-58967.0,,12.7875,,-0.71713,-0.8927,7596143.0,-412727.0,-57170.0,40.5,,,,
2004-12-03,191.7,198.6,80.801,81.109,188.4,162.3,3.0,2.726,2.582,12527.214,15670.88,53242.0,95.5365,18.102,5.4,9.3,132630.0,335000.0,,,4074.0,65.9,2.16,2.012857142857143,3.016,4.35,5.056,1.334,2.128,3.154,0.8560000000000001,5.81,6424.5,46.8,906.5194,2192246.17,799552.18,159.329,2042.0,2082.0,,4.1,97.1,324672.0,8504.4,6.2,-54918.0,,13.09,,-0.71549,-0.7949,7596143.0,-412727.0,-2561.0,40.5,,,,
2004-12-10,191.7,198.6,80.801,81.109,188.4,162.3,3.0,2.6420000000000003,2.5300000000000002,12527.214,15670.88,53242.0,95.5365,18.102,5.4,9.3,132630.0,343000.0,,,4074.0,65.9,2.16,2.02,2.934,4.192,4.9,1.258,1.9460000000000002,3.194,0.85,5.71,6424.5,46.8,906.5194,2192246.17,799552.18,159.329,2042.0,2082.0,,4.1,97.1,324672.0,8504.4,6.2,-54918.0,,13.138,,-0.71247,-0.762,7596143.0,-412727.0,-2561.0,40.5,,,,
2004-12-17,191.7,198.6,80.801,81.109,188.4,162.3,3.0,2.656,2.534,12527.214,15670.88,53242.0,95.5365,18.102,5.4,9.3,132630.0,316000.0,,,4074.0,65.9,2.16,2.2,2.996,4.1579999999999995,4.8420000000000005,1.162,1.9460000000000002,3.114,0.844,5.68,6424.5,46.8,906.5194,2192246.17,799552.18,159.329,2042.0,2082.0,,4.1,97.1,324672.0,8504.4,6.2,-54918.0,,12.367999999999999,,-0.70773,-0.9029,7596143.0,-412727.0,-2561.0,40.5,,,,
2004-12-24,191.7,198.6,80.801,81.109,188.4,162.3,3.0,2.6975000000000002,2.5925,12527.214,15670.88,53242.0,95.5365,18.102,5.4,9.3,132630.0,322000.0,,,4074.0,65.9,2.16,2.2600000000000002,3.0425,4.2075,4.8675,1.165,2.01,3.0549999999999997,0.8374999999999999,5.75,6424.5,46.8,906.5194,2192246.17,799552.18,159.329,2042.0,2082.0,,4.1,97.1,324672.0,8504.4,6.2,-54918.0,,11.515,,-0.70255,-0.8315,7596143.0,-412727.0,-2561.0,40.5,,,,
2004-12-31,191.7,198.6,80.801,81.109,188.4,162.3,3.0,2.686,2.596,12527.214,15670.88,53242.0,95.5365,18.102,5.4,9.3,132630.0,320000.0,,,4074.0,65.9,2.16,2.2085714285714286,3.09,4.29,4.938000000000001,1.2,2.056,3.0060000000000002,0.828,5.81,6424.5,46.8,906.5194,2192246.17,799552.18,159.329,2042.0,2082.0,,4.1,97.1,324672.0,8504.4,6.2,-54918.0,,12.322,,-0.69846,-0.8003,7596143.0,-412727.0,-2561.0,40.5,,,,
2005-01-07,191.6,199.0,80.907,81.401,188.7,157.2,2.9,2.6,2.5119999999999996,12767.286,15844.727,53719.0,95.8801,16.889,5.3,9.2,132781.0,356000.0,,,3804.0,65.8,2.28,2.177142857142857,3.18,4.2780000000000005,4.882,1.098,1.956,3.0460000000000003,0.836,5.77,6430.8,50.4,921.3183,2196777.63,804635.76,161.288,2144.0,2139.0,,4.4,95.5,321272.0,8497.7,2.7,-56189.0,,13.844,,-0.69616,-0.7069,7776939.0,-412727.0,8106.0,41.3,,,,
2005-01-14,191.6,199.0,80.907,81.401,188.7,157.2,2.9,2.6,2.5100000000000002,12767.286,15844.727,53719.0,95.8801,16.889,5.3,9.2,132781.0,369000.0,,,3804.0,65.8,2.28,2.2585714285714285,3.228,4.246,4.8100000000000005,1.018,1.8940000000000001,3.1900000000000004,0.844,5.74,6430.8,50.4,921.3183,2196777.63,804635.76,161.288,2144.0,2139.0,,4.4,95.5,321272.0,8497.7,2.7,-56189.0,,12.85,,-0.69664,-0.702,7776939.0,-412727.0,8106.0,41.3,,,,
2005-01-21,191.6,199.0,80.907,81.401,188.7,157.2,2.9,2.54,2.4850000000000003,12767.286,15844.727,53719.0,95.8801,16.889,5.3,9.2,132781.0,332000.0,,,3804.0,65.8,2.28,2.2685714285714282,3.2225,4.1850000000000005,4.7075,0.9624999999999999,1.8175000000000001,3.278,0.8539999999999999,5.67,6430.8,50.4,921.3183,2196777.63,804635.76,161.288,2144.0,2139.0,,4.4,95.5,321272.0,8497.7,2.7,-56189.0,,13.46,,-0.69912,-0.6795,7776939.0,-412727.0,8106.0,41.3,,,,
2005-01-28,191.6,199.0,80.907,81.401,188.7,157.2,2.9,2.564,2.484,12767.286,15844.727,53719.0,95.8801,16.889,5.3,9.2,132781.0,329000.0,,,3804.0,65.8,2.28,2.3242857142857143,3.246,4.186,4.678,0.9400000000000001,1.7719999999999998,3.286,0.8459999999999999,5.66,6430.8,50.4,921.3183,2196777.63,804635.76,161.288,2144.0,2139.0,,4.4,95.5,321272.0,8497.7,2.7,-56189.0,,13.725999999999999,,-0.70364,-0.7621,7776939.0,-412727.0,8106.0,41.3,,,,
2005-02-04,192.4,199.4,81.132,81.536,188.6,161.8,2.9,2.564,2.462,12767.286,15844.727,53719.0,96.5761,16.886,5.4,9.2,133034.0,331000.0,,,3965.0,65.9,2.5,2.4499999999999997,3.306,4.142,4.5840000000000005,0.836,1.6460000000000001,3.218,0.842,5.63,6438.9,46.6,931.6006,2211558.71,804107.29,163.346,2207.0,2114.0,,4.3,94.1,325308.0,8559.1,2.3,-58094.0,,11.902,,-0.70904,-0.8794,7776939.0,-412727.0,-113789.0,41.3,,,,
2005-02-11,192.4,199.4,81.132,81.536,188.6,161.8,2.9,2.632,2.4939999999999998,12767.286,15844.727,53719.0,96.5761,16.886,5.4,9.2,133034.0,307000.0,,,3965.0,65.9,2.5,2.5014285714285713,3.3020000000000005,4.058,4.4479999999999995,0.756,1.544,3.162,0.8320000000000001,5.57,6438.9,46.6,931.6006,2211558.71,804107.29,163.346,2207.0,2114.0,,4.3,94.1,325308.0,8559.1,2.3,-58094.0,,11.654,,-0.71292,-0.8554,7776939.0,-412727.0,-113789.0,41.3,,,,
2005-02-18,192.4,199.4,81.132,81.536,188.6,161.8,2.9,2.7060000000000004,2.536,12767.286,15844.727,53719.0,96.5761,16.886,5.4,9.2,133034.0,308000.0,,,3965.0,65.9,2.5,2.5042857142857144,3.3980000000000006,4.16,4.538,0.762,1.572,3.016,0.8299999999999998,5.62,6438.9,46.6,931.6006,2211558.71,804107.29,163.346,2207.0,2114.0,,4.3,94.1,325308.0,8559.1,2.3,-58094.0,,11.367999999999999,,-0.71366,-0.9605,7776939.0,-412727.0,-113789.0,41.3,,,,
2005-02-25,192.4,199.4,81.132,81.536,188.6,161.8,2.9,2.8075,2.63,12767.286,15844.727,53719.0,96.5761,16.886,5.4,9.2,133034.0,318000.0,,,3965.0,65.9,2.5,2.531428571428571,3.495,4.279999999999999,4.67,0.785,1.5875000000000001,2.902,0.8160000000000001,5.69,6438.9,46.6,931.6006,2211558.71,804107.29,163.346,2207.0,2114.0,,4.3,94.1,325308.0,8559.1,2.3,-58094.0,,12.1475,,-0.71084,-0.9969,7776939.0,-412727.0,-113789.0,41.3,,,,
2005-03-04,193.1,200.1,81.375,81.737,189.1,163.5,3.2,2.85,2.682,12767.286,15844.727,53719.0,96.4456,17.413,5.2,9.1,133154.0,314000.0,,,4044.0,65.9,2.63,2.4971428571428573,3.582,4.366,4.696,0.784,1.612,2.834,0.798,5.79,6448.3,45.9,945.8622,2220199.19,804639.97,165.815,1864.0,2062.0,,4.1,92.6,326179.0,8598.4,2.5,-53134.0,,12.297999999999998,,-0.70388,-0.9459,7776939.0,-412727.0,-71724.0,41.3,,,,
2005-03-11,193.1,200.1,81.375,81.737,189.1,163.5,3.2,2.888,2.72,12767.286,15844.727,53719.0,96.4456,17.413,5.2,9.1,133154.0,333000.0,,,4044.0,65.9,2.63,2.5042857142857144,3.66,4.45,4.736,0.79,1.6940000000000002,2.76,0.79,5.85,6448.3,45.9,945.8622,2220199.19,804639.97,165.815,1864.0,2062.0,,4.1,92.6,326179.0,8598.4,2.5,-53134.0,,12.53,,-0.69365,-0.976,7776939.0,-412727.0,-71724.0,41.3,,,,
2005-03-18,193.1,200.1,81.375,81.737,189.1,163.5,3.2,2.8920000000000003,2.726,12767.286,15844.727,53719.0,96.4456,17.413,5.2,9.1,133154.0,324000.0,,,4044.0,65.9,2.63,2.5957142857142856,3.728,4.512,4.779999999999999,0.784,1.7100000000000002,2.882,0.82,5.95,6448.3,45.9,945.8622,2220199.19,804639.97,165.815,1864.0,2062.0,,4.1,92.6,326179.0,8598.4,2.5,-53134.0,,13.092000000000002,,-0.68042,-0.7979,7776939.0,-412727.0,-71724.0,41.3,,,,
2005-03-25,193.1,200.1,81.375,81.737,189.1,163.5,3.2,2.8875,2.7199999999999998,12767.286,15844.727,53719.0,96.4456,17.413,5.2,9.1,133154.0,329000.0,,,4044.0,65.9,2.63,2.73,3.825,4.5925,4.8575,0.7675000000000001,1.74,3.1325000000000003,0.8725,6.01,6448.3,45.9,945.8622,2220199.19,804639.97,165.815,1864.0,2062.0,,4.1,92.6,326179.0,8598.4,2.5,-53134.0,,13.84,,-0.66608,-0.7405,7776939.0,-412727.0,-71724.0,41.3,,,,
2005-04-01,193.7,200.2,81.603,81.831,190.4,166.7,3.3,2.852,2.692,12922.656,15922.782,53868.0,96.6532,17.756,5.2,9.0,133520.0,342000.0,,,4159.0,66.1,2.79,2.8057142857142856,3.836,4.552,4.795999999999999,0.716,1.732,3.3839999999999995,0.908,6.04,6461.8,46.5,958.801,2232535.38,810558.39,167.503,2061.0,2150.0,,4.3,87.7,329124.0,8678.4,2.1,-57312.0,,13.998,,-0.65182,-0.6877,7836496.0,-412727.0,57924.0,41.3,,,,
2005-04-08,193.7,200.2,81.603,81.831,190.4,166.7,3.3,2.808,2.6580000000000004,12922.656,15922.782,53868.0,96.6532,17.756,5.2,9.0,133520.0,335000.0,,,4159.0,66.1,2.79,2.7714285714285714,3.7359999999999998,4.476000000000001,4.752000000000001,0.74,1.6939999999999997,3.4799999999999995,0.942,5.93,6461.8,46.5,958.801,2232535.38,810558.39,167.503,2061.0,2150.0,,4.3,87.7,329124.0,8678.4,2.1,-57312.0,,13.178,,-0.63863,-0.6748,7836496.0,-412727.0,57924.0,41.3,,,,
2005-04-15,193.7,200.2,81.603,81.831,190.4,166.7,3.3,2.738,2.634,12922.656,15922.782,53868.0,96.6532,17.756,5.2,9.0,133520.0,323000.0,,,4159.0,66.1,2.79,2.774285714285714,3.652,4.37,4.692,0.718,1.598,3.66,0.986,5.91,6461.8,46.5,958.801,2232535.38,810558.39,167.503,2061.0,2150.0,,4.3,87.7,329124.0,8678.4,2.1,-57312.0,,13.772,,-0.62703,-0.6088,7836496.0,-412727.0,57924.0,41.3,,,,
2005-04-22,193.7,200.2,81.603,81.831,190.4,166.7,3.3,2.758,2.626,12922.656,15922.782,53868.0,96.6532,17.756,5.2,9.0,133520.0,307000.0,,,4159.0,66.1,2.79,2.7657142857142856,3.568,4.256,4.5920000000000005,0.688,1.358,3.9200000000000004,1.018,5.8,6461.8,46.5,958.801,2232535.38,810558.39,167.503,2061.0,2150.0,,4.3,87.7,329124.0,8678.4,2.1,-57312.0,,15.646,,-0.61759,-0.5802,7836496.0,-412727.0,57924.0,41.3,,,,
2005-04-29,193.7,200.2,81.603,81.831,190.4,166.7,3.3,2.7600000000000002,2.612,12922.656,15922.782,53868.0,96.6532,17.756,5.2,9.0,133520.0,317000.0,,,4159.0,66.1,2.79,2.795714285714286,3.6399999999999997,4.238,4.55,0.5980000000000001,1.336,4.029999999999999,1.006,5.78,6461.8,46.5,958.801,2232535.38,810558.39,167.503,2061.0,2150.0,,4.3,87.7,329124.0,8678.4,2.1,-57312.0,,15.313999999999998,,-0.61053,-0.7247,7836496.0,-412727.0,57924.0,41.3,,,,
2005-05-06,193.6,200.5,81.649,81.999,190.6,163.3,3.2,2.668,2.5799999999999996,12922.656,15922.782,53868.0,96.7402,17.414,5.1,8.9,133689.0,334000.0,,,3797.0,66.1,3.0,2.975714285714286,3.652,4.218,4.568,0.5660000000000001,1.34,4.135000000000001,1.0383333333333333,5.75,6479.0,46.3,968.6237,2232671.52,809211.55,169.353,2025.0,2085.0,,4.2,86.9,327233.0,8671.6,2.6,-56040.0,,14.306000000000001,,-0.60534,-0.7078,7836496.0,-412727.0,-36190.0,41.3,,,,
2005-05-13,193.6,200.5,81.649,81.999,190.6,163.3,3.2,2.6399999999999997,2.5460000000000003,12922.656,15922.782,53868.0,96.7402,17.414,5.1,8.9,133689.0,327000.0,,,3797.0,66.1,3.0,2.992857142857143,3.6799999999999997,4.206,4.5600000000000005,0.526,1.328,4.215999999999999,1.074,5.77,6479.0,46.3,968.6237,2232671.52,809211.55,169.353,2025.0,2085.0,,4.2,86.9,327233.0,8671.6,2.6,-56040.0,,15.11,,-0.60166,-0.5313,7836496.0,-412727.0,-36190.0,41.3,,,,
2005-05-20,193.6,200.5,81.649,81.999,190.6,163.3,3.2,2.522,2.45,12922.656,15922.782,53868.0,96.7402,17.414,5.1,8.9,133689.0,321000.0,,,3797.0,66.1,3.0,3.0142857142857147,3.622,4.112,4.452,0.49000000000000005,1.232,4.468,1.102,5.71,6479.0,46.3,968.6237,2232671.52,809211.55,169.353,2025.0,2085.0,,4.2,86.9,327233.0,8671.6,2.6,-56040.0,,14.068000000000001,,-0.59995,-0.4151,7836496.0,-412727.0,-36190.0,41.3,,,,
2005-05-27,193.6,200.5,81.649,81.999,190.6,163.3,3.2,2.4899999999999998,2.412,12922.656,15922.782,53868.0,96.7402,17.414,5.1,8.9,133689.0,320000.0,,,3797.0,66.1,3.0,3.0071428571428567,3.63,4.07,4.406000000000001,0.44000000000000006,1.116,4.164,1.074,5.65,6479.0,46.3,968.6237,2232671.52,809211.55,169.353,2025.0,2085.0,,4.2,86.9,327233.0,8671.6,2.6,-56040.0,,12.522,,-0.60021,-0.7437,7836496.0,-412727.0,-36190.0,41.3,,,,
2005-06-03,193.7,200.6,81.7,82.056,190.5,163.7,3.2,2.4375,2.3625,12922.656,15922.782,53868.0,97.1753,18.482,5.0,9.0,133948.0,340000.0,,,4062.0,66.1,3.04,3.0185714285714282,3.5475,3.9450000000000003,4.2725,0.39749999999999996,0.96,4.036,0.978,5.62,6511.7,46.0,975.0068,2247833.43,814181.65,171.192,2068.0,2178.0,,4.3,96.0,337219.0,8753.4,2.0,-58152.0,,12.41,,-0.60083,-0.6358,7836496.0,-412727.0,22473.0,41.3,,,,
2005-06-10,193.7,200.6,81.7,82.056,190.5,163.7,3.2,2.394,2.3299999999999996,12922.656,15922.782,53868.0,97.1753,18.482,5.0,9.0,133948.0,338000.0,,,4062.0,66.1,3.04,2.988571428571429,3.622,3.972,4.236,0.35,0.96,3.9760000000000004,0.954,5.56,6511.7,46.0,975.0068,2247833.43,814181.65,171.192,2068.0,2178.0,,4.3,96.0,337219.0,8753.4,2.0,-58152.0,,12.282,,-0.6022,-0.6278,7836496.0,-412727.0,22473.0,41.3,,,,
2005-06-17,193.7,200.6,81.7,82.056,190.5,163.7,3.2,2.394,2.342,12922.656,15922.782,53868.0,97.1753,18.482,5.0,9.0,133948.0,333000.0,,,4062.0,66.1,3.04,3.0157142857142856,3.7120000000000006,4.104,4.39,0.392,1.102,3.8259999999999996,0.946,5.63,6511.7,46.0,975.0068,2247833.43,814181.65,171.192,2068.0,2178.0,,4.3,96.0,337219.0,8753.4,2.0,-58152.0,,11.506,,-0.60337,-0.7023,7836496.0,-412727.0,22473.0,41.3,,,,
2005-06-24,193.7,200.6,81.7,82.056,190.5,163.7,3.2,2.36,2.306,12922.656,15922.782,53868.0,97.1753,18.482,5.0,9.0,133948.0,321000.0,,,4062.0,66.1,3.04,3.0,3.654,4.0,4.2780000000000005,0.346,0.9540000000000001,3.868,0.95,5.57,6511.7,46.0,975.0068,2247833.43,814181.65,171.192,2068.0,2178.0,,4.3,96.0,337219.0,8753.4,2.0,-58152.0,,11.582,,-0.60494,-0.5705,7836496.0,-412727.0,22473.0,41.3,,,,
2005-07-01,194.9,200.9,82.046,82.176,190.9,172.8,3.0,2.342,2.292,13142.642,16047.587,54153.0,96.8676,21.135,5.0,8.8,134300.0,311000.0,,,4256.0,66.1,3.26,3.198571428571429,3.664,3.972,4.236,0.308,0.828,3.846,0.952,5.53,6543.5,47.1,989.703,2257230.94,814908.46,172.861,2054.0,2203.0,,4.2,96.5,339529.0,8853.8,1.4,-58301.0,,11.862,,-0.60688,-0.7166,7932710.0,-412727.0,-53395.0,41.3,,,,
2005-07-08,194.9,200.9,82.046,82.176,190.9,172.8,3.0,2.3375,2.2925,13142.642,16047.587,54153.0,96.8676,21.135,5.0,8.8,134300.0,327000.0,,,4256.0,66.1,3.26,3.2485714285714287,3.7625,4.0875,4.3149999999999995,0.325,0.905,3.732,0.944,5.62,6543.5,47.1,989.703,2257230.94,814908.46,172.861,2054.0,2203.0,,4.2,96.5,339529.0,8853.8,1.4,-58301.0,,11.9725,,-0.60847,-0.6572,7932710.0,-412727.0,-53395.0,41.3,,,,
2005-07-15,194.9,200.9,82.046,82.176,190.9,172.8,3.0,2.316,2.28,13142.642,16047.587,54153.0,96.8676,21.135,5.0,8.8,134300.0,338000.0,,,4256.0,66.1,3.26,3.2585714285714285,3.8379999999999996,4.16,4.366,0.322,0.938,3.5100000000000002,0.9179999999999999,5.66,6543.5,47.1,989.703,2257230.94,814908.46,172.861,2054.0,2203.0,,4.2,96.5,339529.0,8853.8,1.4,-58301.0,,10.842,,-0.61143,-0.8251,7932710.0,-412727.0,-53395.0,41.3,,,,
2005-07-22,194.9,200.9,82.046,82.176,190.9,172.8,3.0,2.276,2.2920000000000003,13142.642,16047.587,54153.0,96.8676,21.135,5.0,8.8,134300.0,323000.0,,,4256.0,66.1,3.26,3.2471428571428573,3.91,4.220000000000001,4.418,0.31,0.892,3.402,0.8960000000000001,5.73,6543.5,47.1,989.703,2257230.94,814908.46,172.861,2054.0,2203.0,,4.2,96.5,339529.0,8853.8,1.4,-58301.0,,10.588,,-0.61343,-0.7945,7932710.0,-412727.0,-53395.0,41.3,,,,
2005-07-29,194.9,200.9,82.046,82.176,190.9,172.8,3.0,2.308,2.336,13142.642,16047.587,54153.0,96.8676,21.135,5.0,8.8,134300.0,318000.0,,,4256.0,66.1,3.26,3.2685714285714282,3.974,4.248,4.42,0.274,0.8280000000000001,3.3200000000000003,0.8779999999999999,5.77,6543.5,47.1,989.703,2257230.94,814908.46,172.861,2054.0,2203.0,,4.2,96.5,339529.0,8853.8,1.4,-58301.0,,10.908,,-0.61454,-0.9033,7932710.0,-412727.0,-53395.0,41.3,,,,
2005-08-05,196.1,201.1,82.377,82.243,191.1,183.5,3.1,2.382,2.374,13142.642,16047.587,54153.0,97.1833,17.418,4.9,8.9,134502.0,316000.0,,,4142.0,66.2,3.5,3.3428571428571425,4.054,4.336,4.504,0.28200000000000003,0.852,3.3000000000000003,0.88,5.82,6576.3,45.5,995.5061,2267044.88,817842.41,174.443,2095.0,2219.0,,4.5,89.1,335605.0,8850.1,2.0,-58745.0,,12.132,,-0.61353,-0.8909,7932710.0,-412727.0,-51036.0,41.3,,,,
2005-08-12,196.1,201.1,82.377,82.243,191.1,183.5,3.1,2.394,2.372,13142.642,16047.587,54153.0,97.1833,17.418,4.9,8.9,134502.0,311000.0,,,4142.0,66.2,3.5,3.4985714285714287,4.114,4.358,4.526,0.244,0.8380000000000001,3.35,0.884,5.89,6576.3,45.5,995.5061,2267044.88,817842.41,174.443,2095.0,2219.0,,4.5,89.1,335605.0,8850.1,2.0,-58745.0,,12.63,,-0.61102,-0.8518,7932710.0,-412727.0,-51036.0,41.3,,,,
2005-08-19,196.1,201.1,82.377,82.243,191.1,183.5,3.1,2.414,2.3579999999999997,13142.642,16047.587,54153.0,97.1833,17.418,4.9,8.9,134502.0,319000.0,,,4142.0,66.2,3.5,3.54,4.044,4.24,4.430000000000001,0.196,0.716,3.3899999999999997,0.8800000000000001,5.8,6576.3,45.5,995.5061,2267044.88,817842.41,174.443,2095.0,2219.0,,4.5,89.1,335605.0,8850.1,2.0,-58745.0,,13.184000000000001,,-0.60598,-0.7431,7932710.0,-412727.0,-51036.0,41.3,,,,
2005-08-26,196.1,201.1,82.377,82.243,191.1,183.5,3.1,2.4259999999999997,2.368,13142.642,16047.587,54153.0,97.1833,17.418,4.9,8.9,134502.0,315000.0,,,4142.0,66.2,3.5,3.5242857142857145,4.018,4.198,4.384,0.18,0.662,3.378,0.8779999999999999,5.77,6576.3,45.5,995.5061,2267044.88,817842.41,174.443,2095.0,2219.0,,4.5,89.1,335605.0,8850.1,2.0,-58745.0,,13.675999999999998,,-0.59934,-0.744,7932710.0,-412727.0,-51036.0,41.3,,,,
2005-09-02,198.8,201.3,83.172,82.425,191.5,208.2,4.3,2.48,2.416,13142.642,16047.587,54153.0,95.3005,16.927,5.0,9.0,134552.0,318000.0,,,4352.0,66.1,3.62,3.5471428571428567,3.868,4.086,4.296,0.21800000000000003,0.5780000000000001,3.582,0.882,5.71,6610.1,46.1,1000.7563,2271633.28,819651.75,176.439,2151.0,2263.0,,4.7,76.9,336600.0,8900.4,2.0,-64882.0,,13.297999999999998,,-0.59147,-0.579,7932710.0,-412727.0,35234.0,41.3,,,,
2005-09-09,198.8,201.3,83.172,82.425,191.5,208.2,4.3,2.5425,2.4675000000000002,13142.642,16047.587,54153.0,95.3005,16.927,5.0,9.0,134552.0,326000.0,,,4352.0,66.1,3.62,3.5,3.855,4.1325,4.395,0.2775,0.6375,3.626,0.89,5.71,6610.1,46.1,1000.7563,2271633.28,819651.75,176.439,2151.0,2263.0,,4.7,76.9,336600.0,8900.4,2.0,-64882.0,,12.59,,-0.58365,-0.7616,7932710.0,-412727.0,35234.0,41.3,,,,
2005-09-16,198.8,201.3,83.172,82.425,191.5,208.2,4.3,2.614,2.498,13142.642,16047.587,54153.0,95.3005,16.927,5.0,9.0,134552.0,422000.0,,,4352.0,66.1,3.62,3.5371428571428574,3.914,4.194,4.462,0.27999999999999997,0.724,3.558,0.89,5.74,6610.1,46.1,1000.7563,2271633.28,819651.75,176.439,2151.0,2263.0,,4.7,76.9,336600.0,8900.4,2.0,-64882.0,,12.132000000000001,,-0.57627,-0.7311,7932710.0,-412727.0,35234.0,41.3,,,,
2005-09-23,198.8,201.3,83.172,82.425,191.5,208.2,4.3,2.6439999999999997,2.522,13142.642,16047.587,54153.0,95.3005,16.927,5.0,9.0,134552.0,424000.0,,,4352.0,66.1,3.62,3.682857142857143,3.972,4.228,4.49,0.256,0.718,3.7060000000000004,0.8960000000000001,5.8,6610.1,46.1,1000.7563,2271633.28,819651.75,176.439,2151.0,2263.0,,4.7,76.9,336600.0,8900.4,2.0,-64882.0,,12.972,,-0.57046,-0.6536,7932710.0,-412727.0,35234.0,41.3,,,,
2005-09-30,198.8,201.3,83.172,82.425,191.5,208.2,4.3,2.6740000000000004,2.536,13142.642,16047.587,54153.0,95.3005,16.927,5.0,9.0,134552.0,359000.0,,,4352.0,66.1,3.62,3.7985714285714285,4.11,4.298,4.522,0.188,0.786,3.6420000000000003,0.89,5.91,6610.1,46.1,1000.7563,2271633.28,819651.75,176.439,2151.0,2263.0,,4.7,76.9,336600.0,8900.4,2.0,-64882.0,,12.518,,-0.56741,-0.6912,7932710.0,-318346.0,35234.0,41.3,,,,
2005-10-07,199.1,202.0,83.305,82.662,192.0,205.9,4.6,2.646,2.4939999999999998,13324.204,16136.734,54317.0,96.4572,15.336,5.0,8.7,134641.0,384000.0,,,4184.0,66.1,3.78,3.817142857142857,4.204,4.37,4.562,0.166,0.758,3.5200000000000005,0.892,5.98,6643.9,44.8,1014.6763,2276843.14,821082.67,178.029,2065.0,2170.0,,4.5,74.2,336753.0,8938.5,2.3,-67265.0,,13.952000000000002,,-0.56819,-0.5762,8170413.0,-318346.0,-47277.0,41.3,,,,
2005-10-14,199.1,202.0,83.305,82.662,192.0,205.9,4.6,2.6075,2.495,13324.204,16136.734,54317.0,96.4572,15.336,5.0,8.7,134641.0,383000.0,,,4184.0,66.1,3.78,3.684285714285714,4.2425,4.45,4.6274999999999995,0.2075,0.71,3.692,0.9099999999999999,6.03,6643.9,44.8,1014.6763,2276843.14,821082.67,178.029,2065.0,2170.0,,4.5,74.2,336753.0,8938.5,2.3,-67265.0,,15.748,,-0.57228,-0.473,8170413.0,-318346.0,-47277.0,41.3,,,,
2005-10-21,199.1,202.0,83.305,82.662,192.0,205.9,4.6,2.654,2.5439999999999996,13324.204,16136.734,54317.0,96.4572,15.336,5.0,8.7,134641.0,348000.0,,,4184.0,66.1,3.78,3.7585714285714285,4.26,4.462,4.636,0.202,0.604,3.588,0.898,6.1,6643.9,44.8,1014.6763,2276843.14,821082.67,178.029,2065.0,2170.0,,4.5,74.2,336753.0,8938.5,2.3,-67265.0,,15.148,,-0.57809,-0.7749,8170413.0,-318346.0,-47277.0,41.3,,,,
2005-10-28,199.1,202.0,83.305,82.662,192.0,205.9,4.6,2.618,2.536,13324.204,16136.734,54317.0,96.4572,15.336,5.0,8.7,134641.0,324000.0,,,4184.0,66.1,3.78,3.7885714285714287,4.346,4.548,4.715999999999999,0.202,0.6359999999999999,3.5340000000000003,0.906,6.15,6643.9,44.8,1014.6763,2276843.14,821082.67,178.029,2065.0,2170.0,,4.5,74.2,336753.0,8938.5,2.3,-67265.0,,14.825999999999999,,-0.58424,-0.82,8170413.0,-318346.0,-47277.0,41.3,,,,
2005-11-04,198.1,202.5,83.131,82.873,192.6,191.0,3.3,2.6399999999999997,2.592,13324.204,16136.734,54317.0,97.5414,16.524,5.0,8.7,134997.0,322000.0,,,4248.0,66.0,4.0,3.972857142857143,4.438,4.614,4.768,0.176,0.654,3.536,0.924,6.31,6660.7,44.7,1023.0361,2283661.27,825878.08,179.683,2147.0,2218.0,,5.0,81.6,339719.0,8946.2,2.6,-63859.0,,13.963999999999999,,-0.5882,-0.8593,8170413.0,-318346.0,-83072.0,41.3,,,,
2005-11-11,198.1,202.5,83.131,82.873,192.6,191.0,3.3,2.565,2.555,13324.204,16136.734,54317.0,97.5414,16.524,5.0,8.7,134997.0,325000.0,,,4248.0,66.0,4.0,3.988571428571429,4.4575,4.6025,4.7725,0.145,0.6325,3.5340000000000003,0.924,6.36,6660.7,44.7,1023.0361,2283661.27,825878.08,179.683,2147.0,2218.0,,5.0,81.6,339719.0,8946.2,2.6,-63859.0,,12.502,,-0.58966,-0.7658,8170413.0,-318346.0,-83072.0,41.3,,,,
2005-11-18,198.1,202.5,83.131,82.873,192.6,191.0,3.3,2.408,2.432,13324.204,16136.734,54317.0,97.5414,16.524,5.0,8.7,134997.0,309000.0,,,4248.0,66.0,4.0,3.9857142857142853,4.432,4.524,4.672,0.092,0.514,3.678,0.944,6.37,6660.7,44.7,1023.0361,2283661.27,825878.08,179.683,2147.0,2218.0,,5.0,81.6,339719.0,8946.2,2.6,-63859.0,,11.808,,-0.58714,-0.65,8170413.0,-318346.0,-83072.0,41.3,,,,
2005-11-25,198.1,202.5,83.131,82.873,192.6,191.0,3.3,2.4050000000000002,2.3875,13324.204,16136.734,54317.0,97.5414,16.524,5.0,8.7,134997.0,324000.0,,,4248.0,66.0,4.0,4.01,4.35,4.4475,4.657500000000001,0.0975,0.49,3.71,0.952,6.28,6660.7,44.7,1023.0361,2283661.27,825878.08,179.683,2147.0,2218.0,,5.0,81.6,339719.0,8946.2,2.6,-63859.0,,10.815000000000001,,-0.58224,-0.6734,8170413.0,-318346.0,-83072.0,41.3,,,,
2005-12-02,198.1,202.8,83.131,82.959,192.9,187.6,3.1,2.366,2.368,13324.204,16136.734,54317.0,98.0452,17.174,4.9,8.6,135159.0,311000.0,,,4282.0,66.0,4.16,4.017142857142857,4.406000000000001,4.484,4.65,0.078,0.51,3.6479999999999997,0.96,6.26,6687.8,45.4,1036.3155,2290928.13,829518.36,180.912,1994.0,2120.0,,4.9,91.5,339895.0,8981.1,2.5,-64568.0,,11.608,,-0.5757,-0.6157,8170413.0,-318346.0,10967.0,41.3,,,,
2005-12-09,198.1,202.8,83.131,82.959,192.9,187.6,3.1,2.334,2.3600000000000003,13324.204,16136.734,54317.0,98.0452,17.174,4.9,8.6,135159.0,321000.0,,,4282.0,66.0,4.16,4.031428571428571,4.422,4.518,4.682,0.096,0.52,3.652,0.9800000000000001,6.32,6687.8,45.4,1036.3155,2290928.13,829518.36,180.912,1994.0,2120.0,,4.9,91.5,339895.0,8981.1,2.5,-64568.0,,11.84,,-0.56927,-0.6019,8170413.0,-318346.0,10967.0,41.3,,,,
2005-12-16,198.1,202.8,83.131,82.959,192.9,187.6,3.1,2.32,2.362,13324.204,16136.734,54317.0,98.0452,17.174,4.9,8.6,135159.0,327000.0,,,4282.0,66.0,4.16,4.227142857142857,4.398000000000001,4.494,4.65,0.096,0.5820000000000001,3.628,0.9800000000000001,6.3,6687.8,45.4,1036.3155,2290928.13,829518.36,180.912,1994.0,2120.0,,4.9,91.5,339895.0,8981.1,2.5,-64568.0,,10.894,,-0.56447,-0.5726,8170413.0,-318346.0,10967.0,41.3,,,,
2005-12-23,198.1,202.8,83.131,82.959,192.9,187.6,3.1,2.282,2.336,13324.204,16136.734,54317.0,98.0452,17.174,4.9,8.6,135159.0,312000.0,,,4282.0,66.0,4.16,4.227142857142857,4.4,4.446,4.601999999999999,0.046,0.47400000000000003,3.658,0.986,6.26,6687.8,45.4,1036.3155,2290928.13,829518.36,180.912,1994.0,2120.0,,4.9,91.5,339895.0,8981.1,2.5,-64568.0,,10.788,,-0.56307,-0.5494,8170413.0,-318346.0,10967.0,41.3,,,,
2005-12-30,198.1,202.8,83.131,82.959,192.9,187.6,3.1,2.26,2.3,13324.204,16136.734,54317.0,98.0452,17.174,4.9,8.6,135159.0,320000.0,,,4282.0,66.0,4.16,4.192857142857143,4.3774999999999995,4.37,4.4975000000000005,-0.0075,0.365,3.6875,0.9924999999999999,6.22,6687.8,45.4,1036.3155,2290928.13,829518.36,180.912,1994.0,2120.0,,4.9,91.5,339895.0,8981.1,2.5,-64568.0,,11.65,,-0.56486,-0.5031,8170413.0,-318346.0,10967.0,41.3,,,,
2006-01-06,199.3,203.2,83.534,83.145,193.6,196.6,3.0,2.3049999999999997,2.335,13599.16,16353.835,54927.0,98.1999,18.081,4.7,8.4,135427.0,302000.0,,,4397.0,66.0,4.29,4.184285714285714,4.3325,4.3675,4.5275,0.035,0.175,3.6659999999999995,0.9200000000000002,6.21,6730.1,47.1,1048.677,2367471.08,879577.12,182.321,2273.0,2212.0,,5.3,91.2,349664.0,9071.6,3.0,-66967.0,100.54468,11.205,,-0.57106,-0.7665,8371156.0,-318346.0,20964.0,41.7,,,,
2006-01-13,199.3,203.2,83.534,83.145,193.6,196.6,3.0,2.382,2.378,13599.16,16353.835,54927.0,98.1999,18.081,4.7,8.4,135427.0,326000.0,,,4397.0,66.0,4.29,4.25,4.388,4.41,4.562,0.022,0.11600000000000002,3.526,0.922,6.15,6730.1,47.1,1048.677,2367471.08,879577.12,182.321,2273.0,2212.0,,5.3,91.2,349664.0,9071.6,3.0,-66967.0,100.04516,11.072,,-0.58087,-0.9489,8371156.0,-318346.0,20964.0,41.7,,,,
2006-01-20,199.3,203.2,83.534,83.145,193.6,196.6,3.0,2.42,2.4000000000000004,13599.16,16353.835,54927.0,98.1999,18.081,4.7,8.4,135427.0,285000.0,,,4397.0,66.0,4.29,4.275714285714286,4.35,4.3575,4.525,0.0075,-8.673617379884035e-19,3.6120000000000005,0.924,6.1,6730.1,47.1,1048.677,2367471.08,879577.12,182.321,2273.0,2212.0,,5.3,91.2,349664.0,9071.6,3.0,-66967.0,100.14252,12.675,,-0.59148,-0.7879,8371156.0,-318346.0,20964.0,41.7,,,,
2006-01-27,199.3,203.2,83.534,83.145,193.6,196.6,3.0,2.466,2.466,13599.16,16353.835,54927.0,98.1999,18.081,4.7,8.4,135427.0,290000.0,,,4397.0,66.0,4.29,4.3100000000000005,4.436,4.46,4.61,0.024,0.04,3.478,0.9099999999999999,6.12,6730.1,47.1,1048.677,2367471.08,879577.12,182.321,2273.0,2212.0,,5.3,91.2,349664.0,9071.6,3.0,-66967.0,99.43856,12.9,,-0.6036,-0.9798,8371156.0,-318346.0,20964.0,41.7,,,,
2006-02-03,199.4,203.6,83.584,83.279,193.7,194.1,3.0,2.562,2.532,13599.16,16353.835,54927.0,98.2413,17.071,4.8,8.4,135733.0,282000.0,,,4325.0,66.1,4.49,4.464285714285714,4.566,4.55,4.674,-0.016,0.074,3.368,0.8960000000000001,6.23,6754.7,44.6,1058.2694,2374977.32,885289.73,183.287,2119.0,2141.0,,6.1,86.7,347021.0,9096.0,3.2,-62308.0,99.73366,12.778,,-0.61434,-1.0493,8371156.0,-318346.0,-119237.0,41.7,,,,
2006-02-10,199.4,203.6,83.584,83.279,193.7,194.1,3.0,2.562,2.516,13599.16,16353.835,54927.0,98.2413,17.071,4.8,8.4,135733.0,289000.0,,,4325.0,66.1,4.49,4.501428571428571,4.644,4.561999999999999,4.596,-0.082,0.05800000000000001,3.376,0.8939999999999999,6.24,6754.7,44.6,1058.2694,2374977.32,885289.73,183.287,2119.0,2141.0,,6.1,86.7,347021.0,9096.0,3.2,-62308.0,100.26694,13.09,,-0.62288,-0.9036,8371156.0,-318346.0,-119237.0,41.7,,,,
2006-02-17,199.4,203.6,83.584,83.279,193.7,194.1,3.0,2.55,2.492,13599.16,16353.835,54927.0,98.2413,17.071,4.8,8.4,135733.0,298000.0,,,4325.0,66.1,4.49,4.481428571428571,4.686,4.588,4.564,-0.098,0.04,3.3280000000000003,0.8859999999999999,6.28,6754.7,44.6,1058.2694,2374977.32,885289.73,183.287,2119.0,2141.0,,6.1,86.7,347021.0,9096.0,3.2,-62308.0,100.42036,12.28,,-0.62946,-1.008,8371156.0,-318346.0,-119237.0,41.7,,,,
2006-02-24,199.4,203.6,83.584,83.279,193.7,194.1,3.0,2.6550000000000002,2.535,13599.16,16353.835,54927.0,98.2413,17.071,4.8,8.4,135733.0,283000.0,,,4325.0,66.1,4.49,4.488571428571428,4.7125,4.5600000000000005,4.51,-0.1525,-0.02,3.29,0.8779999999999999,6.26,6754.7,44.6,1058.2694,2374977.32,885289.73,183.287,2119.0,2141.0,,6.1,86.7,347021.0,9096.0,3.2,-62308.0,100.28443999999999,11.905000000000001,,-0.63359,-1.0891,8371156.0,-318346.0,-119237.0,41.7,,,,
2006-03-03,199.7,204.3,83.746,83.509,194.0,192.0,3.0,2.718,2.57,13599.16,16353.835,54927.0,98.4628,16.96,4.7,8.2,136038.0,293000.0,34.2,20.04,4732.0,66.2,4.59,4.5042857142857144,4.724,4.609999999999999,4.58,-0.11400000000000002,-0.006000000000000001,3.318,0.8779999999999999,6.24,6769.3,42.7,1068.6019,2385807.89,888243.58,184.364,1969.0,2118.0,,5.9,88.9,348357.0,9132.9,3.3,-62397.0,99.79534,11.83,,-0.63481,-1.0472,8371156.0,-318346.0,-85281.0,41.7,,,,
2006-03-10,199.7,204.3,83.746,83.509,194.0,192.0,3.0,2.676,2.556,13599.16,16353.835,54927.0,98.4628,16.96,4.7,8.2,136038.0,302000.0,34.2,20.04,4732.0,66.2,4.59,4.51,4.744,4.742,4.723999999999999,-0.0019999999999999996,0.14200000000000002,3.2979999999999996,0.8779999999999999,6.37,6769.3,42.7,1068.6019,2385807.89,888243.58,184.364,1969.0,2118.0,,5.9,88.9,348357.0,9132.9,3.3,-62397.0,100.62646,12.45,,-0.63439,-0.9054,8371156.0,-318346.0,-85281.0,41.7,,,,
2006-03-17,199.7,204.3,83.746,83.509,194.0,192.0,3.0,2.616,2.534,13599.16,16353.835,54927.0,98.4628,16.96,4.7,8.2,136038.0,307000.0,34.2,20.04,4732.0,66.2,4.59,4.524285714285714,4.672,4.708,4.7299999999999995,0.036,0.09,3.31,0.8779999999999999,6.34,6769.3,42.7,1068.6019,2385807.89,888243.58,184.364,1969.0,2118.0,,5.9,88.9,348357.0,9132.9,3.3,-62397.0,100.22934000000001,11.512,,-0.63309,-0.952,8371156.0,-318346.0,-85281.0,41.7,,,,
2006-03-24,199.7,204.3,83.746,83.509,194.0,192.0,3.0,2.572,2.484,13599.16,16353.835,54927.0,98.4628,16.96,4.7,8.2,136038.0,303000.0,34.2,20.04,4732.0,66.2,4.59,4.6000000000000005,4.720000000000001,4.694,4.724,-0.026000000000000002,0.022,3.224,0.8800000000000001,6.32,6769.3,42.7,1068.6019,2385807.89,888243.58,184.364,1969.0,2118.0,,5.9,88.9,348357.0,9132.9,3.3,-62397.0,100.52392,11.395999999999999,,-0.63156,-1.0075,8371156.0,-318346.0,-85281.0,41.7,,,,
2006-03-31,199.7,204.3,83.746,83.509,194.0,192.0,3.0,2.566,2.494,13599.16,16353.835,54927.0,98.4628,16.96,4.7,8.2,136038.0,295000.0,34.2,20.04,4732.0,66.2,4.59,4.757142857142857,4.802,4.804,4.832,0.0020000000000000005,0.174,3.138,0.884,6.35,6769.3,42.7,1068.6019,2385807.89,888243.58,184.364,1969.0,2118.0,,5.9,88.9,348357.0,9132.9,3.3,-62397.0,100.76252,11.39,,-0.62904,-0.9686,8371156.0,-318346.0,-85281.0,41.7,,,,
2006-04-07,200.7,204.8,84.135,83.764,193.8,198.5,3.3,2.574,2.5140000000000002,13753.424,16396.151,54945.0,98.7618,17.127,4.7,8.1,136210.0,291000.0,34.3,20.17,4790.0,66.1,4.79,4.844285714285713,4.848,4.892,4.942,0.044,0.21400000000000002,3.1,0.8939999999999999,6.43,6806.9,44.7,1085.217,2397680.6,893526.92,184.33,1821.0,1998.0,,6.3,87.4,350072.0,9191.6,3.1,-62603.0,100.2816,11.51,,-0.62687,-0.9382,8420042.0,-318346.0,118841.0,41.7,,,,
2006-04-14,200.7,204.8,84.135,83.764,193.8,198.5,3.3,2.6375,2.565,13753.424,16396.151,54945.0,98.7618,17.127,4.7,8.1,136210.0,299000.0,34.3,20.17,4790.0,66.1,4.79,4.777142857142857,4.91,4.9825,5.05,0.07250000000000001,0.28500000000000003,3.08,0.89,6.49,6806.9,44.7,1085.217,2397680.6,893526.92,184.33,1821.0,1998.0,,6.3,87.4,350072.0,9191.6,3.1,-62603.0,100.40078,12.5825,,-0.62449,-0.8578,8420042.0,-318346.0,118841.0,41.7,,,,
2006-04-21,200.7,204.8,84.135,83.764,193.8,198.5,3.3,2.714,2.618,13753.424,16396.151,54945.0,98.7618,17.127,4.7,8.1,136210.0,299000.0,34.3,20.17,4790.0,66.1,4.79,4.752857142857144,4.88,5.018,5.104,0.13799999999999998,0.288,3.068,0.892,6.53,6806.9,44.7,1085.217,2397680.6,893526.92,184.33,1821.0,1998.0,,6.3,87.4,350072.0,9191.6,3.1,-62603.0,99.56504,11.706,,-0.62261,-0.9403,8420042.0,-318346.0,118841.0,41.7,,,,
2006-04-28,200.7,204.8,84.135,83.764,193.8,198.5,3.3,2.6420000000000003,2.6260000000000003,13753.424,16396.151,54945.0,98.7618,17.127,4.7,8.1,136210.0,308000.0,34.3,20.17,4790.0,66.1,4.79,4.767142857142858,4.922,5.068,5.151999999999999,0.146,0.292,3.002,0.882,6.58,6806.9,44.7,1085.217,2397680.6,893526.92,184.33,1821.0,1998.0,,6.3,87.4,350072.0,9191.6,3.1,-62603.0,98.7265,11.738,,-0.61977,-1.0185,8420042.0,-318346.0,118841.0,41.7,,,,
2006-05-05,201.3,205.4,84.361,83.974,194.1,199.8,4.0,2.7060000000000004,2.686,13753.424,16396.151,54945.0,98.7869,16.729,4.6,8.2,136249.0,321000.0,34.3,20.13,4463.0,66.1,4.94,4.831428571428572,4.942,5.138,5.220000000000001,0.196,0.32199999999999995,2.966666666666667,0.8733333333333334,6.59,6813.7,45.5,1103.3153,2407161.45,899471.33,184.156,1942.0,1905.0,,6.2,79.1,348889.0,9231.8,2.9,-64818.0,97.57382,12.0,,-0.61446,-1.0283,8420042.0,-318346.0,-42907.0,41.7,,,,
2006-05-12,201.3,205.4,84.361,83.974,194.1,199.8,4.0,2.7399999999999998,2.7,13753.424,16396.151,54945.0,98.7869,16.729,4.6,8.2,136249.0,347000.0,34.3,20.13,4463.0,66.1,4.94,4.885714285714286,4.99,5.142,5.220000000000001,0.152,0.28200000000000003,2.904,0.8699999999999999,6.58,6813.7,45.5,1103.3153,2407161.45,899471.33,184.156,1942.0,1905.0,,6.2,79.1,348889.0,9231.8,2.9,-64818.0,96.8417,12.49,,-0.60714,-1.0487,8420042.0,-318346.0,-42907.0,41.7,,,,
2006-05-19,201.3,205.4,84.361,83.974,194.1,199.8,4.0,2.69,2.664,13753.424,16396.151,54945.0,98.7869,16.729,4.6,8.2,136249.0,335000.0,34.3,20.13,4463.0,66.1,4.94,4.9957142857142856,4.964,5.108,5.215999999999999,0.144,0.274,3.022,0.8880000000000001,6.6,6813.7,45.5,1103.3153,2407161.45,899471.33,184.156,1942.0,1905.0,,6.2,79.1,348889.0,9231.8,2.9,-64818.0,97.5327,15.469999999999999,,-0.59583,-0.7795,8420042.0,-318346.0,-42907.0,41.7,,,,
2006-05-26,201.3,205.4,84.361,83.974,194.1,199.8,4.0,2.648,2.616,13753.424,16396.151,54945.0,98.7869,16.729,4.6,8.2,136249.0,319000.0,34.3,20.13,4463.0,66.1,4.94,4.977142857142858,4.958,5.054,5.15,0.096,0.22400000000000003,3.1399999999999997,0.906,6.62,6813.7,45.5,1103.3153,2407161.45,899471.33,184.156,1942.0,1905.0,,6.2,79.1,348889.0,9231.8,2.9,-64818.0,97.95552,16.619999999999997,,-0.58256,-0.6729,8420042.0,-318346.0,-42907.0,41.7,,,,
2006-06-02,201.8,205.9,84.569,84.186,194.7,199.8,3.3,2.675,2.64,13753.424,16396.151,54945.0,99.0997,16.9,4.6,8.4,136337.0,330000.0,34.4,20.22,4614.0,66.2,4.99,5.0042857142857144,4.9975000000000005,5.08,5.175,0.0825,0.245,3.1380000000000003,0.9179999999999999,6.67,6851.8,45.1,1118.8134,2395813.18,897483.31,183.507,1802.0,1867.0,,6.3,84.9,350795.0,9259.6,2.9,-63800.0,97.71582,15.985,,-0.56846,-0.8163,8420042.0,-318346.0,20517.0,41.7,,,,
2006-06-09,201.8,205.9,84.569,84.186,194.7,199.8,3.3,2.6100000000000003,2.558,13753.424,16396.151,54945.0,99.0997,16.9,4.6,8.4,136337.0,307000.0,34.4,20.22,4614.0,66.2,4.99,4.992857142857143,5.004,5.006,5.072,0.0020000000000000005,0.142,3.2359999999999998,0.9339999999999999,6.62,6851.8,45.1,1118.8134,2395813.18,897483.31,183.507,1802.0,1867.0,,6.3,84.9,350795.0,9259.6,2.9,-63800.0,98.2311,17.652,,-0.55491,-0.6596,8420042.0,-318346.0,20517.0,41.7,,,,
2006-06-16,201.8,205.9,84.569,84.186,194.7,199.8,3.3,2.604,2.558,13753.424,16396.151,54945.0,99.0997,16.9,4.6,8.4,136337.0,298000.0,34.4,20.22,4614.0,66.2,4.99,4.9957142857142856,5.09,5.048,5.086,-0.041999999999999996,0.158,3.2879999999999994,0.95,6.63,6851.8,45.1,1118.8134,2395813.18,897483.31,183.507,1802.0,1867.0,,6.3,84.9,350795.0,9259.6,2.9,-63800.0,98.82012,19.875999999999998,,-0.54261,-0.5815,8420042.0,-318346.0,20517.0,41.7,,,,
2006-06-23,201.8,205.9,84.569,84.186,194.7,199.8,3.3,2.616,2.5759999999999996,13753.424,16396.151,54945.0,99.0997,16.9,4.6,8.4,136337.0,308000.0,34.4,20.22,4614.0,66.2,4.99,4.945714285714287,5.216,5.176,5.21,-0.04,0.242,3.3,0.96,6.71,6851.8,45.1,1118.8134,2395813.18,897483.31,183.507,1802.0,1867.0,,6.3,84.9,350795.0,9259.6,2.9,-63800.0,99.04366,16.362000000000002,,-0.53382,-0.638,8420042.0,-318346.0,20517.0,41.7,,,,
2006-06-30,201.8,205.9,84.569,84.186,194.7,199.8,3.3,2.6079999999999997,2.59,13753.424,16396.151,54945.0,99.0997,16.9,4.6,8.4,136337.0,309000.0,34.4,20.22,4614.0,66.2,4.99,5.028571428571429,5.234,5.215999999999999,5.25,-0.018,0.194,3.342,0.97,6.78,6851.8,45.1,1118.8134,2395813.18,897483.31,183.507,1802.0,1867.0,,6.3,84.9,350795.0,9259.6,2.9,-63800.0,99.0877,14.783999999999997,,-0.5298,-0.7234,8420042.0,-318346.0,20517.0,41.7,,,,
2006-07-07,202.9,206.3,84.858,84.268,195.2,207.9,3.2,2.625,2.5949999999999998,13870.188,16420.738,54886.0,99.0489,17.662,4.7,8.5,136529.0,316000.0,34.3,20.29,4394.0,66.1,5.24,5.187142857142858,5.2,5.1775,5.22,-0.0225,0.15,3.314,0.97,6.79,6893.6,44.9,1130.7415,2403099.25,898676.63,183.066,1737.0,1763.0,,7.3,84.7,351916.0,9343.8,2.3,-66909.0,98.0512,13.705,,-0.53047,-0.855,8506974.0,-318346.0,-33164.0,41.7,,,,
2006-07-14,202.9,206.3,84.858,84.268,195.2,207.9,3.2,2.59,2.568,13870.188,16420.738,54886.0,99.0489,17.662,4.7,8.5,136529.0,343000.0,34.3,20.29,4394.0,66.1,5.24,5.2457142857142856,5.142,5.096,5.136,-0.046,0.04,3.3560000000000003,0.9719999999999999,6.74,6893.6,44.9,1130.7415,2403099.25,898676.63,183.066,1737.0,1763.0,,7.3,84.7,351916.0,9343.8,2.3,-66909.0,98.39088000000001,15.498,,-0.53623,-0.6575,8506974.0,-318346.0,-33164.0,41.7,,,,
2006-07-21,202.9,206.3,84.858,84.268,195.2,207.9,3.2,2.5780000000000003,2.5740000000000003,13870.188,16420.738,54886.0,99.0489,17.662,4.7,8.5,136529.0,318000.0,34.3,20.29,4394.0,66.1,5.24,5.2457142857142856,5.114,5.068,5.108,-0.046,-0.038,3.41,0.9719999999999999,6.8,6893.6,44.9,1130.7415,2403099.25,898676.63,183.066,1737.0,1763.0,,7.3,84.7,351916.0,9343.8,2.3,-66909.0,98.8521,17.107999999999997,,-0.5463,-0.6798,8506974.0,-318346.0,-33164.0,41.7,,,,
2006-07-28,202.9,206.3,84.858,84.268,195.2,207.9,3.2,2.562,2.588,13870.188,16420.738,54886.0,99.0489,17.662,4.7,8.5,136529.0,306000.0,34.3,20.29,4394.0,66.1,5.24,5.244285714285715,5.064,5.046,5.104,-0.018,-0.05600000000000001,3.386,0.97,6.72,6893.6,44.9,1130.7415,2403099.25,898676.63,183.066,1737.0,1763.0,,7.3,84.7,351916.0,9343.8,2.3,-66909.0,98.5485,14.744,,-0.55971,-0.8439,8506974.0,-318346.0,-33164.0,41.7,,,,
2006-08-04,203.8,206.8,85.125,84.44,195.7,211.9,3.8,2.57,2.598,13870.188,16420.738,54886.0,99.4836,16.458,4.7,8.4,136692.0,311000.0,34.3,20.32,4710.0,66.2,5.25,5.267142857142857,4.96,4.962000000000001,5.046,0.0020000000000000005,-0.142,3.434,0.9800000000000001,6.63,6925.1,42.7,1151.7102,2415732.03,903924.28,182.592,1650.0,1722.0,,6.7,82.0,353285.0,9342.2,2.5,-68277.0,97.95684,14.628,,-0.57371,-0.7951,8506974.0,-318346.0,-64717.0,41.7,,,,
2006-08-11,203.8,206.8,85.125,84.44,195.7,211.9,3.8,2.628,2.6420000000000003,13870.188,16420.738,54886.0,99.4836,16.458,4.7,8.4,136692.0,318000.0,34.3,20.32,4710.0,66.2,5.25,5.247142857142857,4.934,4.936,5.044,0.0020000000000000005,-0.146,3.41,0.9800000000000001,6.55,6925.1,42.7,1151.7102,2415732.03,903924.28,182.592,1650.0,1722.0,,6.7,82.0,353285.0,9342.2,2.5,-68277.0,97.65527999999999,14.884,,-0.58672,-0.8473,8506974.0,-318346.0,-64717.0,41.7,,,,
2006-08-18,203.8,206.8,85.125,84.44,195.7,211.9,3.8,2.582,2.602,13870.188,16420.738,54886.0,99.4836,16.458,4.7,8.4,136692.0,310000.0,34.3,20.32,4710.0,66.2,5.25,5.228571428571429,4.9159999999999995,4.901999999999999,5.0280000000000005,-0.014000000000000002,-0.194,3.3920000000000003,0.97,6.52,6925.1,42.7,1151.7102,2415732.03,903924.28,182.592,1650.0,1722.0,,6.7,82.0,353285.0,9342.2,2.5,-68277.0,97.65353999999999,12.794,,-0.5971,-0.9639,8506974.0,-318346.0,-64717.0,41.7,,,,
2006-08-25,203.8,206.8,85.125,84.44,195.7,211.9,3.8,2.524,2.568,13870.188,16420.738,54886.0,99.4836,16.458,4.7,8.4,136692.0,315000.0,34.3,20.32,4710.0,66.2,5.25,5.247142857142857,4.866,4.812,4.946,-0.054000000000000006,-0.288,3.432,0.97,6.48,6925.1,42.7,1151.7102,2415732.03,903924.28,182.592,1650.0,1722.0,,6.7,82.0,353285.0,9342.2,2.5,-68277.0,97.64864,12.304,,-0.60385,-0.9149,8506974.0,-318346.0,-64717.0,41.7,,,,
2006-09-01,202.8,207.2,84.902,84.573,196.3,198.1,3.1,2.436,2.496,13870.188,16420.738,54886.0,99.3183,16.974,4.5,8.0,136826.0,314000.0,34.4,20.4,4737.0,66.1,5.25,5.255714285714285,4.828,4.764,4.906000000000001,-0.064,-0.294,3.444,0.9719999999999999,6.44,6952.4,42.6,1150.8735,2426813.23,907814.35,182.797,1720.0,1655.0,,6.7,85.4,351240.0,9375.4,2.4,-65095.0,97.67062,12.190000000000001,,-0.60672,-0.8744,8506974.0,-318346.0,56167.0,41.7,,,,
2006-09-08,202.8,207.2,84.902,84.573,196.3,198.1,3.1,2.37,2.46,13870.188,16420.738,54886.0,99.3183,16.974,4.5,8.0,136826.0,315000.0,34.4,20.4,4737.0,66.1,5.25,5.24,4.8100000000000005,4.79,4.9350000000000005,-0.02,-0.1775,3.4299999999999997,0.9719999999999999,6.47,6952.4,42.6,1150.8735,2426813.23,907814.35,182.797,1720.0,1655.0,,6.7,85.4,351240.0,9375.4,2.4,-65095.0,97.71374,13.352500000000001,,-0.60679,-0.8034,8506974.0,-318346.0,56167.0,41.7,,,,
2006-09-15,202.8,207.2,84.902,84.573,196.3,198.1,3.1,2.316,2.424,13870.188,16420.738,54886.0,99.3183,16.974,4.5,8.0,136826.0,314000.0,34.4,20.4,4737.0,66.1,5.25,5.24,4.83,4.787999999999999,4.92,-0.042,-0.142,3.37,0.968,6.43,6952.4,42.6,1150.8735,2426813.23,907814.35,182.797,1720.0,1655.0,,6.7,85.4,351240.0,9375.4,2.4,-65095.0,98.21186,11.879999999999999,,-0.60569,-0.8167,8506974.0,-318346.0,56167.0,41.7,,,,
2006-09-22,202.8,207.2,84.902,84.573,196.3,198.1,3.1,2.24,2.364,13870.188,16420.738,54886.0,99.3183,16.974,4.5,8.0,136826.0,324000.0,34.4,20.4,4737.0,66.1,5.25,5.24,4.772,4.706,4.832,-0.066,-0.22600000000000003,3.4259999999999997,0.968,6.4,6952.4,42.6,1150.8735,2426813.23,907814.35,182.797,1720.0,1655.0,,6.7,85.4,351240.0,9375.4,2.4,-65095.0,98.05432,11.998000000000001,,-0.60513,-0.7012,8506974.0,-318346.0,56167.0,41.7,,,,
2006-09-29,202.8,207.2,84.902,84.573,196.3,198.1,3.1,2.23,2.346,13870.188,16420.738,54886.0,99.3183,16.974,4.5,8.0,136826.0,319000.0,34.4,20.4,4737.0,66.1,5.25,5.2871428571428565,4.672,4.604,4.734,-0.068,-0.27599999999999997,3.474,0.97,6.31,6952.4,42.6,1150.8735,2426813.23,907814.35,182.797,1720.0,1655.0,,6.7,85.4,351240.0,9375.4,2.4,-65095.0,98.04012,11.786,,-0.60614,-0.6517,8506974.0,-318346.0,56167.0,41.7,,,,
2006-10-06,201.9,207.6,84.702,84.726,196.9,184.1,3.1,2.196,2.322,14039.56,16561.866,55216.0,99.2044,16.865,4.4,8.2,136843.0,309000.0,34.3,20.42,4591.0,66.2,5.25,5.277142857142857,4.664,4.6240000000000006,4.768,-0.04,-0.296,3.41,0.975,6.3,7001.7,41.7,1161.5392,2429399.86,911614.51,183.198,1491.0,1570.0,,7.3,93.6,351035.0,9393.6,2.4,-59538.0,98.25182,12.042,,-0.60963,-0.7335,8680224.0,-248181.0,-49321.0,41.7,,,,
2006-10-13,201.9,207.6,84.702,84.726,196.9,184.1,3.1,2.2025,2.3375,14039.56,16561.866,55216.0,99.2044,16.865,4.4,8.2,136843.0,316000.0,34.3,20.42,4591.0,66.2,5.25,5.235714285714286,4.8475,4.7825,4.91,-0.065,-0.25,3.2439999999999998,0.9640000000000001,6.37,7001.7,41.7,1161.5392,2429399.86,911614.51,183.198,1491.0,1570.0,,7.3,93.6,351035.0,9393.6,2.4,-59538.0,98.8057,11.331999999999999,,-0.61564,-0.9816,8680224.0,-248181.0,-49321.0,41.7,,,,
2006-10-20,201.9,207.6,84.702,84.726,196.9,184.1,3.1,2.164,2.314,14039.56,16561.866,55216.0,99.2044,16.865,4.4,8.2,136843.0,305000.0,34.3,20.42,4591.0,66.2,5.25,5.2299999999999995,4.85,4.784000000000001,4.9079999999999995,-0.066,-0.308,3.178,0.9559999999999998,6.36,7001.7,41.7,1161.5392,2429399.86,911614.51,183.198,1491.0,1570.0,,7.3,93.6,351035.0,9393.6,2.4,-59538.0,98.46288,11.138,,-0.62213,-0.9274,8680224.0,-248181.0,-49321.0,41.7,,,,
2006-10-27,201.9,207.6,84.702,84.726,196.9,184.1,3.1,2.1719999999999997,2.316,14039.56,16561.866,55216.0,99.2044,16.865,4.4,8.2,136843.0,313000.0,34.3,20.42,4591.0,66.2,5.25,5.242857142857143,4.851999999999999,4.7700000000000005,4.886,-0.082,-0.35,3.184,0.95,6.4,7001.7,41.7,1161.5392,2429399.86,911614.51,183.198,1491.0,1570.0,,7.3,93.6,351035.0,9393.6,2.4,-59538.0,98.07701999999999,10.776,,-0.62832,-0.9784,8680224.0,-248181.0,-49321.0,41.7,,,,
2006-11-03,202.0,207.8,84.731,84.766,197.0,184.1,3.0,2.126,2.288,14039.56,16561.866,55216.0,99.1627,16.657,4.5,8.1,137060.0,328000.0,34.3,20.49,4645.0,66.3,5.25,5.248571428571429,4.728,4.636,4.742,-0.092,-0.446,3.232,0.9480000000000001,6.31,7037.2,42.1,1170.5212,2440749.07,917346.18,183.608,1570.0,1535.0,,6.6,92.1,352116.0,9400.2,2.7,-58939.0,97.56574,11.278,,-0.63194,-0.8332,8680224.0,-248181.0,-73042.0,41.7,,,,
2006-11-10,202.0,207.8,84.731,84.766,197.0,184.1,3.0,2.198,2.344,14039.56,16561.866,55216.0,99.1627,16.657,4.5,8.1,137060.0,319000.0,34.3,20.49,4645.0,66.3,5.25,5.234285714285714,4.764,4.644,4.74,-0.12000000000000002,-0.44800000000000006,3.1399999999999997,0.932,6.33,7037.2,42.1,1170.5212,2440749.07,917346.18,183.608,1570.0,1535.0,,6.6,92.1,352116.0,9400.2,2.7,-58939.0,97.55984,10.959999999999999,,-0.63315,-0.9674,8680224.0,-248181.0,-73042.0,41.7,,,,
2006-11-17,202.0,207.8,84.731,84.766,197.0,184.1,3.0,2.154,2.2960000000000003,14039.56,16561.866,55216.0,99.1627,16.657,4.5,8.1,137060.0,311000.0,34.3,20.49,4645.0,66.3,5.25,5.2457142857142856,4.782,4.612,4.698,-0.16999999999999998,-0.47800000000000004,3.07,0.924,6.24,7037.2,42.1,1170.5212,2440749.07,917346.18,183.608,1570.0,1535.0,,6.6,92.1,352116.0,9400.2,2.7,-58939.0,97.83382,10.376000000000001,,-0.63169,-0.9583,8680224.0,-248181.0,-73042.0,41.7,,,,
2006-11-24,202.0,207.8,84.731,84.766,197.0,184.1,3.0,2.15,2.2725,14039.56,16561.866,55216.0,99.1627,16.657,4.5,8.1,137060.0,326000.0,34.3,20.49,4645.0,66.3,5.25,5.242857142857143,4.745,4.575,4.655,-0.17,-0.485,3.126,0.9200000000000002,6.18,7037.2,42.1,1170.5212,2440749.07,917346.18,183.608,1570.0,1535.0,,6.6,92.1,352116.0,9400.2,2.7,-58939.0,97.6351,10.185,,-0.62821,-0.8699,8680224.0,-248181.0,-73042.0,41.7,,,,
2006-12-01,203.1,208.1,85.032,84.88,197.1,192.7,2.9,2.234,2.306,14039.56,16561.866,55216.0,100.1735,17.107,4.4,7.9,137249.0,349000.0,34.5,20.58,4620.0,66.4,5.24,5.268571428571429,4.642,4.492,4.5840000000000005,-0.15,-0.546,3.19,0.932,6.14,7080.1,43.3,1182.8014,2456715.7,923876.78,184.137,1649.0,1638.0,,6.5,91.7,356367.0,9488.3,2.6,-61882.0,96.7471,11.464,,-0.62404,-0.7251,8680224.0,-248181.0,41961.0,41.7,,,,
2006-12-08,203.1,208.1,85.032,84.88,197.1,192.7,2.9,2.27,2.338,14039.56,16561.866,55216.0,100.1735,17.107,4.4,7.9,137249.0,327000.0,34.5,20.58,4620.0,66.4,5.24,5.241428571428571,4.578,4.482,4.596,-0.096,-0.506,3.092,0.922,6.11,7080.1,43.3,1182.8014,2456715.7,923876.78,184.137,1649.0,1638.0,,6.5,91.7,356367.0,9488.3,2.6,-61882.0,96.37140000000001,11.714,,-0.62137,-0.827,8680224.0,-248181.0,41961.0,41.7,,,,
2006-12-15,203.1,208.1,85.032,84.88,197.1,192.7,2.9,2.282,2.346,14039.56,16561.866,55216.0,100.1735,17.107,4.4,7.9,137249.0,311000.0,34.5,20.58,4620.0,66.4,5.24,5.252857142857144,4.688000000000001,4.558,4.672,-0.13,-0.376,3.012,0.9200000000000002,6.12,7080.1,43.3,1182.8014,2456715.7,923876.78,184.137,1649.0,1638.0,,6.5,91.7,356367.0,9488.3,2.6,-61882.0,96.77727999999999,10.312000000000001,,-0.62203,-0.8842,8680224.0,-248181.0,41961.0,41.7,,,,
2006-12-22,203.1,208.1,85.032,84.88,197.1,192.7,2.9,2.214,2.28,14039.56,16561.866,55216.0,100.1735,17.107,4.4,7.9,137249.0,318000.0,34.5,20.58,4620.0,66.4,5.24,5.244285714285715,4.7,4.595999999999999,4.728,-0.10400000000000001,-0.372,2.9720000000000004,0.9179999999999999,6.13,7080.1,43.3,1182.8014,2456715.7,923876.78,184.137,1649.0,1638.0,,6.5,91.7,356367.0,9488.3,2.6,-61882.0,96.9779,10.61,,-0.6266,-0.8404,8680224.0,-248181.0,41961.0,41.7,,,,
2006-12-29,203.1,208.1,85.032,84.88,197.1,192.7,2.9,2.225,2.2824999999999998,14039.56,16561.866,55216.0,100.1735,17.107,4.4,7.9,137249.0,323000.0,34.5,20.58,4620.0,66.4,5.24,5.228571428571429,4.78,4.67,4.7825,-0.11,-0.325,2.8625,0.905,6.18,7080.1,43.3,1182.8014,2456715.7,923876.78,184.137,1649.0,1638.0,,6.5,91.7,356367.0,9488.3,2.6,-61882.0,97.12102,11.1125,,-0.63502,-0.892,8680224.0,-248181.0,41961.0,41.7,,,,
2007-01-05,203.437,208.6,85.316,85.224,198.378,190.281,3.0,2.25,2.285,14215.651,16611.69,55260.0,99.8346,16.896,4.6,8.3,137472.0,341000.0,34.3,20.59,4763.0,66.4,5.25,5.22,4.7575,4.655,4.755,-0.1025,-0.3975,2.918,0.9120000000000001,6.18,7118.3,44.6,1192.29,2457945.58,927629.46,184.515,1409.0,1626.0,,7.2,96.9,355792.0,9538.7,2.4,-58014.0,97.3664,11.896666666666667,,-0.64675,-0.8228,8849665.0,-248181.0,38236.0,41.1,,,,
2007-01-12,203.437,208.6,85.316,85.224,198.378,190.281,3.0,2.228,2.282,14215.651,16611.69,55260.0,99.8346,16.896,4.6,8.3,137472.0,330000.0,34.3,20.59,4763.0,66.4,5.25,5.235714285714286,4.824,4.704,4.786,-0.12,-0.386,2.8600000000000003,0.906,6.21,7118.3,44.6,1192.29,2457945.58,927629.46,184.515,1409.0,1626.0,,7.2,96.9,355792.0,9538.7,2.4,-58014.0,97.97040000000001,11.28,,-0.65971,-0.9578,8849665.0,-248181.0,38236.0,41.1,,,,
2007-01-19,203.437,208.6,85.316,85.224,198.378,190.281,3.0,2.2350000000000003,2.2875,14215.651,16611.69,55260.0,99.8346,16.896,4.6,8.3,137472.0,296000.0,34.3,20.59,4763.0,66.4,5.25,5.238571428571428,4.8975,4.7675,4.8625,-0.13,-0.355,2.744,0.8939999999999999,6.23,7118.3,44.6,1192.29,2457945.58,927629.46,184.515,1409.0,1626.0,,7.2,96.9,355792.0,9538.7,2.4,-58014.0,97.8336,10.645,,-0.67185,-1.0814,8849665.0,-248181.0,38236.0,41.1,,,,
2007-01-26,203.437,208.6,85.316,85.224,198.378,190.281,3.0,2.3259999999999996,2.366,14215.651,16611.69,55260.0,99.8346,16.896,4.6,8.3,137472.0,335000.0,34.3,20.59,4763.0,66.4,5.25,5.2628571428571425,4.95,4.826,4.918,-0.124,-0.308,2.626,0.8800000000000001,6.25,7118.3,44.6,1192.29,2457945.58,927629.46,184.515,1409.0,1626.0,,7.2,96.9,355792.0,9538.7,2.4,-58014.0,97.90708,10.67,,-0.68106,-1.1126,8849665.0,-248181.0,38236.0,41.1,,,,
2007-02-02,204.226,209.135,85.581,85.408,199.736,192.31,3.0,2.402,2.416,14215.651,16611.69,55260.0,100.7753,17.169,4.5,8.1,137560.0,308000.0,34.3,20.68,4699.0,66.3,5.26,5.267142857142857,4.962000000000001,4.856,4.952,-0.10600000000000001,-0.27599999999999997,2.65,0.8779999999999999,6.34,7134.3,42.6,1204.8529,2470049.92,933355.8,184.597,1480.0,1598.0,,7.9,91.3,356545.0,9566.0,2.8,-58479.0,98.00129999999999,10.644,,-0.68462,-1.0583,8849665.0,-248181.0,-119993.0,41.1,,,,
2007-02-09,204.226,209.135,85.581,85.408,199.736,192.31,3.0,2.3739999999999997,2.3619999999999997,14215.651,16611.69,55260.0,100.7753,17.169,4.5,8.1,137560.0,310000.0,34.3,20.68,4699.0,66.3,5.26,5.242857142857143,4.896,4.768,4.864,-0.128,-0.382,2.646,0.8779999999999999,6.28,7134.3,42.6,1204.8529,2470049.92,933355.8,184.597,1480.0,1598.0,,7.9,91.3,356545.0,9566.0,2.8,-58479.0,97.77082,10.612,,-0.68298,-1.069,8849665.0,-248181.0,-119993.0,41.1,,,,
2007-02-16,204.226,209.135,85.581,85.408,199.736,192.31,3.0,2.332,2.3419999999999996,14215.651,16611.69,55260.0,100.7753,17.169,4.5,8.1,137560.0,338000.0,34.3,20.68,4699.0,66.3,5.26,5.262857142857143,4.884,4.75,4.8420000000000005,-0.134,-0.42000000000000004,2.59,0.868,6.3,7134.3,42.6,1204.8529,2470049.92,933355.8,184.597,1480.0,1598.0,,7.9,91.3,356545.0,9566.0,2.8,-58479.0,97.44958,10.484,,-0.67514,-1.1009,8849665.0,-248181.0,-119993.0,41.1,,,,
2007-02-23,204.226,209.135,85.581,85.408,199.736,192.31,3.0,2.365,2.36,14215.651,16611.69,55260.0,100.7753,17.169,4.5,8.1,137560.0,321000.0,34.3,20.68,4699.0,66.3,5.26,5.2457142857142856,4.83,4.695,4.7975,-0.135,-0.49,2.542,0.86,6.22,7134.3,42.6,1204.8529,2470049.92,933355.8,184.597,1480.0,1598.0,,7.9,91.3,356545.0,9566.0,2.8,-58479.0,97.23742,10.3,,-0.66261,-1.1281,8849665.0,-248181.0,-119993.0,41.1,,,,
2007-03-02,205.288,209.418,85.894,85.494,200.432,200.206,3.0,2.398,2.366,14215.651,16611.69,55260.0,100.9547,16.438,4.4,8.0,137784.0,322000.0,34.4,20.72,4962.0,66.2,5.26,5.285714285714286,4.64,4.554,4.672,-0.086,-0.5980000000000001,2.786,0.8880000000000001,6.18,7168.2,40.7,1215.6537,2484433.18,938463.58,184.148,1495.0,1596.0,,7.9,88.4,359415.0,9611.7,3.0,-62183.0,97.25198,15.862,,-0.64697,-0.6577,8849665.0,-248181.0,-96270.0,41.1,,,,
2007-03-09,205.288,209.418,85.894,85.494,200.432,200.206,3.0,2.4,2.34,14215.651,16611.69,55260.0,100.9547,16.438,4.4,8.0,137784.0,320000.0,34.4,20.72,4962.0,66.2,5.26,5.238571428571428,4.574,4.5280000000000005,4.662,-0.046,-0.584,2.8880000000000003,0.908,6.14,7168.2,40.7,1215.6537,2484433.18,938463.58,184.148,1495.0,1596.0,,7.9,88.4,359415.0,9611.7,3.0,-62183.0,97.53374,15.841999999999999,,-0.63257,-0.7476,8849665.0,-248181.0,-96270.0,41.1,,,,
2007-03-16,205.288,209.418,85.894,85.494,200.432,200.206,3.0,2.414,2.3600000000000003,14215.651,16611.69,55260.0,100.9547,16.438,4.4,8.0,137784.0,308000.0,34.4,20.72,4962.0,66.2,5.26,5.255714285714285,4.566,4.536,4.686,-0.03,-0.53,2.884,0.9200000000000002,6.14,7168.2,40.7,1215.6537,2484433.18,938463.58,184.148,1495.0,1596.0,,7.9,88.4,359415.0,9611.7,3.0,-62183.0,97.21716,16.522,,-0.62051,-0.7983,8849665.0,-248181.0,-96270.0,41.1,,,,
2007-03-23,205.288,209.418,85.894,85.494,200.432,200.206,3.0,2.462,2.4080000000000004,14215.651,16611.69,55260.0,100.9547,16.438,4.4,8.0,137784.0,309000.0,34.4,20.72,4962.0,66.2,5.26,5.255714285714285,4.58,4.578,4.742,-0.0019999999999999996,-0.484,2.848,0.932,6.16,7168.2,40.7,1215.6537,2484433.18,938463.58,184.148,1495.0,1596.0,,7.9,88.4,359415.0,9611.7,3.0,-62183.0,96.69594,13.185999999999998,,-0.6123,-0.9637,8849665.0,-248181.0,-96270.0,41.1,,,,
2007-03-30,205.288,209.418,85.894,85.494,200.432,200.206,3.0,2.51,2.45,14215.651,16611.69,55260.0,100.9547,16.438,4.4,8.0,137784.0,303000.0,34.4,20.72,4962.0,66.2,5.26,5.267142857142857,4.566,4.6259999999999994,4.82,0.06,-0.43200000000000005,2.818,0.93,6.16,7168.2,40.7,1215.6537,2484433.18,938463.58,184.148,1495.0,1596.0,,7.9,88.4,359415.0,9611.7,3.0,-62183.0,96.4639,14.280000000000001,,-0.6065,-0.889,8849665.0,-248181.0,-96270.0,41.1,,,,
2007-04-06,205.904,209.747,86.096,85.616,200.952,203.307,3.3,2.504,2.448,14402.082,16713.314,55474.0,101.6334,16.615,4.5,8.2,137847.0,307000.0,34.4,20.79,4689.0,65.9,5.25,5.265714285714286,4.644,4.684,4.866,0.04,-0.366,2.85,0.946,6.17,7240.7,42.5,1226.6366,2493729.77,941386.51,183.009,1490.0,1470.0,,7.4,87.1,358562.0,9643.6,3.0,-60494.0,96.28617999999999,13.615,,-0.60278,-0.8976,8867677.0,-248181.0,177674.0,41.1,,,,
2007-04-13,205.904,209.747,86.096,85.616,200.952,203.307,3.3,2.5140000000000002,2.462,14402.082,16713.314,55474.0,101.6334,16.615,4.5,8.2,137847.0,332000.0,34.4,20.79,4689.0,65.9,5.25,5.271428571428571,4.732,4.744,4.918,0.012,-0.284,2.75,0.9339999999999999,6.22,7240.7,42.5,1226.6366,2493729.77,941386.51,183.009,1490.0,1470.0,,7.4,87.1,358562.0,9643.6,3.0,-60494.0,95.99022,12.844,,-0.59914,-0.964,8867677.0,-248181.0,177674.0,41.1,,,,
2007-04-20,205.904,209.747,86.096,85.616,200.952,203.307,3.3,2.444,2.412,14402.082,16713.314,55474.0,101.6334,16.615,4.5,8.2,137847.0,327000.0,34.4,20.79,4689.0,65.9,5.25,5.2371428571428575,4.668,4.6899999999999995,4.848,0.022000000000000002,-0.31,2.708,0.9359999999999999,6.17,7240.7,42.5,1226.6366,2493729.77,941386.51,183.009,1490.0,1470.0,,7.4,87.1,358562.0,9643.6,3.0,-60494.0,95.33766,12.23,,-0.59467,-0.9484,8867677.0,-248181.0,177674.0,41.1,,,,
2007-04-27,205.904,209.747,86.096,85.616,200.952,203.307,3.3,2.452,2.432,14402.082,16713.314,55474.0,101.6334,16.615,4.5,8.2,137847.0,321000.0,34.4,20.79,4689.0,65.9,5.25,5.228571428571429,4.634,4.67,4.843999999999999,0.036,-0.298,2.662,0.93,6.16,7240.7,42.5,1226.6366,2493729.77,941386.51,183.009,1490.0,1470.0,,7.4,87.1,358562.0,9643.6,3.0,-60494.0,95.07388,12.922,,-0.58807,-0.909,8867677.0,-248181.0,177674.0,41.1,,,,
2007-05-04,206.755,210.058,86.346,85.717,201.735,208.635,3.3,2.4520000000000004,2.43,14402.082,16713.314,55474.0,101.7306,16.661,4.4,8.2,137992.0,301000.0,34.4,20.84,4657.0,66.0,5.25,5.2457142857142856,4.654,4.65,4.816,-0.003999999999999999,-0.254,2.714,0.9399999999999998,6.16,7254.6,44.1,1244.7308,2510016.06,950626.04,181.6,1415.0,1493.0,,7.8,88.3,363085.0,9685.8,2.8,-59572.0,94.96078,13.362,,-0.57925,-0.7841,8867677.0,-248181.0,-67699.0,41.1,,,,
2007-05-11,206.755,210.058,86.346,85.717,201.735,208.635,3.3,2.384,2.372,14402.082,16713.314,55474.0,101.7306,16.661,4.4,8.2,137992.0,300000.0,34.4,20.84,4657.0,66.0,5.25,5.237142857142857,4.7,4.651999999999999,4.82,-0.048,-0.22999999999999998,2.66,0.938,6.15,7254.6,44.1,1244.7308,2510016.06,950626.04,181.6,1415.0,1493.0,,7.8,88.3,363085.0,9685.8,2.8,-59572.0,94.86072,13.158000000000001,,-0.57067,-0.8329,8867677.0,-248181.0,-67699.0,41.1,,,,
2007-05-18,206.755,210.058,86.346,85.717,201.735,208.635,3.3,2.366,2.348,14402.082,16713.314,55474.0,101.7306,16.661,4.4,8.2,137992.0,297000.0,34.4,20.84,4657.0,66.0,5.25,5.261428571428572,4.7620000000000005,4.736,4.898000000000001,-0.026000000000000002,-0.08,2.564,0.9280000000000002,6.21,7254.6,44.1,1244.7308,2510016.06,950626.04,181.6,1415.0,1493.0,,7.8,88.3,363085.0,9685.8,2.8,-59572.0,94.73792,13.547999999999998,,-0.56168,-0.7794,8867677.0,-248181.0,-67699.0,41.1,,,,
2007-05-25,206.755,210.058,86.346,85.717,201.735,208.635,3.3,2.354,2.364,14402.082,16713.314,55474.0,101.7306,16.661,4.4,8.2,137992.0,310000.0,34.4,20.84,4657.0,66.0,5.25,5.247142857142857,4.837999999999999,4.840000000000001,4.988,0.002,-0.062,2.46,0.922,6.37,7254.6,44.1,1244.7308,2510016.06,950626.04,181.6,1415.0,1493.0,,7.8,88.3,363085.0,9685.8,2.8,-59572.0,94.58766,13.404,,-0.5532,-0.8569,8867677.0,-248181.0,-67699.0,41.1,,,,
2007-06-01,207.234,210.392,86.529,85.859,202.557,209.799,3.4,2.33,2.36,14402.082,16713.314,55474.0,101.7893,16.179,4.6,8.3,138070.0,310000.0,34.5,20.95,4859.0,66.0,5.25,5.274285714285715,4.915,4.9025,5.0225,-0.0125,0.085,2.4325,0.9325,6.42,7287.8,43.9,1263.9333,2519121.04,953925.09,180.253,1448.0,1407.0,,8.2,85.3,360234.0,9706.8,2.7,-59997.0,94.37034000000001,13.0475,,-0.5468,-0.7641,8867677.0,-248181.0,27481.0,41.1,,,,
2007-06-08,207.234,210.392,86.529,85.859,202.557,209.799,3.4,2.368,2.398,14402.082,16713.314,55474.0,101.7893,16.179,4.6,8.3,138070.0,313000.0,34.5,20.95,4859.0,66.0,5.25,5.235714285714286,4.994,5.022,5.118,0.028000000000000004,0.22000000000000003,2.464,0.946,6.53,7287.8,43.9,1263.9333,2519121.04,953925.09,180.253,1448.0,1407.0,,8.2,85.3,360234.0,9706.8,2.7,-59997.0,94.24616,14.738,,-0.54375,-0.6285,8867677.0,-248181.0,27481.0,41.1,,,,
2007-06-15,207.234,210.392,86.529,85.859,202.557,209.799,3.4,2.4,2.438,14402.082,16713.314,55474.0,101.7893,16.179,4.6,8.3,138070.0,313000.0,34.5,20.95,4859.0,66.0,5.25,5.264285714285714,5.064,5.198,5.286,0.134,0.534,2.504,0.9559999999999998,6.74,7287.8,43.9,1263.9333,2519121.04,953925.09,180.253,1448.0,1407.0,,8.2,85.3,360234.0,9706.8,2.7,-59997.0,94.7567,14.738,,-0.54006,-0.4806,8867677.0,-248181.0,27481.0,41.1,,,,
2007-06-22,207.234,210.392,86.529,85.859,202.557,209.799,3.4,2.38,2.4219999999999997,14402.082,16713.314,55474.0,101.7893,16.179,4.6,8.3,138070.0,320000.0,34.5,20.95,4859.0,66.0,5.25,5.247142857142856,4.964,5.136,5.246,0.172,0.446,2.612,0.9559999999999998,6.69,7287.8,43.9,1263.9333,2519121.04,953925.09,180.253,1448.0,1407.0,,8.2,85.3,360234.0,9706.8,2.7,-59997.0,94.45527999999999,14.180000000000001,,-0.53467,-0.443,8867677.0,-248181.0,27481.0,41.1,,,,
2007-06-29,207.234,210.392,86.529,85.859,202.557,209.799,3.4,2.348,2.396,14402.082,16713.314,55474.0,101.7893,16.179,4.6,8.3,138070.0,313000.0,34.5,20.95,4859.0,66.0,5.25,5.264285714285714,4.902,5.086,5.192,0.184,0.28400000000000003,2.838,0.982,6.67,7287.8,43.9,1263.9333,2519121.04,953925.09,180.253,1448.0,1407.0,,8.2,85.3,360234.0,9706.8,2.7,-59997.0,94.38408,16.568,,-0.52254,-0.3681,8867677.0,-248181.0,27481.0,41.1,,,,
2007-07-06,207.603,210.773,86.661,85.988,203.232,209.639,3.4,2.355,2.39,14564.117,16809.587,55649.0,101.6672,15.837,4.7,8.4,138044.0,317000.0,34.4,20.94,4598.0,66.0,5.26,5.268571428571428,4.9325,5.1,5.1875,0.1675,0.15,2.9683333333333333,1.0016666666666667,6.63,7318.7,42.9,1281.8644,2533667.67,958322.31,179.11,1354.0,1361.0,,8.3,90.4,361770.0,9751.1,2.6,-60246.0,93.67374,15.13,,-0.4978,-0.6676,9007653.0,-248181.0,-36447.0,41.1,,,,
2007-07-13,207.603,210.773,86.661,85.988,203.232,209.639,3.4,2.3600000000000003,2.3899999999999997,14564.117,16809.587,55649.0,101.6672,15.837,4.7,8.4,138044.0,321000.0,34.4,20.94,4598.0,66.0,5.26,5.235714285714286,4.918,5.104,5.196,0.186,0.14200000000000002,3.0700000000000003,1.014,6.73,7318.7,42.9,1281.8644,2533667.67,958322.31,179.11,1354.0,1361.0,,8.3,90.4,361770.0,9751.1,2.6,-60246.0,93.26556000000001,16.012,,-0.45318,-0.5836,9007653.0,-248181.0,-36447.0,41.1,,,,
2007-07-20,207.603,210.773,86.661,85.988,203.232,209.639,3.4,2.29,2.368,14564.117,16809.587,55649.0,101.6672,15.837,4.7,8.4,138044.0,317000.0,34.4,20.94,4598.0,66.0,5.26,5.265714285714286,4.86,5.029999999999999,5.118,0.17,0.06,3.178,1.046,6.73,7318.7,42.9,1281.8644,2533667.67,958322.31,179.11,1354.0,1361.0,,8.3,90.4,361770.0,9751.1,2.6,-60246.0,92.81318,15.88,,-0.38491,-0.578,9007653.0,-248181.0,-36447.0,41.1,,,,
2007-07-27,207.603,210.773,86.661,85.988,203.232,209.639,3.4,2.212,2.34,14564.117,16809.587,55649.0,101.6672,15.837,4.7,8.4,138044.0,310000.0,34.4,20.94,4598.0,66.0,5.26,5.265714285714286,4.686,4.884,5.0120000000000005,0.198,-0.076,3.8340000000000005,1.168,6.69,7318.7,42.9,1281.8644,2533667.67,958322.31,179.11,1354.0,1361.0,,8.3,90.4,361770.0,9751.1,2.6,-60246.0,92.9499,19.674,,-0.29124,-0.0187,9007653.0,-248181.0,-36447.0,41.1,,,,
2007-08-03,207.667,211.119,86.72,86.116,204.008,206.412,3.2,2.154,2.314,14564.117,16809.587,55649.0,101.863,16.379,4.6,8.4,138013.0,305000.0,34.4,21.0,4546.0,65.8,5.02,5.264285714285714,4.552,4.768,4.914,0.21600000000000003,-0.142,4.226000000000001,1.29,6.68,7394.8,44.9,1306.9108,2552767.07,968225.62,178.115,1330.0,1321.0,,9.2,83.4,363676.0,9798.9,2.2,-57214.0,93.3654,22.887999999999998,,-0.1794,0.1069,9007653.0,-248181.0,-116973.0,41.1,,,,
2007-08-10,207.667,211.119,86.72,86.116,204.008,206.412,3.2,2.086,2.256,14564.117,16809.587,55649.0,101.863,16.379,4.6,8.4,138013.0,314000.0,34.4,21.0,4546.0,65.8,5.02,5.194285714285714,4.523999999999999,4.786,4.973999999999999,0.262,-0.044000000000000004,4.114,1.312,6.59,7394.8,44.9,1306.9108,2552767.07,968225.62,178.115,1330.0,1321.0,,9.2,83.4,363676.0,9798.9,2.2,-57214.0,93.29792,24.146,,-0.05926,0.2293,9007653.0,-248181.0,-116973.0,41.1,,,,
2007-08-17,207.667,211.119,86.72,86.116,204.008,206.412,3.2,2.04,2.234,14564.117,16809.587,55649.0,101.863,16.379,4.6,8.4,138013.0,316000.0,34.4,21.0,4546.0,65.8,5.02,4.757142857142857,4.276,4.696,4.984,0.42000000000000004,0.46799999999999997,4.316,1.384,6.62,7394.8,44.9,1306.9108,2552767.07,968225.62,178.115,1330.0,1321.0,,9.2,83.4,363676.0,9798.9,2.2,-57214.0,94.27414,29.148000000000003,,0.05878,1.4471,9007653.0,-248181.0,-116973.0,41.1,,,,
2007-08-24,207.667,211.119,86.72,86.116,204.008,206.412,3.2,2.01,2.218,14564.117,16809.587,55649.0,101.863,16.379,4.6,8.4,138013.0,321000.0,34.4,21.0,4546.0,65.8,5.02,4.928571428571429,4.162000000000001,4.624,4.9399999999999995,0.462,0.922,4.4159999999999995,1.458,6.52,7394.8,44.9,1306.9108,2552767.07,968225.62,178.115,1330.0,1321.0,,9.2,83.4,363676.0,9798.9,2.2,-57214.0,94.05004,23.562,,0.15343,1.6734,9007653.0,-248181.0,-116973.0,41.1,,,,
2007-08-31,207.667,211.119,86.72,86.116,204.008,206.412,3.2,1.98,2.2,14564.117,16809.587,55649.0,101.863,16.379,4.6,8.4,138013.0,329000.0,34.4,21.0,4546.0,65.8,5.02,5.107142857142857,4.156000000000001,4.55,4.854,0.394,0.378,4.4399999999999995,1.458,6.45,7394.8,44.9,1306.9108,2552767.07,968225.62,178.115,1330.0,1321.0,,9.2,83.4,363676.0,9798.9,2.2,-57214.0,93.7135,24.253999999999998,,0.20536,1.1469,9007653.0,-248181.0,-116973.0,41.1,,,,
2007-09-07,208.547,211.554,87.054,86.351,205.003,210.742,3.1,1.9675,2.1925,14564.117,16809.587,55649.0,102.0894,16.532,4.7,8.4,138099.0,314000.0,34.4,21.04,4652.0,66.0,4.94,5.017142857142857,4.035,4.4825,4.7775,0.4475,0.185,4.593999999999999,1.488,6.46,7413.0,42.7,1349.608,2566995.36,975499.77,177.557,1183.0,1261.0,,9.2,83.4,365178.0,9845.1,2.3,-58158.0,93.51968,24.395,,0.2214,1.5006,9007653.0,-248181.0,112866.0,41.1,,,,
2007-09-14,208.547,211.554,87.054,86.351,205.003,210.742,3.1,2.034,2.232,14564.117,16809.587,55649.0,102.0894,16.532,4.7,8.4,138099.0,321000.0,34.4,21.04,4652.0,66.0,4.94,5.0528571428571425,3.9799999999999995,4.4159999999999995,4.6899999999999995,0.43599999999999994,0.378,4.674,1.574,6.31,7413.0,42.7,1349.608,2566995.36,975499.77,177.557,1183.0,1261.0,,9.2,83.4,365178.0,9845.1,2.3,-58158.0,92.82468,25.458000000000002,,0.1978,1.6742,9007653.0,-248181.0,112866.0,41.1,,,,
2007-09-21,208.547,211.554,87.054,86.351,205.003,210.742,3.1,2.112,2.316,14564.117,16809.587,55649.0,102.0894,16.532,4.7,8.4,138099.0,313000.0,34.4,21.04,4652.0,66.0,4.94,5.002857142857143,4.048,4.568,4.834,0.52,0.6439999999999999,4.33,1.552,6.34,7413.0,42.7,1349.608,2566995.36,975499.77,177.557,1183.0,1261.0,,9.2,83.4,365178.0,9845.1,2.3,-58158.0,92.10828000000001,21.262,,0.14124,0.8379,9007653.0,-248181.0,112866.0,41.1,,,,
2007-09-28,208.547,211.554,87.054,86.351,205.003,210.742,3.1,2.094,2.302,14564.117,16809.587,55649.0,102.0894,16.532,4.7,8.4,138099.0,302000.0,34.4,21.04,4652.0,66.0,4.94,4.781428571428571,3.9880000000000004,4.612,4.868,0.624,0.834,4.144,1.492,6.42,7413.0,42.7,1349.608,2566995.36,975499.77,177.557,1183.0,1261.0,,9.2,83.4,365178.0,9845.1,2.3,-58158.0,91.29374,18.119999999999997,,0.07612,0.9006,9007653.0,-248181.0,112866.0,41.1,,,,
2007-10-05,209.19,212.077,87.318,86.576,205.651,212.386,3.1,2.13,2.304,14715.058,16915.191,55857.0,101.8015,16.455,4.7,8.4,138175.0,317000.0,34.3,21.06,4636.0,65.8,4.76,4.721428571428571,4.0200000000000005,4.568,4.798,0.548,0.608,4.153333333333333,1.4783333333333333,6.37,7428.1,42.1,1375.0587,2582326.03,982852.85,176.623,1264.0,1192.0,,8.5,80.9,367322.0,9882.7,2.2,-57666.0,91.00128,18.096,,0.01557,0.7413,9229172.0,-160701.0,-56838.0,41.1,,,,
2007-10-12,209.19,212.077,87.318,86.576,205.651,212.386,3.1,2.1875,2.3325,14715.058,16915.191,55857.0,101.8015,16.455,4.7,8.4,138175.0,316000.0,34.3,21.06,4636.0,65.8,4.76,4.748571428571428,4.165,4.67,4.8775,0.505,0.56,3.914,1.422,6.4,7428.1,42.1,1375.0587,2582326.03,982852.85,176.623,1264.0,1192.0,,8.5,80.9,367322.0,9882.7,2.2,-57666.0,90.68178,17.372,,-0.02474,0.404,9229172.0,-160701.0,-56838.0,41.1,,,,
2007-10-19,209.19,212.077,87.318,86.576,205.651,212.386,3.1,2.212,2.338,14715.058,16915.191,55857.0,101.8015,16.455,4.7,8.4,138175.0,335000.0,34.3,21.06,4636.0,65.8,4.76,4.735714285714286,4.014,4.57,4.818,0.5559999999999999,0.534,4.07,1.418,6.4,7428.1,42.1,1375.0587,2582326.03,982852.85,176.623,1264.0,1192.0,,8.5,80.9,367322.0,9882.7,2.2,-57666.0,90.43516,19.854,,-0.03161,0.8184,9229172.0,-160701.0,-56838.0,41.1,,,,
2007-10-26,209.19,212.077,87.318,86.576,205.651,212.386,3.1,2.198,2.318,14715.058,16915.191,55857.0,101.8015,16.455,4.7,8.4,138175.0,334000.0,34.3,21.06,4636.0,65.8,4.76,4.76,3.782,4.394,4.67,0.612,0.44800000000000006,4.388,1.474,6.33,7428.1,42.1,1375.0587,2582326.03,982852.85,176.623,1264.0,1192.0,,8.5,80.9,367322.0,9882.7,2.2,-57666.0,90.14742,20.716,,-0.00103,0.8704,9229172.0,-160701.0,-56838.0,41.1,,,,
2007-11-02,210.834,212.66,87.781,86.746,206.493,223.814,3.4,2.27,2.356,14715.058,16915.191,55857.0,102.3446,16.354,4.7,8.5,138290.0,328000.0,34.4,21.12,4646.0,66.0,4.49,4.67,3.7960000000000003,4.388,4.6659999999999995,0.592,0.522,4.46,1.514,6.26,7453.6,42.6,1394.4104,2597649.3,994565.28,175.146,1197.0,1224.0,,9.4,76.1,370776.0,9955.9,1.9,-60682.0,89.18622,21.137999999999998,,0.06569,0.5856,9229172.0,-160701.0,-98238.0,41.1,,,,
2007-11-09,210.834,212.66,87.781,86.746,206.493,223.814,3.4,2.368,2.4200000000000004,14715.058,16915.191,55857.0,102.3446,16.354,4.7,8.5,138290.0,327000.0,34.4,21.12,4646.0,66.0,4.49,4.361428571428571,3.5780000000000003,4.316,4.648000000000001,0.7380000000000001,0.7939999999999999,4.808,1.658,6.24,7453.6,42.6,1394.4104,2597649.3,994565.28,175.146,1197.0,1224.0,,9.4,76.1,370776.0,9955.9,1.9,-60682.0,88.43332000000001,25.369999999999997,,0.16355,1.412,9229172.0,-160701.0,-98238.0,41.1,,,,
2007-11-16,210.834,212.66,87.781,86.746,206.493,223.814,3.4,2.3425,2.3775,14715.058,16915.191,55857.0,102.3446,16.354,4.7,8.5,138290.0,333000.0,34.4,21.12,4646.0,66.0,4.49,4.532857142857143,3.4475,4.215,4.57,0.7675,0.8125,5.15,1.752,6.24,7453.6,42.6,1394.4104,2597649.3,994565.28,175.146,1197.0,1224.0,,9.4,76.1,370776.0,9955.9,1.9,-60682.0,89.05864,26.936,,0.27429,1.4436,9229172.0,-160701.0,-98238.0,41.1,,,,
2007-11-23,210.834,212.66,87.781,86.746,206.493,223.814,3.4,2.3,2.3775,14715.058,16915.191,55857.0,102.3446,16.354,4.7,8.5,138290.0,332000.0,34.4,21.12,4646.0,66.0,4.49,4.514285714285714,3.095,4.035,4.4625,0.94,0.7925,5.772,1.8679999999999999,6.2,7453.6,42.6,1394.4104,2597649.3,994565.28,175.146,1197.0,1224.0,,9.4,76.1,370776.0,9955.9,1.9,-60682.0,89.33778,25.835,,0.38669,2.2229,9229172.0,-160701.0,-98238.0,41.1,,,,
2007-11-30,210.834,212.66,87.781,86.746,206.493,223.814,3.4,2.258,2.348,14715.058,16915.191,55857.0,102.3446,16.354,4.7,8.5,138290.0,352000.0,34.4,21.12,4646.0,66.0,4.49,4.5528571428571425,3.048,3.944,4.356,0.8960000000000001,0.8480000000000001,5.8020000000000005,1.9419999999999997,6.1,7453.6,42.6,1394.4104,2597649.3,994565.28,175.146,1197.0,1224.0,,9.4,76.1,370776.0,9955.9,1.9,-60682.0,89.3924,25.228,,0.48005,2.351,9229172.0,-160701.0,-98238.0,41.1,,,,
2007-12-07,211.445,213.168,87.984,86.92,206.874,225.649,3.4,2.156,2.2779999999999996,14715.058,16915.191,55857.0,102.3803,16.03,5.0,8.8,138395.0,344000.0,34.4,21.16,4545.0,66.0,4.24,4.507142857142857,2.9699999999999998,3.968,4.428,0.998,0.8859999999999999,5.796,2.0140000000000002,5.96,7483.9,43.5,1418.0137,2609476.53,1001625.3,174.341,1037.0,1149.0,,9.6,75.5,366569.0,9972.8,2.4,-58290.0,89.76988,22.348000000000003,,0.54302,2.1561,9229172.0,-160701.0,48261.0,41.1,,,,
2007-12-14,211.445,213.168,87.984,86.92,206.874,225.649,3.4,2.164,2.286,14715.058,16915.191,55857.0,102.3803,16.03,5.0,8.8,138395.0,332000.0,34.4,21.16,4545.0,66.0,4.24,4.341428571428572,3.1399999999999997,4.12,4.57,0.9800000000000001,1.1960000000000002,5.5920000000000005,2.036,6.11,7483.9,43.5,1418.0137,2609476.53,1001625.3,174.341,1037.0,1149.0,,9.6,75.5,366569.0,9972.8,2.4,-58290.0,89.9411,22.526,,0.56964,2.2059,9229172.0,-160701.0,48261.0,41.1,,,,
2007-12-21,211.445,213.168,87.984,86.92,206.874,225.649,3.4,2.25,2.3299999999999996,14715.058,16915.191,55857.0,102.3803,16.03,5.0,8.8,138395.0,350000.0,34.4,21.16,4545.0,66.0,4.24,4.225714285714286,3.166,4.124,4.536,0.958,1.136,5.684,2.032,6.14,7483.9,43.5,1418.0137,2609476.53,1001625.3,174.341,1037.0,1149.0,,9.6,75.5,366569.0,9972.8,2.4,-58290.0,90.50958,21.578,,0.55926,2.09,9229172.0,-160701.0,48261.0,41.1,,,,
2007-12-28,211.445,213.168,87.984,86.92,206.874,225.649,3.4,2.2975,2.3475,14715.058,16915.191,55857.0,102.3803,16.03,5.0,8.8,138395.0,355000.0,34.4,21.16,4545.0,66.0,4.24,4.14,3.2275,4.2125,4.605,0.985,0.9625,5.6525,2.03,6.17,7483.9,43.5,1418.0137,2609476.53,1001625.3,174.341,1037.0,1149.0,,9.6,75.5,366569.0,9972.8,2.4,-58290.0,89.87418,19.565,,0.51976,1.5204,9229172.0,-160701.0,48261.0,41.1,,,,
2008-01-04,212.174,213.771,88.206,87.093,208.126,226.775,3.4,2.27,2.32,14706.538,16843.003,55497.0,102.2448,15.705,5.0,9.1,138391.0,360000.0,34.4,21.19,4624.0,66.2,3.94,3.8114285714285714,2.875,3.935,4.3825,1.06,0.67,6.1375,2.0575,6.07,7517.5,44.9,1440.7731,2619427.65,1008034.46,173.131,1084.0,1094.0,,9.3,78.4,367368.0,9996.4,2.6,-61339.0,89.41784,23.025,,0.4721,1.8101,9437594.0,-160701.0,17839.0,41.1,,,,
2008-01-11,212.174,213.771,88.206,87.093,208.126,226.775,3.4,2.1719999999999997,2.266,14706.538,16843.003,55497.0,102.2448,15.705,5.0,9.1,138391.0,346000.0,34.4,21.19,4624.0,66.2,3.94,4.235714285714286,2.702,3.854,4.368,1.152,0.64,6.6,2.148,5.87,7517.5,44.9,1440.7731,2619427.65,1008034.46,173.131,1084.0,1094.0,,9.3,78.4,367368.0,9996.4,2.6,-61339.0,89.54728,24.094,,0.42736,1.3858,9437594.0,-160701.0,17839.0,41.1,,,,
2008-01-18,212.174,213.771,88.206,87.093,208.126,226.775,3.4,2.112,2.252,14706.538,16843.003,55497.0,102.2448,15.705,5.0,9.1,138391.0,322000.0,34.4,21.19,4624.0,66.2,3.94,4.222857142857143,2.484,3.718,4.3,1.234,0.632,6.851999999999999,2.198,5.69,7517.5,44.9,1440.7731,2619427.65,1008034.46,173.131,1084.0,1094.0,,9.3,78.4,367368.0,9996.4,2.6,-61339.0,89.52964,25.252,,0.4037,1.0886,9437594.0,-160701.0,17839.0,41.1,,,,
2008-01-25,212.174,213.771,88.206,87.093,208.126,226.775,3.4,1.9825,2.2375000000000003,14706.538,16843.003,55497.0,102.2448,15.705,5.0,9.1,138391.0,321000.0,34.4,21.19,4624.0,66.2,3.94,3.812857142857143,2.1625,3.58,4.275,1.4175,1.2725,7.206,2.2960000000000003,5.48,7517.5,44.9,1440.7731,2619427.65,1008034.46,173.131,1084.0,1094.0,,9.3,78.4,367368.0,9996.4,2.6,-61339.0,89.62034,29.2225,,0.41112,1.8341,9437594.0,-160701.0,17839.0,41.1,,,,
2008-02-01,212.687,213.939,88.382,87.178,208.901,229.731,3.6,2.102,2.316,14706.538,16843.003,55497.0,101.8438,15.491,4.9,9.0,138329.0,366000.0,34.4,21.27,4279.0,66.0,2.98,3.3957142857142855,2.21,3.6740000000000004,4.348000000000001,1.464,1.496,6.914,2.292,5.68,7604.0,43.8,1448.8634,2634496.42,1014944.46,171.539,1103.0,1014.0,,9.7,70.8,364126.0,9981.7,3.0,-64225.0,88.7342,26.588,,0.4409,1.1203,9437594.0,-160701.0,-175563.0,41.1,,,,
2008-02-08,212.687,213.939,88.382,87.178,208.901,229.731,3.6,1.998,2.274,14706.538,16843.003,55497.0,101.8438,15.491,4.9,9.0,138329.0,350000.0,34.4,21.27,4279.0,66.0,2.98,2.9699999999999998,1.9780000000000002,3.656,4.401999999999999,1.6780000000000002,1.464,7.0840000000000005,2.32,5.67,7604.0,43.8,1448.8634,2634496.42,1014944.46,171.539,1103.0,1014.0,,9.7,70.8,364126.0,9981.7,3.0,-64225.0,89.03963999999999,27.774,,0.5023,1.5705,9437594.0,-160701.0,-175563.0,41.1,,,,
2008-02-15,212.687,213.939,88.382,87.178,208.901,229.731,3.6,2.05,2.288,14706.538,16843.003,55497.0,101.8438,15.491,4.9,9.0,138329.0,344000.0,34.4,21.27,4279.0,66.0,2.98,2.987142857142857,1.924,3.718,4.5280000000000005,1.794,1.434,7.3340000000000005,2.376,5.72,7604.0,43.8,1448.8634,2634496.42,1014944.46,171.539,1103.0,1014.0,,9.7,70.8,364126.0,9981.7,3.0,-64225.0,89.02262,25.874000000000002,,0.58706,1.2688,9437594.0,-160701.0,-175563.0,41.1,,,,
2008-02-22,212.687,213.939,88.382,87.178,208.901,229.731,3.6,2.185,2.35,14706.538,16843.003,55497.0,101.8438,15.491,4.9,9.0,138329.0,339000.0,34.4,21.27,4279.0,66.0,2.98,2.975714285714286,2.04,3.845,4.6075,1.8050000000000002,1.6125,7.3,2.402,6.04,7604.0,43.8,1448.8634,2634496.42,1014944.46,171.539,1103.0,1014.0,,9.7,70.8,364126.0,9981.7,3.0,-64225.0,88.90888,24.7925,,0.68621,1.1218,9437594.0,-160701.0,-175563.0,41.1,,,,
2008-02-29,212.687,213.939,88.382,87.178,208.901,229.731,3.6,2.3099999999999996,2.426,14706.538,16843.003,55497.0,101.8438,15.491,4.9,9.0,138329.0,354000.0,34.4,21.27,4279.0,66.0,2.98,2.9699999999999998,1.94,3.776,4.588,1.8359999999999999,1.762,7.32,2.4560000000000004,6.24,7604.0,43.8,1448.8634,2634496.42,1014944.46,171.539,1103.0,1014.0,,9.7,70.8,364126.0,9981.7,3.0,-64225.0,87.63482,23.538,,0.78644,1.4812,9437594.0,-160701.0,-175563.0,41.1,,,,
2008-03-07,213.448,214.42,88.635,87.349,209.324,233.349,4.3,2.3440000000000003,2.516,14706.538,16843.003,55497.0,101.5336,15.114,5.1,9.1,138259.0,345000.0,34.4,21.36,4225.0,66.1,2.61,2.9857142857142853,1.596,3.6100000000000003,4.532,2.0140000000000002,2.064,7.779999999999999,2.652,6.03,7670.0,43.8,1470.5797,2645603.64,1016772.0,170.05,1005.0,967.0,,10.5,69.5,365164.0,10035.3,2.9,-60200.0,87.14259999999999,26.288,,0.87808,2.6169,9437594.0,-160701.0,-48212.0,41.1,,,,
2008-03-14,213.448,214.42,88.635,87.349,209.324,233.349,4.3,2.354,2.518,14706.538,16843.003,55497.0,101.5336,15.114,5.1,9.1,138259.0,348000.0,34.4,21.36,4225.0,66.1,2.61,2.9714285714285715,1.5879999999999999,3.5100000000000002,4.4399999999999995,1.922,2.142,8.162,2.878,6.13,7670.0,43.8,1470.5797,2645603.64,1016772.0,170.05,1005.0,967.0,,10.5,69.5,365164.0,10035.3,2.9,-60200.0,86.77374,28.282,,0.93946,2.2212,9437594.0,-160701.0,-48212.0,41.1,,,,
2008-03-21,213.448,214.42,88.635,87.349,209.324,233.349,4.3,2.1475,2.3375,14706.538,16843.003,55497.0,101.5336,15.114,5.1,9.1,138259.0,369000.0,34.4,21.36,4225.0,66.1,2.61,2.4585714285714286,1.5150000000000001,3.385,4.2575,1.87,2.5675,8.445,3.0324999999999998,5.87,7670.0,43.8,1470.5797,2645603.64,1016772.0,170.05,1005.0,967.0,,10.5,69.5,365164.0,10035.3,2.9,-60200.0,86.71534,28.622500000000002,,0.9642,2.7026,9437594.0,-160701.0,-48212.0,41.1,,,,
2008-03-28,213.448,214.42,88.635,87.349,209.324,233.349,4.3,2.17,2.304,14706.538,16843.003,55497.0,101.5336,15.114,5.1,9.1,138259.0,368000.0,34.4,21.36,4225.0,66.1,2.61,2.1885714285714286,1.748,3.522,4.3340000000000005,1.7740000000000002,2.232,7.992,2.992,5.85,7670.0,43.8,1470.5797,2645603.64,1016772.0,170.05,1005.0,967.0,,10.5,69.5,365164.0,10035.3,2.9,-60200.0,86.75814,25.824,,0.94395,1.7544,9437594.0,-160701.0,-48212.0,41.1,,,,
2008-04-04,213.942,214.56,88.799,87.4,211.127,234.778,4.8,2.2,2.336,14865.701,16943.291,55705.0,100.8785,14.605,5.0,9.2,138040.0,387000.0,34.4,21.38,4035.0,65.9,2.28,2.242857142857143,1.8079999999999998,3.5460000000000003,4.36,1.738,2.158,7.926,2.946,5.88,7712.5,45.0,1490.1961,2654243.23,1018531.96,168.332,1013.0,1008.0,,10.3,62.6,364816.0,10070.3,2.4,-63733.0,86.7515,23.476,,0.89121,1.7689,9492006.0,-160701.0,159282.0,41.1,,,,
2008-04-11,213.942,214.56,88.799,87.4,211.127,234.778,4.8,2.19,2.3099999999999996,14865.701,16943.291,55705.0,100.8785,14.605,5.0,9.2,138040.0,354000.0,34.4,21.38,4035.0,65.9,2.28,2.2657142857142856,1.8379999999999999,3.536,4.336,1.698,2.21,7.6579999999999995,2.856,5.88,7712.5,45.0,1490.1961,2654243.23,1018531.96,168.332,1013.0,1008.0,,10.3,62.6,364816.0,10070.3,2.4,-63733.0,86.58646,22.606,,0.81755,1.917,9492006.0,-160701.0,159282.0,41.1,,,,
2008-04-18,213.942,214.56,88.799,87.4,211.127,234.778,4.8,2.21,2.312,14865.701,16943.291,55705.0,100.8785,14.605,5.0,9.2,138040.0,365000.0,34.4,21.38,4035.0,65.9,2.28,2.345714285714286,1.984,3.6740000000000004,4.4719999999999995,1.69,2.498,7.4719999999999995,2.83,5.88,7712.5,45.0,1490.1961,2654243.23,1018531.96,168.332,1013.0,1008.0,,10.3,62.6,364816.0,10070.3,2.4,-63733.0,86.27176,21.526,,0.73526,1.9861,9492006.0,-160701.0,159282.0,41.1,,,,
2008-04-25,213.942,214.56,88.799,87.4,211.127,234.778,4.8,2.262,2.314,14865.701,16943.291,55705.0,100.8785,14.605,5.0,9.2,138040.0,349000.0,34.4,21.38,4035.0,65.9,2.28,2.2328571428571427,2.3020000000000005,3.808,4.5200000000000005,1.506,2.5140000000000002,7.002,2.7020000000000004,6.03,7712.5,45.0,1490.1961,2654243.23,1018531.96,168.332,1013.0,1008.0,,10.3,62.6,364816.0,10070.3,2.4,-63733.0,86.43162,20.256,,0.64969,1.7301,9492006.0,-160701.0,159282.0,41.1,,,,
2008-05-02,215.208,214.936,89.18,87.559,212.019,243.924,5.2,2.288,2.2960000000000003,14865.701,16943.291,55705.0,100.2674,14.697,5.4,9.7,137851.0,370000.0,34.4,21.47,4194.0,66.1,1.98,2.21,2.368,3.8299999999999996,4.534000000000001,1.462,2.3760000000000003,6.803999999999999,2.596,6.06,7725.2,46.9,1491.5275,2660193.15,1019636.96,166.653,973.0,995.0,,10.7,59.8,368255.0,10132.3,6.8,-62310.0,86.9786,19.546,,0.57459,1.3374,9492006.0,-160701.0,-165927.0,41.1,,,,
2008-05-09,215.208,214.936,89.18,87.559,212.019,243.924,5.2,2.302,2.366,14865.701,16943.291,55705.0,100.2674,14.697,5.4,9.7,137851.0,370000.0,34.4,21.47,4194.0,66.1,1.98,1.9271428571428568,2.322,3.8480000000000003,4.572,1.526,2.212,6.76,2.524,6.05,7725.2,46.9,1491.5275,2660193.15,1019636.96,166.653,973.0,995.0,,10.7,59.8,368255.0,10132.3,6.8,-62310.0,87.1926,19.130000000000003,,0.51992,1.1687,9492006.0,-160701.0,-165927.0,41.1,,,,
2008-05-16,215.208,214.936,89.18,87.559,212.019,243.924,5.2,2.34,2.412,14865.701,16943.291,55705.0,100.2674,14.697,5.4,9.7,137851.0,366000.0,34.4,21.47,4194.0,66.1,1.98,1.9599999999999997,2.444,3.8560000000000003,4.5840000000000005,1.412,2.038,6.726000000000001,2.506,6.01,7725.2,46.9,1491.5275,2660193.15,1019636.96,166.653,973.0,995.0,,10.7,59.8,368255.0,10132.3,6.8,-62310.0,87.10144,17.240000000000002,,0.4874,0.8624,9492006.0,-160701.0,-165927.0,41.1,,,,
2008-05-23,215.208,214.936,89.18,87.559,212.019,243.924,5.2,2.436,2.4899999999999998,14865.701,16943.291,55705.0,100.2674,14.697,5.4,9.7,137851.0,367000.0,34.4,21.47,4194.0,66.1,1.98,1.9757142857142858,2.4379999999999997,3.838,4.568,1.4,1.986,6.642,2.504,5.98,7725.2,46.9,1491.5275,2660193.15,1019636.96,166.653,973.0,995.0,,10.7,59.8,368255.0,10132.3,6.8,-62310.0,86.41184000000001,18.156,,0.4824,0.7752,9492006.0,-160701.0,-165927.0,41.1,,,,
2008-05-30,215.208,214.936,89.18,87.559,212.019,243.924,5.2,2.3975,2.465,14865.701,16943.291,55705.0,100.2674,14.697,5.4,9.7,137851.0,369000.0,34.4,21.47,4194.0,66.1,1.98,2.0385714285714287,2.625,4.025,4.71,1.4,2.1325000000000003,6.63,2.5140000000000002,6.08,7725.2,46.9,1491.5275,2660193.15,1019636.96,166.653,973.0,995.0,,10.7,59.8,368255.0,10132.3,6.8,-62310.0,86.4486,18.67,,0.50357,0.7853,9492006.0,-160701.0,-165927.0,41.1,,,,
2008-06-06,217.463,215.424,89.827,87.76,213.333,262.081,5.1,2.38,2.434,14865.701,16943.291,55705.0,100.0335,14.377,5.6,10.0,137700.0,362000.0,34.3,21.52,3830.0,66.1,2.0,1.9914285714285713,2.4699999999999998,3.976,4.684,1.506,2.128,6.68,2.4966666666666666,6.09,7743.9,45.8,1498.3048,2662409.52,1019322.07,165.013,1046.0,1180.0,,10.7,56.4,368926.0,10187.1,4.6,-60889.0,86.89349999999999,20.612000000000002,,0.54915,1.1993,9492006.0,-160701.0,33547.0,41.1,,,,
2008-06-13,217.463,215.424,89.827,87.76,213.333,262.081,5.1,2.5140000000000002,2.4899999999999998,14865.701,16943.291,55705.0,100.0335,14.377,5.6,10.0,137700.0,382000.0,34.3,21.52,3830.0,66.1,2.0,1.9971428571428569,2.91,4.146,4.723999999999999,1.236,2.174,6.49,2.49,6.32,7743.9,45.8,1498.3048,2662409.52,1019322.07,165.013,1046.0,1180.0,,10.7,56.4,368926.0,10187.1,4.6,-60889.0,87.39338000000001,22.994,,0.60309,1.0446,9492006.0,-160701.0,33547.0,41.1,,,,
2008-06-20,217.463,215.424,89.827,87.76,213.333,262.081,5.1,2.556,2.472,14865.701,16943.291,55705.0,100.0335,14.377,5.6,10.0,137700.0,378000.0,34.3,21.52,3830.0,66.1,2.0,1.9628571428571429,2.944,4.204,4.747999999999999,1.26,2.25,6.506,2.502,6.42,7743.9,45.8,1498.3048,2662409.52,1019322.07,165.013,1046.0,1180.0,,10.7,56.4,368926.0,10187.1,4.6,-60889.0,87.15474,21.753999999999998,,0.6595,1.1252,9492006.0,-160701.0,33547.0,41.1,,,,
2008-06-27,217.463,215.424,89.827,87.76,213.333,262.081,5.1,2.592,2.48,14865.701,16943.291,55705.0,100.0335,14.377,5.6,10.0,137700.0,381000.0,34.3,21.52,3830.0,66.1,2.0,1.9857142857142858,2.8,4.093999999999999,4.632,1.294,2.308,7.093999999999999,2.612,6.45,7743.9,45.8,1498.3048,2662409.52,1019322.07,165.013,1046.0,1180.0,,10.7,56.4,368926.0,10187.1,4.6,-60889.0,86.91174,22.714000000000002,,0.71159,1.6854,9492006.0,-160701.0,33547.0,41.1,,,,
2008-07-04,219.016,215.965,90.245,87.918,215.434,271.149,5.1,2.6775,2.54,14898.999,16854.295,55278.0,99.676,13.006,5.8,10.5,137497.0,392000.0,34.3,21.6,3749.0,66.1,2.01,2.05,2.6,3.995,4.53,1.395,2.1375,7.523999999999999,2.772,6.35,7791.2,46.0,1512.2658,2665321.26,1018363.9,163.563,923.0,921.0,,10.5,61.2,367594.0,10185.1,3.6,-66989.0,86.76948,24.5775,,0.74388,1.7518,10024725.0,-160701.0,-102767.0,41.1,,,,
2008-07-11,219.016,215.965,90.245,87.918,215.434,271.149,5.1,2.572,2.4699999999999998,14898.999,16854.295,55278.0,99.676,13.006,5.8,10.5,137497.0,371000.0,34.3,21.6,3749.0,66.1,2.01,1.967142857142857,2.476,3.9,4.465999999999999,1.424,2.132,7.846000000000001,2.836,6.37,7791.2,46.0,1512.2658,2665321.26,1018363.9,163.563,923.0,921.0,,10.5,61.2,367594.0,10185.1,3.6,-66989.0,86.64124000000001,25.448,,0.75279,1.711,10024725.0,-160701.0,-102767.0,41.1,,,,
2008-07-18,219.016,215.965,90.245,87.918,215.434,271.149,5.1,2.5460000000000003,2.4720000000000004,14898.999,16854.295,55278.0,99.676,13.006,5.8,10.5,137497.0,385000.0,34.3,21.6,3749.0,66.1,2.01,2.0142857142857142,2.508,3.9840000000000004,4.57,1.476,2.5460000000000003,7.884,2.948,6.26,7791.2,46.0,1512.2658,2665321.26,1018363.9,163.563,923.0,921.0,,10.5,61.2,367594.0,10185.1,3.6,-66989.0,85.98434,26.236,,0.74289,1.7884,10024725.0,-160701.0,-102767.0,41.1,,,,
2008-07-25,219.016,215.965,90.245,87.918,215.434,271.149,5.1,2.34,2.38,14898.999,16854.295,55278.0,99.676,13.006,5.8,10.5,137497.0,402000.0,34.3,21.6,3749.0,66.1,2.01,2.0142857142857142,2.7039999999999997,4.11,4.6579999999999995,1.406,2.506,7.575999999999999,2.9579999999999997,6.63,7791.2,46.0,1512.2658,2665321.26,1018363.9,163.563,923.0,921.0,,10.5,61.2,367594.0,10185.1,3.6,-66989.0,86.25314,22.378,,0.71458,1.1325,10024725.0,-160701.0,-102767.0,41.1,,,,
2008-08-01,218.69,216.393,90.172,88.026,216.528,262.566,4.8,2.196,2.346,14898.999,16854.295,55278.0,98.1111,14.119,6.1,10.8,137211.0,434000.0,34.3,21.7,3674.0,66.1,2.0,2.067142857142857,2.582,4.036,4.614,1.454,2.338,7.909999999999999,2.988,6.52,7805.8,45.8,1512.8682,2662237.78,1017430.52,161.986,844.0,858.0,,11.3,63.0,364611.0,10175.7,3.1,-62394.0,86.75663999999999,22.596,,0.68388,1.5965,10024725.0,-160701.0,-111914.0,41.1,,,,
2008-08-08,218.69,216.393,90.172,88.026,216.528,262.566,4.8,2.09,2.274,14898.999,16854.295,55278.0,98.1111,14.119,6.1,10.8,137211.0,448000.0,34.3,21.7,3674.0,66.1,2.0,2.0,2.5140000000000002,3.9880000000000004,4.6,1.474,2.288,8.120000000000001,3.004,6.52,7805.8,45.8,1512.8682,2662237.78,1017430.52,161.986,844.0,858.0,,11.3,63.0,364611.0,10175.7,3.1,-62394.0,87.75134,21.334,,0.66822,1.4595,10024725.0,-160701.0,-111914.0,41.1,,,,
2008-08-15,218.69,216.393,90.172,88.026,216.528,262.566,4.8,1.996,2.194,14898.999,16854.295,55278.0,98.1111,14.119,6.1,10.8,137211.0,430000.0,34.3,21.7,3674.0,66.1,2.0,2.0157142857142856,2.472,3.914,4.544,1.442,2.05,8.1,3.032,6.52,7805.8,45.8,1512.8682,2662237.78,1017430.52,161.986,844.0,858.0,,11.3,63.0,364611.0,10175.7,3.1,-62394.0,89.32791999999999,20.552,,0.67599,1.35,10024725.0,-160701.0,-111914.0,41.1,,,,
2008-08-22,218.69,216.393,90.172,88.026,216.528,262.566,4.8,1.948,2.18,14898.999,16854.295,55278.0,98.1111,14.119,6.1,10.8,137211.0,424000.0,34.3,21.7,3674.0,66.1,2.0,2.0028571428571427,2.334,3.8299999999999996,4.452,1.496,2.08,8.248000000000001,3.098,6.47,7805.8,45.8,1512.8682,2662237.78,1017430.52,161.986,844.0,858.0,,11.3,63.0,364611.0,10175.7,3.1,-62394.0,89.41834,20.262,,0.73178,1.6609,10024725.0,-160701.0,-111914.0,41.1,,,,
2008-08-29,218.69,216.393,90.172,88.026,216.528,262.566,4.8,1.906,2.164,14898.999,16854.295,55278.0,98.1111,14.119,6.1,10.8,137211.0,421000.0,34.3,21.7,3674.0,66.1,2.0,1.977142857142857,2.3440000000000003,3.7939999999999996,4.398000000000001,1.45,2.0780000000000003,8.309999999999999,3.152,6.4,7805.8,45.8,1512.8682,2662237.78,1017430.52,161.986,844.0,858.0,,11.3,63.0,364611.0,10175.7,3.1,-62394.0,89.70624000000001,20.259999999999998,,0.8397,1.4263,10024725.0,-160701.0,-111914.0,41.1,,,,
2008-09-05,218.877,216.713,90.247,88.116,217.768,260.125,4.3,1.6425,1.9849999999999999,14898.999,16854.295,55278.0,93.7895,12.961,6.1,11.1,136760.0,442000.0,34.2,21.73,3222.0,66.0,1.81,1.9642857142857142,2.2375,3.6875,4.305,1.45,1.99,8.453333333333333,3.1933333333333334,6.35,7872.4,102.9,1530.4048,2657389.13,1012560.94,160.306,820.0,797.0,,10.9,70.3,358991.0,10116.4,3.9,-60292.0,90.8511,22.627499999999998,,1.0071,1.7155,10024725.0,-160701.0,45734.0,41.1,,,,
2008-09-12,218.877,216.713,90.247,88.116,217.768,260.125,4.3,1.534,1.956,14898.999,16854.295,55278.0,93.7895,12.961,6.1,11.1,136760.0,441000.0,34.2,21.73,3222.0,66.0,1.81,2.005714285714286,2.232,3.6620000000000004,4.242,1.4300000000000002,2.038,8.540000000000001,3.312,5.93,7872.4,102.9,1530.4048,2657389.13,1012560.94,160.306,820.0,797.0,,10.9,70.3,358991.0,10116.4,3.9,-60292.0,91.86598000000001,24.536,,1.22793,1.863,10024725.0,-160701.0,45734.0,41.1,,,,
2008-09-19,218.877,216.713,90.247,88.116,217.768,260.125,4.3,1.1380000000000001,1.706,14898.999,16854.295,55278.0,93.7895,12.961,6.1,11.1,136760.0,449000.0,34.2,21.73,3222.0,66.0,1.81,2.18,1.85,3.536,4.156000000000001,1.686,2.914,9.404,4.148000000000001,5.78,7872.4,102.9,1530.4048,2657389.13,1012560.94,160.306,820.0,797.0,,10.9,70.3,358991.0,10116.4,3.9,-60292.0,91.72542000000001,32.678,,1.51145,4.3564,10024725.0,-160701.0,45734.0,41.1,,,,
2008-09-26,218.877,216.713,90.247,88.116,217.768,260.125,4.3,1.222,1.826,14898.999,16854.295,55278.0,93.7895,12.961,6.1,11.1,136760.0,483000.0,34.2,21.73,3222.0,66.0,1.81,1.3471428571428572,2.1079999999999997,3.842,4.4,1.734,3.002,9.678,4.294,6.09,7872.4,102.9,1530.4048,2657389.13,1012560.94,160.306,820.0,797.0,,10.9,70.3,358991.0,10116.4,3.9,-60292.0,90.3693,34.464,,1.79275,4.5399,10024725.0,-160701.0,45734.0,41.1,,,,
2008-10-03,216.995,216.788,89.651,87.991,218.667,238.065,3.9,0.95,1.526,14608.209,16485.35,53941.0,94.7219,10.933,6.5,11.8,136291.0,483000.0,34.3,21.76,3377.0,66.0,0.97,1.2385714285714287,1.748,3.7039999999999997,4.186,1.956,2.934,11.437999999999999,4.718,6.1,7974.9,314.8,1586.9164,2660729.5,1016461.34,158.326,777.0,736.0,,11.6,57.6,346137.0,10034.1,4.9,-60879.0,92.64099999999999,43.263999999999996,,2.07329,7.0394,10699805.0,-458553.0,-155533.0,41.1,,,,
2008-10-10,216.995,216.788,89.651,87.991,218.667,238.065,3.9,0.49399999999999994,1.09,14608.209,16485.35,53941.0,94.7219,10.933,6.5,11.8,136291.0,482000.0,34.3,21.76,3377.0,66.0,0.97,1.6514285714285715,1.564,3.686,4.076,2.122,3.108,13.806000000000001,5.328,5.94,7974.9,314.8,1586.9164,2660729.5,1016461.34,158.326,777.0,736.0,,11.6,57.6,346137.0,10034.1,4.9,-60879.0,96.42670000000001,59.426,,2.32481,9.1925,10699805.0,-458553.0,-155533.0,41.1,,,,
2008-10-17,216.995,216.788,89.651,87.991,218.667,238.065,3.9,0.095,1.0325,14608.209,16485.35,53941.0,94.7219,10.933,6.5,11.8,136291.0,461000.0,34.3,21.76,3377.0,66.0,0.97,0.8485714285714286,1.6775,4.0225,4.2725,2.3449999999999998,3.56,15.338,5.69,6.46,7974.9,314.8,1586.9164,2660729.5,1016461.34,158.326,777.0,736.0,,11.6,57.6,346137.0,10034.1,4.9,-60879.0,97.5042,63.462,,2.52056,8.9648,10699805.0,-458553.0,-155533.0,41.1,,,,
2008-10-24,216.995,216.788,89.651,87.991,218.667,238.065,3.9,-0.292,1.008,14608.209,16485.35,53941.0,94.7219,10.933,6.5,11.8,136291.0,478000.0,34.3,21.76,3377.0,66.0,0.97,0.7514285714285714,1.5859999999999999,3.742,4.126,2.156,2.69,16.142000000000003,5.976000000000001,6.04,7974.9,314.8,1586.9164,2660729.5,1016461.34,158.326,777.0,736.0,,11.6,57.6,346137.0,10034.1,4.9,-60879.0,100.34982,64.532,,2.66273,7.2991,10699805.0,-458553.0,-155533.0,41.1,,,,
2008-10-31,216.995,216.788,89.651,87.991,218.667,238.065,3.9,-0.968,0.858,14608.209,16485.35,53941.0,94.7219,10.933,6.5,11.8,136291.0,480000.0,34.3,21.76,3377.0,66.0,0.97,0.6242857142857143,1.594,3.9240000000000004,4.244,2.33,3.304,16.354000000000003,6.14,6.46,7974.9,314.8,1586.9164,2660729.5,1016461.34,158.326,777.0,736.0,,11.6,57.6,346137.0,10034.1,4.9,-60879.0,100.81696,67.954,,2.78395,7.0442,10699805.0,-458553.0,-155533.0,41.1,,,,
2008-11-07,213.153,216.947,88.593,87.952,219.07,195.155,2.9,-0.952,0.9359999999999999,14608.209,16485.35,53941.0,93.4715,10.526,6.8,12.7,135541.0,490000.0,34.1,21.86,3231.0,65.9,0.39,0.23285714285714287,1.362,3.816,4.220000000000001,2.4539999999999997,3.4160000000000004,16.21,5.978,6.2,8027.0,609.1,1576.3301,2651481.39,1010482.06,156.141,652.0,626.0,,11.4,55.3,332498.0,9885.2,6.0,-45132.0,98.89126,55.15,,2.87675,5.6755,10699805.0,-458553.0,-125201.0,41.1,,,,
2008-11-14,213.153,216.947,88.593,87.952,219.07,195.155,2.9,-1.0675000000000001,0.9199999999999999,14608.209,16485.35,53941.0,93.4715,10.526,6.8,12.7,135541.0,512000.0,34.1,21.86,3231.0,65.9,0.39,0.3085714285714286,1.23,3.7824999999999998,4.234999999999999,2.5525,3.5725,16.753999999999998,5.8740000000000006,6.14,8027.0,609.1,1576.3301,2651481.39,1010482.06,156.141,652.0,626.0,,11.4,55.3,332498.0,9885.2,6.0,-45132.0,100.6266,62.803999999999995,,2.95741,5.5527,10699805.0,-458553.0,-125201.0,41.1,,,,
2008-11-21,213.153,216.947,88.593,87.952,219.07,195.155,2.9,-1.534,0.386,14608.209,16485.35,53941.0,93.4715,10.526,6.8,12.7,135541.0,536000.0,34.1,21.86,3231.0,65.9,0.39,0.41000000000000003,1.1099999999999999,3.378,3.928,2.268,3.306,18.68,6.11,6.04,8027.0,609.1,1576.3301,2651481.39,1010482.06,156.141,652.0,626.0,,11.4,55.3,332498.0,9885.2,6.0,-45132.0,102.25648,72.91600000000001,,3.03407,7.3336,10699805.0,-458553.0,-125201.0,41.1,,,,
2008-11-28,213.153,216.947,88.593,87.952,219.07,195.155,2.9,-2.12,0.3,14608.209,16485.35,53941.0,93.4715,10.526,6.8,12.7,135541.0,532000.0,34.1,21.86,3231.0,65.9,0.39,0.5614285714285714,1.1375,3.095,3.6,1.9575,3.0225,19.808,6.388,5.97,8027.0,609.1,1576.3301,2651481.39,1010482.06,156.141,652.0,626.0,,11.4,55.3,332498.0,9885.2,6.0,-45132.0,101.2923,59.09,,3.06102,6.4421,10699805.0,-458553.0,-125201.0,41.1,,,,
2008-12-05,211.398,216.925,88.098,87.909,219.073,176.583,1.7,-0.09,0.45999999999999996,14608.209,16485.35,53941.0,90.8357,10.383,7.3,13.6,134847.0,529000.0,33.9,21.95,3146.0,65.8,0.16,0.3871428571428571,0.884,2.658,3.148,1.7740000000000002,2.62,20.323333333333334,6.498333333333334,5.53,8204.7,820.9,1559.194,2643788.96,1003997.04,153.617,560.0,554.0,,11.2,60.1,324767.0,9801.5,5.8,-43967.0,102.43006,63.15599999999999,,3.05424,6.4791,10699805.0,-458553.0,-51754.0,41.1,,,,
2008-12-12,211.398,216.925,88.098,87.909,219.073,176.583,1.7,-0.33999999999999997,0.254,14608.209,16485.35,53941.0,90.8357,10.383,7.3,13.6,134847.0,570000.0,33.9,21.95,3146.0,65.8,0.16,0.12714285714285714,0.8480000000000001,2.6740000000000004,3.09,1.826,2.656,20.818,6.536,5.47,8204.7,820.9,1559.194,2643788.96,1003997.04,153.617,560.0,554.0,,11.2,60.1,324767.0,9801.5,5.8,-43967.0,100.91554,56.638,,2.98967,6.0204,10699805.0,-458553.0,-51754.0,41.1,,,,
2008-12-19,211.398,216.925,88.098,87.909,219.073,176.583,1.7,-0.244,0.196,14608.209,16485.35,53941.0,90.8357,10.383,7.3,13.6,134847.0,566000.0,33.9,21.95,3146.0,65.8,0.16,0.14142857142857143,0.71,2.262,2.716,1.552,2.234,21.094,6.417999999999999,5.19,8204.7,820.9,1559.194,2643788.96,1003997.04,153.617,560.0,554.0,,11.2,60.1,324767.0,9801.5,5.8,-43967.0,97.87447999999999,50.248000000000005,,2.86551,5.5264,10699805.0,-458553.0,-51754.0,41.1,,,,
2008-12-26,211.398,216.925,88.098,87.909,219.073,176.583,1.7,-0.2975,0.14,14608.209,16485.35,53941.0,90.8357,10.383,7.3,13.6,134847.0,587000.0,33.9,21.95,3146.0,65.8,0.16,0.10714285714285714,0.89,2.1750000000000003,2.6174999999999997,1.2850000000000001,2.16,19.835,6.235,5.14,8204.7,820.9,1559.194,2643788.96,1003997.04,153.617,560.0,554.0,,11.2,60.1,324767.0,9801.5,5.8,-43967.0,98.23206,44.292500000000004,,2.70624,4.2993,10699805.0,-458553.0,-51754.0,41.1,,,,
2009-01-02,211.933,217.346,88.108,87.882,219.234,178.661,2.2,-0.2425,0.12,14430.902,16298.262,53221.0,88.57,9.786,7.8,14.1,134079.0,533000.0,34.0,21.96,2738.0,65.7,0.15,0.10428571428571429,0.7925,2.2375,2.6825,1.445,2.15,18.4225,6.095000000000001,5.1,8289.0,860.2,1544.5985,2647028.86,1007215.24,151.506,490.0,545.0,,12.2,61.2,329787.0,9847.2,5.9,-39343.0,98.39295,41.18,,2.5535,4.4408,11126941.0,-458553.0,-63457.0,40.8,,,,
2009-01-09,211.933,217.346,88.108,87.882,219.234,178.661,2.2,-0.118,0.42000000000000004,14430.902,16298.262,53221.0,88.57,9.786,7.8,14.1,134079.0,503000.0,34.0,21.96,2738.0,65.7,0.15,0.09428571428571429,0.796,2.484,3.034,1.688,2.374,16.772,5.7620000000000005,5.01,8289.0,860.2,1544.5985,2647028.86,1007215.24,151.506,490.0,545.0,,12.2,61.2,329787.0,9847.2,5.9,-39343.0,98.59862000000001,41.282,,2.40124,3.1631,11126941.0,-458553.0,-63457.0,40.8,,,,
2009-01-16,211.933,217.346,88.108,87.882,219.234,178.661,2.2,-0.072,0.526,14430.902,16298.262,53221.0,88.57,9.786,7.8,14.1,134079.0,551000.0,34.0,21.96,2738.0,65.7,0.15,0.1285714285714286,0.738,2.3,2.926,1.562,2.184,16.822,5.5840000000000005,4.96,8289.0,860.2,1544.5985,2647028.86,1007215.24,151.506,490.0,545.0,,12.2,61.2,329787.0,9847.2,5.9,-39343.0,100.57856,47.072,,2.27775,3.3486,11126941.0,-458553.0,-63457.0,40.8,,,,
2009-01-23,211.933,217.346,88.108,87.882,219.234,178.661,2.2,0.0625,0.6325,14430.902,16298.262,53221.0,88.57,9.786,7.8,14.1,134079.0,591000.0,34.0,21.96,2738.0,65.7,0.15,0.1985714285714286,0.7725,2.5575,3.1725,1.7850000000000001,2.4450000000000003,16.746000000000002,5.562,5.12,8289.0,860.2,1544.5985,2647028.86,1007215.24,151.506,490.0,545.0,,12.2,61.2,329787.0,9847.2,5.9,-39343.0,102.01783333333333,49.4075,,2.1878,3.9144,11126941.0,-458553.0,-63457.0,40.8,,,,
2009-01-30,211.933,217.346,88.108,87.882,219.234,178.661,2.2,0.236,0.9359999999999999,14430.902,16298.262,53221.0,88.57,9.786,7.8,14.1,134079.0,586000.0,34.0,21.96,2738.0,65.7,0.15,0.19714285714285712,0.9,2.748,3.4479999999999995,1.848,2.5620000000000003,16.468,5.426,5.1,8289.0,860.2,1544.5985,2647028.86,1007215.24,151.506,490.0,545.0,,12.2,61.2,329787.0,9847.2,5.9,-39343.0,101.22988000000001,43.013999999999996,,2.12819,3.6265,11126941.0,-458553.0,-63457.0,40.8,,,,
2009-02-06,212.705,217.792,88.266,87.952,218.949,183.721,1.9,0.49800000000000005,1.142,14430.902,16298.262,53221.0,88.031,9.223,8.3,15.1,133318.0,629000.0,34.0,21.98,2864.0,65.8,0.22,0.2342857142857143,0.96,2.92,3.618,1.9600000000000002,2.628,16.215,5.293333333333333,5.25,8319.3,701.0,1532.4425,2638532.74,998876.18,150.012,582.0,558.0,,10.5,56.3,328376.0,9824.5,5.4,-28778.0,101.99202,43.906,,2.09799,3.1216,11126941.0,-458553.0,-193859.0,40.8,,,,
2009-02-13,212.705,217.792,88.266,87.952,218.949,183.721,1.9,0.7060000000000001,1.226,14430.902,16298.262,53221.0,88.031,9.223,8.3,15.1,133318.0,637000.0,34.0,21.98,2864.0,65.8,0.22,0.22714285714285715,0.952,2.878,3.5660000000000003,1.9260000000000002,2.5759999999999996,16.14,5.186,5.16,8319.3,701.0,1532.4425,2638532.74,998876.18,150.012,582.0,558.0,,10.5,56.3,328376.0,9824.5,5.4,-28778.0,101.96137999999999,43.804,,2.09855,3.157,11126941.0,-458553.0,-193859.0,40.8,,,,
2009-02-20,212.705,217.792,88.266,87.952,218.949,183.721,1.9,0.535,1.1125,14430.902,16298.262,53221.0,88.031,9.223,8.3,15.1,133318.0,632000.0,34.0,21.98,2864.0,65.8,0.22,0.22142857142857145,0.9525,2.7525,3.5625,1.8,2.4524999999999997,16.468,5.286,5.04,8319.3,701.0,1532.4425,2638532.74,998876.18,150.012,582.0,558.0,,10.5,56.3,328376.0,9824.5,5.4,-28778.0,103.89775,48.375,,2.11525,3.7304,11126941.0,-458553.0,-193859.0,40.8,,,,
2009-02-27,212.705,217.792,88.266,87.952,218.949,183.721,1.9,0.58,0.99,14430.902,16298.262,53221.0,88.031,9.223,8.3,15.1,133318.0,655000.0,34.0,21.98,2864.0,65.8,0.22,0.20714285714285713,1.032,2.9059999999999997,3.596,1.874,2.618,17.162,5.532,5.07,8319.3,701.0,1532.4425,2638532.74,998876.18,150.012,582.0,558.0,,10.5,56.3,328376.0,9824.5,5.4,-28778.0,104.22855999999999,46.757999999999996,,2.13157,3.7156,11126941.0,-458553.0,-193859.0,40.8,,,,
2009-03-06,212.495,218.253,88.169,88.015,218.51,178.415,2.0,0.44000000000000006,0.8800000000000001,14430.902,16298.262,53221.0,86.6528,9.748,8.7,15.8,132494.0,652000.0,33.8,22.05,2534.0,65.6,0.18,0.21,0.916,2.902,3.6019999999999994,1.986,2.658,18.14,5.685,5.15,8386.4,778.1,1511.0127,2622827.85,984512.63,148.659,505.0,513.0,,11.0,57.3,322634.0,9773.2,5.8,-30193.0,105.72849999999998,50.128,,2.13564,4.3686,11126941.0,-458553.0,-191589.0,40.8,,,,
2009-03-13,212.495,218.253,88.169,88.015,218.51,178.415,2.0,0.43200000000000005,0.924,14430.902,16298.262,53221.0,86.6528,9.748,8.7,15.8,132494.0,660000.0,33.8,22.05,2534.0,65.6,0.18,0.18857142857142858,1.002,2.922,3.65,1.92,2.698,18.456,5.992,5.03,8386.4,778.1,1511.0127,2622827.85,984512.63,148.659,505.0,513.0,,11.0,57.3,322634.0,9773.2,5.8,-30193.0,104.99680000000001,44.239999999999995,,2.09835,3.4766,11126941.0,-458553.0,-191589.0,40.8,,,,
2009-03-20,212.495,218.253,88.169,88.015,218.51,178.415,2.0,0.608,1.192,14430.902,16298.262,53221.0,86.6528,9.748,8.7,15.8,132494.0,651000.0,33.8,22.05,2534.0,65.6,0.18,0.1757142857142857,0.9259999999999999,2.752,3.686,1.8259999999999998,2.5300000000000002,17.732,5.968,4.98,8386.4,778.1,1511.0127,2622827.85,984512.63,148.659,505.0,513.0,,11.0,57.3,322634.0,9773.2,5.8,-30193.0,102.17694,42.834,,2.02593,2.8528,11126941.0,-458553.0,-191589.0,40.8,,,,
2009-03-27,212.495,218.253,88.169,88.015,218.51,178.415,2.0,0.808,1.366,14430.902,16298.262,53221.0,86.6528,9.748,8.7,15.8,132494.0,661000.0,33.8,22.05,2534.0,65.6,0.18,0.16857142857142857,0.924,2.742,3.66,1.818,2.56,17.222,5.982,4.85,8386.4,778.1,1511.0127,2622827.85,984512.63,148.659,505.0,513.0,,11.0,57.3,322634.0,9773.2,5.8,-30193.0,101.20761999999999,41.962,,1.92084,2.7581,11126941.0,-458553.0,-191589.0,40.8,,,,
2009-04-03,212.709,218.706,88.295,88.211,218.175,177.552,2.8,0.754,1.328,14381.236,16269.145,53017.0,85.9344,9.379,9.0,15.9,131822.0,665000.0,33.8,22.1,2295.0,65.7,0.15,0.15285714285714286,0.8640000000000001,2.7600000000000002,3.588,1.8960000000000001,2.552,16.87,5.868,4.78,8391.1,881.7,1491.647,2615973.01,980666.14,147.948,478.0,521.0,,10.7,65.1,324323.0,9772.5,6.5,-30473.0,101.7533,42.739999999999995,,1.7964,2.5423,11545275.0,-458553.0,-20907.0,40.8,,,,
2009-04-10,212.709,218.706,88.295,88.211,218.175,177.552,2.8,0.8200000000000001,1.345,14381.236,16269.145,53017.0,85.9344,9.379,9.0,15.9,131822.0,653000.0,33.8,22.1,2295.0,65.7,0.15,0.1385714285714286,0.935,2.925,3.7175000000000002,1.99,2.735,16.355,5.7175,4.87,8391.1,881.7,1491.647,2615973.01,980666.14,147.948,478.0,521.0,,10.7,65.1,324323.0,9772.5,6.5,-30473.0,100.87537999999999,39.175,,1.65638,2.3276,11545275.0,-458553.0,-20907.0,40.8,,,,
2009-04-17,212.709,218.706,88.295,88.211,218.175,177.552,2.8,0.734,1.286,14381.236,16269.145,53017.0,85.9344,9.379,9.0,15.9,131822.0,599000.0,33.8,22.1,2295.0,65.7,0.15,0.14714285714285716,0.9019999999999999,2.868,3.7,1.966,2.714,15.648,5.465999999999999,4.82,8391.1,881.7,1491.647,2615973.01,980666.14,147.948,478.0,521.0,,10.7,65.1,324323.0,9772.5,6.5,-30473.0,100.16398,36.275999999999996,,1.51459,2.1395,11545275.0,-458553.0,-20907.0,40.8,,,,
2009-04-24,212.709,218.706,88.295,88.211,218.175,177.552,2.8,0.648,1.348,14381.236,16269.145,53017.0,85.9344,9.379,9.0,15.9,131822.0,639000.0,33.8,22.1,2295.0,65.7,0.15,0.14714285714285716,0.97,2.9579999999999997,3.7880000000000003,1.988,2.832,15.166,5.226000000000001,4.8,8391.1,881.7,1491.647,2615973.01,980666.14,147.948,478.0,521.0,,10.7,65.1,324323.0,9772.5,6.5,-30473.0,100.9545,37.678,,1.37554,2.4092,11545275.0,-458553.0,-20907.0,40.8,,,,
2009-05-01,213.022,218.904,88.387,88.279,217.813,179.83,2.8,0.808,1.478,14381.236,16269.145,53017.0,85.0665,10.176,9.4,16.5,131466.0,620000.0,33.8,22.12,2549.0,65.7,0.18,0.17857142857142858,0.924,3.098,3.992,2.1740000000000004,2.964,14.190000000000001,4.9879999999999995,4.78,8449.2,902.8,1469.7132,2610010.78,966760.34,147.694,540.0,556.0,,9.3,68.7,327011.0,9791.6,7.8,-25839.0,100.43022,36.83,,1.24053,1.9272,11545275.0,-458553.0,-189651.0,40.8,,,,
2009-05-08,213.022,218.904,88.387,88.279,217.813,179.83,2.8,0.9440000000000002,1.472,14381.236,16269.145,53017.0,85.0665,10.176,9.4,16.5,131466.0,602000.0,33.8,22.12,2549.0,65.7,0.18,0.1985714285714286,0.976,3.2299999999999995,4.148,2.254,3.0420000000000003,12.84,4.62,4.84,8449.2,902.8,1469.7132,2610010.78,966760.34,147.694,540.0,556.0,,9.3,68.7,327011.0,9791.6,7.8,-25839.0,98.71404,33.166,,1.11667,1.149,11545275.0,-458553.0,-189651.0,40.8,,,,
2009-05-15,213.022,218.904,88.387,88.279,217.813,179.83,2.8,0.982,1.458,14381.236,16269.145,53017.0,85.0665,10.176,9.4,16.5,131466.0,625000.0,33.8,22.12,2549.0,65.7,0.18,0.16571428571428573,0.892,3.138,4.116,2.246,2.962,12.778,4.426,4.86,8449.2,902.8,1469.7132,2610010.78,966760.34,147.694,540.0,556.0,,9.3,68.7,327011.0,9791.6,7.8,-25839.0,97.96698,32.562,,1.01525,1.6959,11545275.0,-458553.0,-189651.0,40.8,,,,
2009-05-22,213.022,218.904,88.387,88.279,217.813,179.83,2.8,1.106,1.64,14381.236,16269.145,53017.0,85.0665,10.176,9.4,16.5,131466.0,620000.0,33.8,22.12,2549.0,65.7,0.18,0.16142857142857145,0.9040000000000001,3.2920000000000003,4.242,2.388,3.1079999999999997,12.478,4.298,4.82,8449.2,902.8,1469.7132,2610010.78,966760.34,147.694,540.0,556.0,,9.3,68.7,327011.0,9791.6,7.8,-25839.0,96.85546,30.410000000000004,,0.93122,1.2693,11545275.0,-458553.0,-189651.0,40.8,,,,
2009-05-29,213.022,218.904,88.387,88.279,217.813,179.83,2.8,1.3275000000000001,1.815,14381.236,16269.145,53017.0,85.0665,10.176,9.4,16.5,131466.0,606000.0,33.8,22.12,2549.0,65.7,0.18,0.1742857142857143,0.9525,3.5875,4.48,2.635,3.4275,11.922,4.086,4.91,8449.2,902.8,1469.7132,2610010.78,966760.34,147.694,540.0,556.0,,9.3,68.7,327011.0,9791.6,7.8,-25839.0,95.837375,30.892500000000002,,0.87194,1.0931,11545275.0,-458553.0,-189651.0,40.8,,,,
2009-06-05,214.79,219.112,88.912,88.392,217.813,197.033,3.1,1.576,1.92,14381.236,16269.145,53017.0,84.7459,10.149,9.5,16.5,131008.0,607000.0,33.7,22.14,2503.0,65.7,0.21,0.20142857142857143,1.024,3.696,4.542,2.6719999999999997,3.5460000000000003,11.188333333333333,3.7066666666666666,5.29,8459.3,809.7,1436.3434,2591475.41,963147.09,148.088,585.0,601.0,,8.5,70.8,332227.0,9852.4,6.1,-27152.0,95.17496,30.098000000000003,,0.82481,0.9771,11545275.0,-458553.0,-94332.0,40.8,,,,
2009-06-12,214.79,219.112,88.912,88.392,217.813,197.033,3.1,1.752,1.982,14381.236,16269.145,53017.0,84.7459,10.149,9.5,16.5,131008.0,596000.0,33.7,22.14,2503.0,65.7,0.21,0.19,1.356,3.8880000000000003,4.678,2.532,3.7,10.49,3.4479999999999995,5.59,8459.3,809.7,1436.3434,2591475.41,963147.09,148.088,585.0,601.0,,8.5,70.8,332227.0,9852.4,6.1,-27152.0,96.0143,28.552,,0.78915,0.7488,11545275.0,-458553.0,-94332.0,40.8,,,,
2009-06-19,214.79,219.112,88.912,88.392,217.813,197.033,3.1,1.526,1.828,14381.236,16269.145,53017.0,84.7459,10.149,9.5,16.5,131008.0,595000.0,33.7,22.14,2503.0,65.7,0.21,0.21714285714285714,1.242,3.752,4.548,2.5100000000000002,3.5759999999999996,10.620000000000001,3.344,5.38,8459.3,809.7,1436.3434,2591475.41,963147.09,148.088,585.0,601.0,,8.5,70.8,332227.0,9852.4,6.1,-27152.0,96.36684,30.610000000000003,,0.75895,1.4151,11545275.0,-458553.0,-94332.0,40.8,,,,
2009-06-26,214.79,219.112,88.912,88.392,217.813,197.033,3.1,1.35,1.766,14381.236,16269.145,53017.0,84.7459,10.149,9.5,16.5,131008.0,608000.0,33.7,22.14,2503.0,65.7,0.21,0.22285714285714286,1.144,3.632,4.378,2.488,3.438,11.03,3.318,5.42,8459.3,809.7,1436.3434,2591475.41,963147.09,148.088,585.0,601.0,,8.5,70.8,332227.0,9852.4,6.1,-27152.0,96.5078,28.618000000000002,,0.72219,1.4848,11545275.0,-458553.0,-94332.0,40.8,,,,
2009-07-03,214.726,219.263,88.922,88.468,217.387,195.778,2.9,1.2925,1.6975,14448.882,16326.281,53081.0,85.7027,11.566,9.5,16.4,130662.0,594000.0,33.8,22.18,2232.0,65.5,0.16,0.18285714285714286,1.0625,3.525,4.3225,2.4625,3.3425,10.628,3.31,5.32,8463.5,796.5,1395.4735,2590854.98,960217.34,148.407,594.0,595.0,,7.9,66.0,333670.0,9886.3,5.4,-33307.0,96.14945,26.4675,,0.67683,1.0116,11909828.0,-458553.0,-180680.0,40.8,,,,
2009-07-10,214.726,219.263,88.922,88.468,217.387,195.778,2.9,1.1440000000000001,1.544,14448.882,16326.281,53081.0,85.7027,11.566,9.5,16.4,130662.0,573000.0,33.8,22.18,2232.0,65.5,0.16,0.16285714285714284,0.9400000000000001,3.4159999999999995,4.268,2.476,3.2299999999999995,10.751999999999999,3.304,5.2,8463.5,796.5,1395.4735,2590854.98,960217.34,148.407,594.0,595.0,,7.9,66.0,333670.0,9886.3,5.4,-33307.0,96.79474,29.99,,0.6218,1.2756,11909828.0,-458553.0,-180680.0,40.8,,,,
2009-07-17,214.726,219.263,88.922,88.468,217.387,195.778,2.9,1.226,1.714,14448.882,16326.281,53081.0,85.7027,11.566,9.5,16.4,130662.0,546000.0,33.8,22.18,2232.0,65.5,0.16,0.14285714285714285,0.9879999999999999,3.554,4.418,2.566,3.374,10.636,3.22,5.14,8463.5,796.5,1395.4735,2590854.98,960217.34,148.407,594.0,595.0,,7.9,66.0,333670.0,9886.3,5.4,-33307.0,96.1575,25.396,,0.55525,0.7987,11909828.0,-458553.0,-180680.0,40.8,,,,
2009-07-24,214.726,219.263,88.922,88.468,217.387,195.778,2.9,1.378,1.862,14448.882,16326.281,53081.0,85.7027,11.566,9.5,16.4,130662.0,560000.0,33.8,22.18,2232.0,65.5,0.16,0.14714285714285716,1.012,3.622,4.486,2.6100000000000003,3.434,10.104,3.0460000000000003,5.2,8463.5,796.5,1395.4735,2590854.98,960217.34,148.407,594.0,595.0,,7.9,66.0,333670.0,9886.3,5.4,-33307.0,94.84984,23.651999999999997,,0.48393,0.5661,11909828.0,-458553.0,-180680.0,40.8,,,,
2009-07-31,214.726,219.263,88.922,88.468,217.387,195.778,2.9,1.378,1.862,14448.882,16326.281,53081.0,85.7027,11.566,9.5,16.4,130662.0,587000.0,33.8,22.18,2232.0,65.5,0.16,0.16142857142857142,1.138,3.6700000000000004,4.486,2.532,3.4840000000000004,9.442,2.846,5.25,8463.5,796.5,1395.4735,2590854.98,960217.34,148.407,594.0,595.0,,7.9,66.0,333670.0,9886.3,5.4,-33307.0,94.70844,25.244,,0.41541,0.2921,11909828.0,-458553.0,-180680.0,40.8,,,,
2009-08-07,215.445,219.496,89.18,88.599,217.376,201.583,2.8,1.422,1.9299999999999997,14448.882,16326.281,53081.0,86.6426,14.754,9.6,16.7,130472.0,555000.0,33.8,22.23,2338.0,65.4,0.16,0.1742857142857143,1.23,3.768,4.516,2.538,3.586,8.788,2.614,5.22,8463.0,828.7,1362.9194,2582126.01,952045.04,148.275,586.0,616.0,,7.5,65.7,339586.0,10004.1,4.4,-31674.0,93.9102,25.156,,0.35563,-0.0439,11909828.0,-458553.0,-103555.0,40.8,,,,
2009-08-14,215.445,219.496,89.18,88.599,217.376,201.583,2.8,1.298,1.85,14448.882,16326.281,53081.0,86.6426,14.754,9.6,16.7,130472.0,555000.0,33.8,22.23,2338.0,65.4,0.16,0.16,1.1640000000000001,3.6740000000000004,4.468,2.5100000000000002,3.496,8.77,2.532,5.29,8463.0,828.7,1362.9194,2582126.01,952045.04,148.275,586.0,616.0,,7.5,65.7,339586.0,10004.1,4.4,-31674.0,94.54602,25.082,,0.30674,0.6364,11909828.0,-458553.0,-103555.0,40.8,,,,
2009-08-21,215.445,219.496,89.18,88.599,217.376,201.583,2.8,1.22,1.7719999999999998,14448.882,16326.281,53081.0,86.6426,14.754,9.6,16.7,130472.0,562000.0,33.8,22.23,2338.0,65.4,0.16,0.16285714285714287,1.0539999999999998,3.4840000000000004,4.312,2.43,3.31,9.202,2.592,5.12,8463.0,828.7,1362.9194,2582126.01,952045.04,148.275,586.0,616.0,,7.5,65.7,339586.0,10004.1,4.4,-31674.0,94.59642,26.086000000000002,,0.26624,0.83,11909828.0,-458553.0,-103555.0,40.8,,,,
2009-08-28,215.445,219.496,89.18,88.599,217.376,201.583,2.8,1.218,1.736,14448.882,16326.281,53081.0,86.6426,14.754,9.6,16.7,130472.0,560000.0,33.8,22.23,2338.0,65.4,0.16,0.15142857142857144,1.042,3.46,4.226,2.418,3.3019999999999996,9.096,2.542,5.14,8463.0,828.7,1362.9194,2582126.01,952045.04,148.275,586.0,616.0,,7.5,65.7,339586.0,10004.1,4.4,-31674.0,94.3901,24.89,,0.22964,0.3851,11909828.0,-458553.0,-103555.0,40.8,,,,
2009-09-04,215.861,219.92,89.324,88.755,217.258,202.777,2.2,1.1380000000000001,1.65,14448.882,16326.281,53081.0,87.4063,9.535,9.8,16.7,130246.0,564000.0,33.9,22.27,2487.0,65.1,0.15,0.14857142857142858,0.9259999999999999,3.37,4.176,2.444,3.226,9.162,2.536,5.08,8461.6,922.6,1337.3367,2576594.39,947923.26,148.022,585.0,609.0,,7.8,73.5,330998.0,9927.8,5.5,-35247.0,94.90758000000001,27.284000000000002,,0.19746,0.5727,11909828.0,-458553.0,-45207.0,40.8,,,,
2009-09-11,215.861,219.92,89.324,88.755,217.258,202.777,2.2,1.34,1.7875,14448.882,16326.281,53081.0,87.4063,9.535,9.8,16.7,130246.0,558000.0,33.9,22.27,2487.0,65.1,0.15,0.15142857142857144,0.915,3.4125,4.2524999999999995,2.4975,3.2725,8.964,2.4899999999999998,5.07,8461.6,922.6,1337.3367,2576594.39,947923.26,148.022,585.0,609.0,,7.8,73.5,330998.0,9927.8,5.5,-35247.0,93.61025000000001,24.41,,0.16446,0.2095,11909828.0,-458553.0,-45207.0,40.8,,,,
2009-09-18,215.861,219.92,89.324,88.755,217.258,202.777,2.2,1.458,1.814,14448.882,16326.281,53081.0,87.4063,9.535,9.8,16.7,130246.0,542000.0,33.9,22.27,2487.0,65.1,0.15,0.16,0.984,3.4560000000000004,4.236,2.472,3.346,8.216,2.37,5.04,8461.6,922.6,1337.3367,2576594.39,947923.26,148.022,585.0,609.0,,7.8,73.5,330998.0,9927.8,5.5,-35247.0,93.18430000000001,23.708000000000002,,0.13167,-0.1024,11909828.0,-458553.0,-45207.0,40.8,,,,
2009-09-25,215.861,219.92,89.324,88.755,217.258,202.777,2.2,1.386,1.784,14448.882,16326.281,53081.0,87.4063,9.535,9.8,16.7,130246.0,536000.0,33.9,22.27,2487.0,65.1,0.15,0.14857142857142858,0.982,3.4259999999999997,4.182,2.444,3.3200000000000003,7.914,2.31,5.04,8461.6,922.6,1337.3367,2576594.39,947923.26,148.022,585.0,609.0,,7.8,73.5,330998.0,9927.8,5.5,-35247.0,93.24488,24.238,,0.10283,0.0497,11909828.0,-458553.0,-45207.0,40.8,,,,
2009-10-02,216.509,220.501,89.663,89.082,217.452,204.719,2.9,1.344,1.7239999999999998,14651.249,16502.754,53531.0,87.6419,10.576,10.0,17.1,130061.0,554000.0,33.8,22.31,2406.0,65.0,0.12,0.11571428571428573,0.9359999999999999,3.276,4.016,2.34,3.16,8.02,2.354,4.94,8487.9,1056.7,1308.1789,2563422.73,940392.11,147.847,534.0,583.0,,7.4,70.6,334595.0,9976.7,5.1,-34959.0,93.54206,26.526,,0.08067,0.2969,12311349.0,-1412688.0,-176363.0,40.8,,,,
2009-10-09,216.509,220.501,89.663,89.082,217.452,204.719,2.9,1.3780000000000001,1.77,14651.249,16502.754,53531.0,87.6419,10.576,10.0,17.1,130061.0,533000.0,33.8,22.31,2406.0,65.0,0.12,0.12571428571428572,0.908,3.278,4.076,2.37,3.2020000000000004,8.036,2.35,4.87,8487.9,1056.7,1308.1789,2563422.73,940392.11,147.847,534.0,583.0,,7.4,70.6,334595.0,9976.7,5.1,-34959.0,92.65088,24.904,,0.05996,0.168,12311349.0,-1412688.0,-176363.0,40.8,,,,
2009-10-16,216.509,220.501,89.663,89.082,217.452,204.719,2.9,1.5275,1.9475,14651.249,16502.754,53531.0,87.6419,10.576,10.0,17.1,130061.0,511000.0,33.8,22.31,2406.0,65.0,0.12,0.12142857142857143,0.9525,3.4275,4.2475000000000005,2.475,3.3575,7.790000000000001,2.3120000000000003,4.92,8487.9,1056.7,1308.1789,2563422.73,940392.11,147.847,534.0,583.0,,7.4,70.6,334595.0,9976.7,5.1,-34959.0,91.6057,22.401999999999997,,0.04303,0.0217,12311349.0,-1412688.0,-176363.0,40.8,,,,
2009-10-23,216.509,220.501,89.663,89.082,217.452,204.719,2.9,1.564,1.9899999999999998,14651.249,16502.754,53531.0,87.6419,10.576,10.0,17.1,130061.0,531000.0,33.8,22.31,2406.0,65.0,0.12,0.1157142857142857,0.99,3.4259999999999997,4.224,2.436,3.354,7.5760000000000005,2.246,5.0,8487.9,1056.7,1308.1789,2563422.73,940392.11,147.847,534.0,583.0,,7.4,70.6,334595.0,9976.7,5.1,-34959.0,91.59254,21.514,,0.02981,0.0945,12311349.0,-1412688.0,-176363.0,40.8,,,,
2009-10-30,216.509,220.501,89.663,89.082,217.452,204.719,2.9,1.6060000000000003,1.998,14651.249,16502.754,53531.0,87.6419,10.576,10.0,17.1,130061.0,530000.0,33.8,22.31,2406.0,65.0,0.12,0.11,0.976,3.492,4.298,2.516,3.4240000000000004,7.525999999999999,2.182,5.03,8487.9,1056.7,1308.1789,2563422.73,940392.11,147.847,534.0,583.0,,7.4,70.6,334595.0,9976.7,5.1,-34959.0,92.50800000000001,26.5,,0.02187,0.3216,12311349.0,-1412688.0,-176363.0,40.8,,,,
2009-11-06,217.234,220.666,89.887,89.16,217.581,210.932,2.7,1.674,2.1079999999999997,14651.249,16502.754,53531.0,88.0221,11.041,9.9,17.1,130057.0,522000.0,33.9,22.34,2503.0,65.0,0.12,0.12,0.9019999999999999,3.526,4.364,2.624,3.472,7.586666666666666,2.185,4.98,8517.0,1141.6,1290.6774,2551569.29,924820.91,148.133,588.0,623.0,,7.6,67.4,337321.0,9985.7,5.5,-38381.0,92.49096,27.186,,0.01294,0.3124,12311349.0,-1412688.0,-120287.0,40.8,,,,
2009-11-13,217.234,220.666,89.887,89.16,217.581,210.932,2.7,1.7575,2.1625,14651.249,16502.754,53531.0,88.0221,11.041,9.9,17.1,130057.0,512000.0,33.9,22.34,2503.0,65.0,0.12,0.12285714285714286,0.84,3.475,4.3950000000000005,2.635,3.4075,7.534000000000001,2.162,4.91,8517.0,1141.6,1290.6774,2551569.29,924820.91,148.133,588.0,623.0,,7.6,67.4,337321.0,9985.7,5.5,-38381.0,91.718375,23.326,,0.00111,-0.0677,12311349.0,-1412688.0,-120287.0,40.8,,,,
2009-11-20,217.234,220.666,89.887,89.16,217.581,210.932,2.7,1.77,2.138,14651.249,16502.754,53531.0,88.0221,11.041,9.9,17.1,130057.0,507000.0,33.9,22.34,2503.0,65.0,0.12,0.1157142857142857,0.762,3.346,4.279999999999999,2.584,3.304,7.540000000000001,2.15,4.83,8517.0,1141.6,1290.6774,2551569.29,924820.91,148.133,588.0,623.0,,7.6,67.4,337321.0,9985.7,5.5,-38381.0,91.59164000000001,22.35,,-0.01278,0.0686,12311349.0,-1412688.0,-120287.0,40.8,,,,
2009-11-27,217.234,220.666,89.887,89.16,217.581,210.932,2.7,1.795,2.115,14651.249,16502.754,53531.0,88.0221,11.041,9.9,17.1,130057.0,482000.0,33.9,22.34,2503.0,65.0,0.12,0.1142857142857143,0.7275,3.295,4.245,2.5675,3.25,7.572,2.164,4.78,8517.0,1141.6,1290.6774,2551569.29,924820.91,148.133,588.0,623.0,,7.6,67.4,337321.0,9985.7,5.5,-38381.0,91.3836,21.740000000000002,,-0.03124,0.0572,12311349.0,-1412688.0,-120287.0,40.8,,,,
2009-12-04,217.347,220.881,89.939,89.236,217.904,209.915,2.5,1.8,2.13,14651.249,16502.754,53531.0,88.3793,11.284,9.9,17.2,129808.0,475000.0,33.9,22.37,2568.0,64.6,0.12,0.12571428571428572,0.728,3.336,4.29,2.6079999999999997,3.278,7.4719999999999995,2.186,4.71,8512.2,1140.4,1265.5793,2555016.64,916076.63,147.93,581.0,664.0,,8.0,72.5,338736.0,10052.6,5.4,-39426.0,91.07808,22.252000000000002,,-0.05568,-0.0364,12311349.0,-1412688.0,-91410.0,40.8,,,,
2009-12-11,217.347,220.881,89.939,89.236,217.904,209.915,2.5,1.7579999999999998,2.1079999999999997,14651.249,16502.754,53531.0,88.3793,11.284,9.9,17.2,129808.0,497000.0,33.9,22.37,2568.0,64.6,0.12,0.12,0.776,3.4659999999999997,4.438000000000001,2.69,3.436,7.220000000000001,2.112,4.81,8512.2,1140.4,1265.5793,2555016.64,916076.63,147.93,581.0,664.0,,8.0,72.5,338736.0,10052.6,5.4,-39426.0,91.96172,22.472,,-0.08637,-0.0976,12311349.0,-1412688.0,-91410.0,40.8,,,,
2009-12-18,217.347,220.881,89.939,89.236,217.904,209.915,2.5,1.8939999999999997,2.23,14651.249,16502.754,53531.0,88.3793,11.284,9.9,17.2,129808.0,498000.0,33.9,22.37,2568.0,64.6,0.12,0.12571428571428572,0.8379999999999999,3.564,4.482,2.726,3.5200000000000005,6.88,2.0140000000000002,4.94,8512.2,1140.4,1265.5793,2555016.64,916076.63,147.93,581.0,664.0,,8.0,72.5,338736.0,10052.6,5.4,-39426.0,92.58636,21.474,,-0.11879,-0.2342,12311349.0,-1412688.0,-91410.0,40.8,,,,
2009-12-25,217.347,220.881,89.939,89.236,217.904,209.915,2.5,2.0149999999999997,2.315,14651.249,16502.754,53531.0,88.3793,11.284,9.9,17.2,129808.0,479000.0,33.9,22.37,2568.0,64.6,0.12,0.1157142857142857,0.95,3.76,4.6125,2.81,3.69,6.6274999999999995,1.96,5.05,8512.2,1140.4,1265.5793,2555016.64,916076.63,147.93,581.0,664.0,,8.0,72.5,338736.0,10052.6,5.4,-39426.0,93.02973333333334,19.8025,,-0.14942,-0.3405,12311349.0,-1412688.0,-91410.0,40.8,,,,
2010-01-01,217.488,220.633,90.136,89.368,218.489,212.807,2.8,2.105,2.36,14764.61,16582.71,53683.0,89.3426,10.893,9.8,16.6,129802.0,468000.0,34.0,22.4,2837.0,64.8,0.11,0.09571428571428572,1.1,3.83,4.6425,2.73,3.75,6.47,1.91,5.14,8477.7,1112.4,1238.5212,2543508.02,909531.16,147.396,614.0,636.0,,8.1,74.4,339093.0,10056.1,5.6,-37744.0,92.895675,20.395,,-0.17439,-0.301,12773123.0,-1412688.0,-42634.0,40.2,,,,
2010-01-08,217.488,220.633,90.136,89.368,218.489,212.807,2.8,2.156,2.384,14764.61,16582.71,53683.0,89.3426,10.893,9.8,16.6,129802.0,456000.0,34.0,22.4,2837.0,64.8,0.11,0.09571428571428572,1.02,3.8299999999999996,4.666,2.8099999999999996,3.768,6.172,1.83,5.09,8477.7,1112.4,1238.5212,2543508.02,909531.16,147.396,614.0,636.0,,8.1,74.4,339093.0,10056.1,5.6,-37744.0,92.23823999999999,19.148,,-0.19459,-0.4756,12773123.0,-1412688.0,-42634.0,40.2,,,,
2010-01-15,217.488,220.633,90.136,89.368,218.489,212.807,2.8,2.124,2.372,14764.61,16582.71,53683.0,89.3426,10.893,9.8,16.6,129802.0,469000.0,34.0,22.4,2837.0,64.8,0.11,0.11142857142857143,0.9339999999999999,3.7700000000000005,4.656000000000001,2.836,3.718,6.046,1.762,5.06,8477.7,1112.4,1238.5212,2543508.02,909531.16,147.396,614.0,636.0,,8.1,74.4,339093.0,10056.1,5.6,-37744.0,91.67612,17.838,,-0.20407,-0.437,12773123.0,-1412688.0,-42634.0,40.2,,,,
2010-01-22,217.488,220.633,90.136,89.368,218.489,212.807,2.8,2.0275,2.3475,14764.61,16582.71,53683.0,89.3426,10.893,9.8,16.6,129802.0,507000.0,34.0,22.4,2837.0,64.8,0.11,0.12142857142857143,0.89,3.6625,4.535,2.7725,3.605,6.194,1.784,4.99,8477.7,1112.4,1238.5212,2543508.02,909531.16,147.396,614.0,636.0,,8.1,74.4,339093.0,10056.1,5.6,-37744.0,92.56085,21.46,,-0.20286,-0.154,12773123.0,-1412688.0,-42634.0,40.2,,,,
2010-01-29,217.488,220.633,90.136,89.368,218.489,212.807,2.8,1.95,2.3280000000000003,14764.61,16582.71,53683.0,89.3426,10.893,9.8,16.6,129802.0,471000.0,34.0,22.4,2837.0,64.8,0.11,0.11714285714285713,0.8640000000000001,3.656,4.548,2.792,3.582,6.428,1.8240000000000003,4.98,8477.7,1112.4,1238.5212,2543508.02,909531.16,147.396,614.0,636.0,,8.1,74.4,339093.0,10056.1,5.6,-37744.0,93.3101,24.29,,-0.19873,-0.0257,12773123.0,-1412688.0,-42634.0,40.2,,,,
2010-02-05,217.281,220.731,90.134,89.446,218.552,209.624,2.7,1.988,2.37,14764.61,16582.71,53683.0,89.6779,10.315,9.8,17.0,129706.0,496000.0,33.8,22.46,2666.0,64.9,0.13,0.13142857142857142,0.834,3.658,4.554,2.824,3.56,6.579999999999999,1.8366666666666667,5.01,8527.3,1225.5,1223.367,2530024.28,902330.23,145.634,604.0,650.0,,8.3,73.6,339580.0,10093.4,5.3,-41504.0,93.90688,23.572,,-0.1951,-0.1522,12773123.0,-1412688.0,-220909.0,40.2,,,,
2010-02-12,217.281,220.731,90.134,89.446,218.552,209.624,2.7,1.948,2.268,14764.61,16582.71,53683.0,89.6779,10.315,9.8,17.0,129706.0,466000.0,33.8,22.46,2666.0,64.9,0.13,0.12571428571428572,0.858,3.686,4.62,2.8280000000000003,3.5740000000000003,6.934,1.902,4.97,8527.3,1225.5,1223.367,2530024.28,902330.23,145.634,604.0,650.0,,8.3,73.6,339580.0,10093.4,5.3,-41504.0,93.9976,24.919999999999998,,-0.19837,0.0082,12773123.0,-1412688.0,-220909.0,40.2,,,,
2010-02-19,217.281,220.731,90.134,89.446,218.552,209.624,2.7,1.9875,2.2725,14764.61,16582.71,53683.0,89.6779,10.315,9.8,17.0,129706.0,489000.0,33.8,22.46,2666.0,64.9,0.13,0.12285714285714286,0.885,3.7425,4.695,2.8575,3.64,6.808,1.89,4.93,8527.3,1225.5,1223.367,2530024.28,902330.23,145.634,604.0,650.0,,8.3,73.6,339580.0,10093.4,5.3,-41504.0,93.7578,21.155,,-0.21539,-0.3353,12773123.0,-1412688.0,-220909.0,40.2,,,,
2010-02-26,217.281,220.731,90.134,89.446,218.552,209.624,2.7,1.876,2.178,14764.61,16582.71,53683.0,89.6779,10.315,9.8,17.0,129706.0,500000.0,33.8,22.46,2666.0,64.9,0.13,0.12285714285714286,0.8560000000000001,3.688,4.6240000000000006,2.832,3.566,6.598000000000001,1.844,5.05,8527.3,1225.5,1223.367,2530024.28,902330.23,145.634,604.0,650.0,,8.3,73.6,339580.0,10093.4,5.3,-41504.0,93.9474,20.236,,-0.244,-0.3451,12773123.0,-1412688.0,-220909.0,40.2,,,,
2010-03-05,217.353,220.783,90.261,89.579,218.99,209.326,2.7,1.846,2.1719999999999997,14764.61,16582.71,53683.0,90.2928,11.772,9.9,17.1,129866.0,488000.0,34.0,22.46,2679.0,64.9,0.16,0.1457142857142857,0.8380000000000001,3.632,4.582,2.7939999999999996,3.492,6.558333333333334,1.8333333333333333,4.97,8523.5,1184.5,1209.7429,2536551.95,897879.61,145.858,636.0,687.0,,7.1,73.6,346974.0,10156.0,5.3,-40271.0,93.38843999999999,18.657999999999998,,-0.2836,-0.3893,12773123.0,-1412688.0,-65387.0,40.2,,,,
2010-03-12,217.353,220.783,90.261,89.579,218.99,209.326,2.7,1.8960000000000001,2.2399999999999998,14764.61,16582.71,53683.0,90.2928,11.772,9.9,17.1,129866.0,472000.0,34.0,22.46,2679.0,64.9,0.16,0.15571428571428572,0.93,3.72,4.6659999999999995,2.79,3.564,6.184,1.7600000000000002,4.95,8523.5,1184.5,1209.7429,2536551.95,897879.61,145.858,636.0,687.0,,7.1,73.6,346974.0,10156.0,5.3,-40271.0,93.03923999999999,17.984,,-0.32963,-0.6994,12773123.0,-1412688.0,-65387.0,40.2,,,,
2010-03-19,217.353,220.783,90.261,89.579,218.99,209.326,2.7,1.918,2.234,14764.61,16582.71,53683.0,90.2928,11.772,9.9,17.1,129866.0,478000.0,34.0,22.46,2679.0,64.9,0.16,0.18285714285714286,0.968,3.6799999999999997,4.59,2.712,3.5200000000000005,6.078,1.706,4.96,8523.5,1184.5,1209.7429,2536551.95,897879.61,145.858,636.0,687.0,,7.1,73.6,346974.0,10156.0,5.3,-40271.0,92.75792,17.238,,-0.37514,-0.5428,12773123.0,-1412688.0,-65387.0,40.2,,,,
2010-03-26,217.353,220.783,90.261,89.579,218.99,209.326,2.7,1.848,2.226,14764.61,16582.71,53683.0,90.2928,11.772,9.9,17.1,129866.0,472000.0,34.0,22.46,2679.0,64.9,0.16,0.1742857142857143,1.05,3.7939999999999996,4.682,2.7439999999999998,3.652,5.89,1.658,4.99,8523.5,1184.5,1209.7429,2536551.95,897879.61,145.858,636.0,687.0,,7.1,73.6,346974.0,10156.0,5.3,-40271.0,93.41238,17.387999999999998,,-0.41573,-0.5075,12773123.0,-1412688.0,-65387.0,40.2,,,,
2010-04-02,217.403,220.822,90.31,89.625,219.209,209.219,2.9,1.844,2.246,14980.193,16743.162,54100.0,90.5991,11.454,9.9,17.2,130120.0,459000.0,34.1,22.49,3153.0,65.2,0.2,0.16,1.056,3.8899999999999997,4.756,2.834,3.732,5.805,1.62,5.08,8554.8,1117.4,1207.5429,2532764.79,896602.91,146.398,687.0,637.0,,6.2,72.2,349869.0,10182.3,6.0,-41496.0,93.00582,17.445,,-0.444,-0.4667,13201792.0,-1412688.0,-82689.0,40.2,,,,
2010-04-09,217.403,220.822,90.31,89.625,219.209,209.219,2.9,1.982,2.324,14980.193,16743.162,54100.0,90.5991,11.454,9.9,17.2,130120.0,479000.0,34.1,22.49,3153.0,65.2,0.2,0.19571428571428573,1.1099999999999999,3.938,4.784000000000001,2.8280000000000003,3.768,5.68,1.578,5.21,8554.8,1117.4,1207.5429,2532764.79,896602.91,146.398,687.0,637.0,,6.2,72.2,349869.0,10182.3,6.0,-41496.0,92.66904,16.498,,-0.45564,-0.5743,13201792.0,-1412688.0,-82689.0,40.2,,,,
2010-04-16,217.403,220.822,90.31,89.625,219.209,209.219,2.9,1.938,2.346,14980.193,16743.162,54100.0,90.5991,11.454,9.9,17.2,130120.0,479000.0,34.1,22.49,3153.0,65.2,0.2,0.19999999999999998,1.046,3.848,4.6979999999999995,2.802,3.688,5.6,1.538,5.07,8554.8,1117.4,1207.5429,2532764.79,896602.91,146.398,687.0,637.0,,6.2,72.2,349869.0,10182.3,6.0,-41496.0,92.23396,16.324,,-0.4444,-0.5362,13201792.0,-1412688.0,-82689.0,40.2,,,,
2010-04-23,217.403,220.822,90.31,89.625,219.209,209.219,2.9,1.952,2.35,14980.193,16743.162,54100.0,90.5991,11.454,9.9,17.2,130120.0,469000.0,34.1,22.49,3153.0,65.2,0.2,0.20285714285714285,1.052,3.812,4.66,2.7600000000000002,3.654,5.524,1.518,5.07,8554.8,1117.4,1207.5429,2532764.79,896602.91,146.398,687.0,637.0,,6.2,72.2,349869.0,10182.3,6.0,-41496.0,92.62592,16.496000000000002,,-0.40887,-0.5101,13201792.0,-1412688.0,-82689.0,40.2,,,,
2010-04-30,217.403,220.822,90.31,89.625,219.209,209.219,2.9,2.0140000000000002,2.3920000000000003,14980.193,16743.162,54100.0,90.5991,11.454,9.9,17.2,130120.0,449000.0,34.1,22.49,3153.0,65.2,0.2,0.1985714285714286,1.026,3.758,4.598,2.732,3.596,5.526,1.542,5.06,8554.8,1117.4,1207.5429,2532764.79,896602.91,146.398,687.0,637.0,,6.2,72.2,349869.0,10182.3,6.0,-41496.0,92.9687,20.369999999999997,,-0.34994,-0.2756,13201792.0,-1412688.0,-82689.0,40.2,,,,
2010-05-07,217.29,220.962,90.339,89.724,219.331,206.631,3.2,1.8739999999999999,2.2619999999999996,14980.193,16743.162,54100.0,91.823,12.03,9.6,16.7,130642.0,451000.0,34.2,22.51,2988.0,64.9,0.2,0.20285714285714285,0.884,3.558,4.364,2.6740000000000004,3.414,5.978,1.682,5.0,8609.0,1111.3,1196.9216,2521687.94,882595.44,146.386,583.0,575.0,,9.3,73.6,346858.0,10210.8,6.4,-42088.0,94.40878000000001,28.538,,-0.27327,0.3748,13201792.0,-1412688.0,-135927.0,40.2,,,,
2010-05-14,217.29,220.962,90.339,89.724,219.331,206.631,3.2,1.8699999999999999,2.244,14980.193,16743.162,54100.0,91.823,12.03,9.6,16.7,130642.0,451000.0,34.2,22.51,2988.0,64.9,0.2,0.2,0.8539999999999999,3.536,4.418,2.682,3.376,6.247999999999999,1.7760000000000002,4.93,8609.0,1111.3,1196.9216,2521687.94,882595.44,146.386,583.0,575.0,,9.3,73.6,346858.0,10210.8,6.4,-42088.0,94.63466,28.119999999999997,,-0.19701,0.2421,13201792.0,-1412688.0,-135927.0,40.2,,,,
2010-05-21,217.29,220.962,90.339,89.724,219.331,206.631,3.2,1.6940000000000002,2.018,14980.193,16743.162,54100.0,91.823,12.03,9.6,16.7,130642.0,474000.0,34.2,22.51,2988.0,64.9,0.2,0.20285714285714285,0.778,3.332,4.21,2.554,3.164,6.67,1.8780000000000001,4.84,8609.0,1111.3,1196.9216,2521687.94,882595.44,146.386,583.0,575.0,,9.3,73.6,346858.0,10210.8,6.4,-42088.0,96.26968000000001,37.12,,-0.12405,0.865,13201792.0,-1412688.0,-135927.0,40.2,,,,
2010-05-28,217.29,220.962,90.339,89.724,219.331,206.631,3.2,1.6440000000000001,1.9279999999999997,14980.193,16743.162,54100.0,91.823,12.03,9.6,16.7,130642.0,463000.0,34.2,22.51,2988.0,64.9,0.2,0.20142857142857146,0.806,3.254,4.152,2.448,3.086,7.0120000000000005,2.024,4.78,8609.0,1111.3,1196.9216,2521687.94,882595.44,146.386,583.0,575.0,,9.3,73.6,346858.0,10210.8,6.4,-42088.0,96.80944,33.94,,-0.06949,0.8808,13201792.0,-1412688.0,-135927.0,40.2,,,,
2010-06-04,217.199,221.194,90.301,89.767,219.285,203.764,2.8,1.705,1.9874999999999998,14980.193,16743.162,54100.0,91.9928,11.598,9.4,16.4,130510.0,458000.0,34.1,22.53,2801.0,64.6,0.18,0.19285714285714287,0.7849999999999999,3.3075,4.2125,2.5225,3.1574999999999998,7.026000000000001,2.054,4.79,8628.1,1099.2,1190.1483,2518416.41,877043.12,145.713,536.0,587.0,,8.3,76.0,346516.0,10231.3,6.2,-47316.0,96.714275,32.6625,,-0.0384,0.6708,13201792.0,-1412688.0,-68422.0,40.2,,,,
2010-06-11,217.199,221.194,90.301,89.767,219.285,203.764,2.8,1.6439999999999997,1.932,14980.193,16743.162,54100.0,91.9928,11.598,9.4,16.4,130510.0,459000.0,34.1,22.53,2801.0,64.6,0.18,0.18571428571428572,0.752,3.224,4.146,2.472,3.12,7.234,2.114,4.72,8628.1,1099.2,1190.1483,2518416.41,877043.12,145.713,536.0,587.0,,8.3,76.0,346516.0,10231.3,6.2,-47316.0,96.95772,32.672000000000004,,-0.02925,0.8434,13201792.0,-1412688.0,-68422.0,40.2,,,,
2010-06-18,217.199,221.194,90.301,89.767,219.285,203.764,2.8,1.682,1.988,14980.193,16743.162,54100.0,91.9928,11.598,9.4,16.4,130510.0,467000.0,34.1,22.53,2801.0,64.6,0.18,0.1842857142857143,0.754,3.2640000000000002,4.178,2.5100000000000002,3.1719999999999997,6.978,2.098,4.75,8628.1,1099.2,1190.1483,2518416.41,877043.12,145.713,536.0,587.0,,8.3,76.0,346516.0,10231.3,6.2,-47316.0,95.57506,25.874000000000002,,-0.04367,0.3554,13201792.0,-1412688.0,-68422.0,40.2,,,,
2010-06-25,217.199,221.194,90.301,89.767,219.285,203.764,2.8,1.6480000000000001,1.952,14980.193,16743.162,54100.0,91.9928,11.598,9.4,16.4,130510.0,452000.0,34.1,22.53,2801.0,64.6,0.18,0.17142857142857143,0.686,3.166,4.096,2.48,3.038,6.808,2.0599999999999996,4.69,8628.1,1099.2,1190.1483,2518416.41,877043.12,145.713,536.0,587.0,,8.3,76.0,346516.0,10231.3,6.2,-47316.0,95.30598,27.422000000000004,,-0.07095,0.4202,13201792.0,-1412688.0,-68422.0,40.2,,,,
2010-07-02,217.605,221.363,90.378,89.769,219.234,206.877,2.7,1.522,1.802,15141.607,16872.266,54401.0,92.3421,11.948,9.4,16.4,130415.0,464000.0,34.2,22.59,3082.0,64.6,0.18,0.1542857142857143,0.62,2.9899999999999998,3.936,2.37,2.822,7.0840000000000005,2.086,4.58,8639.5,1087.8,1189.0278,2521104.8,873223.28,144.983,546.0,579.0,,8.9,67.8,347612.0,10268.1,6.1,-41609.0,95.74384,32.13,,-0.10537,0.7695,13561622.0,-1412688.0,-165043.0,40.2,,,,
2010-07-09,217.605,221.363,90.378,89.769,219.234,206.877,2.7,1.4275,1.7475,15141.607,16872.266,54401.0,92.3421,11.948,9.4,16.4,130415.0,454000.0,34.2,22.59,3082.0,64.6,0.18,0.17857142857142858,0.6275,3.015,3.9725,2.3875,2.855,7.045999999999999,2.068,4.57,8639.5,1087.8,1189.0278,2521104.8,873223.28,144.983,546.0,579.0,,8.9,67.8,347612.0,10268.1,6.1,-41609.0,94.9357,26.795,,-0.14699,0.3617,13561622.0,-1412688.0,-165043.0,40.2,,,,
2010-07-16,217.605,221.363,90.378,89.769,219.234,206.877,2.7,1.452,1.8060000000000003,15141.607,16872.266,54401.0,92.3421,11.948,9.4,16.4,130415.0,439000.0,34.2,22.59,3082.0,64.6,0.18,0.17857142857142858,0.632,3.052,4.0200000000000005,2.4200000000000004,2.9,6.7459999999999996,1.9939999999999998,4.57,8639.5,1087.8,1189.0278,2521104.8,873223.28,144.983,546.0,579.0,,8.9,67.8,347612.0,10268.1,6.1,-41609.0,94.475,25.054,,-0.18733,0.1498,13561622.0,-1412688.0,-165043.0,40.2,,,,
2010-07-23,217.605,221.363,90.378,89.769,219.234,206.877,2.7,1.3519999999999999,1.7280000000000002,15141.607,16872.266,54401.0,92.3421,11.948,9.4,16.4,130415.0,462000.0,34.2,22.59,3082.0,64.6,0.18,0.18571428571428572,0.6,2.9699999999999998,3.9659999999999997,2.37,2.808,6.714,1.964,4.56,8639.5,1087.8,1189.0278,2521104.8,873223.28,144.983,546.0,579.0,,8.9,67.8,347612.0,10268.1,6.1,-41609.0,94.37004,24.728,,-0.2206,0.3073,13561622.0,-1412688.0,-165043.0,40.2,,,,
2010-07-30,217.605,221.363,90.378,89.769,219.234,206.877,2.7,1.436,1.8080000000000003,15141.607,16872.266,54401.0,92.3421,11.948,9.4,16.4,130415.0,465000.0,34.2,22.59,3082.0,64.6,0.18,0.19,0.604,3.022,4.048,2.418,2.87,6.498,1.8780000000000001,4.54,8639.5,1087.8,1189.0278,2521104.8,873223.28,144.983,546.0,579.0,,8.9,67.8,347612.0,10268.1,6.1,-41609.0,93.62884,23.56,,-0.24518,-0.0195,13561622.0,-1412688.0,-165043.0,40.2,,,,
2010-08-06,217.923,221.509,90.502,89.855,219.48,208.77,2.7,1.494,1.8560000000000003,15141.607,16872.266,54401.0,92.6805,12.014,9.5,16.5,130415.0,476000.0,34.2,22.62,2999.0,64.7,0.19,0.18571428571428572,0.536,2.942,4.044,2.406,2.786,6.541666666666667,1.8766666666666667,4.49,8687.9,1085.1,1187.4701,2520422.13,866784.93,143.908,599.0,580.0,,8.8,68.9,349188.0,10307.1,6.2,-45619.0,92.676,22.137999999999998,,-0.25961,0.0331,13561622.0,-1412688.0,-90526.0,40.2,,,,
2010-08-13,217.923,221.509,90.502,89.855,219.48,208.77,2.7,1.416,1.7600000000000002,15141.607,16872.266,54401.0,92.6805,12.014,9.5,16.5,130415.0,483000.0,34.2,22.62,2999.0,64.7,0.19,0.18,0.538,2.758,3.95,2.2199999999999998,2.606,6.723999999999999,1.89,4.44,8687.9,1085.1,1187.4701,2520422.13,866784.93,143.908,599.0,580.0,,8.8,68.9,349188.0,10307.1,6.2,-45619.0,93.52126000000001,24.374000000000002,,-0.26463,0.2632,13561622.0,-1412688.0,-90526.0,40.2,,,,
2010-08-20,217.923,221.509,90.502,89.855,219.48,208.77,2.7,1.262,1.6019999999999999,15141.607,16872.266,54401.0,92.6805,12.014,9.5,16.5,130415.0,486000.0,34.2,22.62,2999.0,64.7,0.19,0.1942857142857143,0.504,2.612,3.71,2.1079999999999997,2.452,6.8260000000000005,1.886,4.42,8687.9,1085.1,1187.4701,2520422.13,866784.93,143.908,599.0,580.0,,8.8,68.9,349188.0,10307.1,6.2,-45619.0,93.70176000000001,25.39,,-0.26612,0.3,13561622.0,-1412688.0,-90526.0,40.2,,,,
2010-08-27,217.923,221.509,90.502,89.855,219.48,208.77,2.7,1.224,1.546,15141.607,16872.266,54401.0,92.6805,12.014,9.5,16.5,130415.0,464000.0,34.2,22.62,2999.0,64.7,0.19,0.19285714285714287,0.518,2.56,3.6060000000000003,2.0420000000000003,2.402,6.882,1.9,4.36,8687.9,1085.1,1187.4701,2520422.13,866784.93,143.908,599.0,580.0,,8.8,68.9,349188.0,10307.1,6.2,-45619.0,94.44028,26.327999999999996,,-0.26832,0.326,13561622.0,-1412688.0,-90526.0,40.2,,,,
2010-09-03,218.275,221.711,90.592,89.906,220.219,209.832,2.2,1.216,1.566,15141.607,16872.266,54401.0,92.9537,11.922,9.5,16.9,130341.0,467000.0,34.3,22.67,2918.0,64.6,0.19,0.19285714285714287,0.49800000000000005,2.588,3.656,2.09,2.45,6.790000000000001,1.9300000000000002,4.32,8718.7,1047.9,1185.7277,2522094.23,862090.68,143.013,594.0,563.0,,7.6,68.2,352179.0,10327.1,6.1,-44333.0,94.24156,24.330000000000002,,-0.27557,0.1577,13561622.0,-1412688.0,-34607.0,40.2,,,,
2010-09-10,218.275,221.711,90.592,89.906,220.219,209.832,2.2,1.275,1.6949999999999998,15141.607,16872.266,54401.0,92.9537,11.922,9.5,16.9,130341.0,452000.0,34.3,22.67,2918.0,64.6,0.19,0.18857142857142858,0.54,2.7125,3.7775,2.1725000000000003,2.5725,6.545999999999999,1.888,4.35,8718.7,1047.9,1185.7277,2522094.23,862090.68,143.013,594.0,563.0,,7.6,68.2,352179.0,10327.1,6.1,-44333.0,93.80015,22.9625,,-0.29022,-0.0688,13561622.0,-1412688.0,-34607.0,40.2,,,,
2010-09-17,218.275,221.711,90.592,89.906,220.219,209.832,2.2,1.29,1.768,15141.607,16872.266,54401.0,92.9537,11.922,9.5,16.9,130341.0,444000.0,34.3,22.67,2918.0,64.6,0.19,0.19428571428571426,0.49800000000000005,2.7359999999999998,3.8619999999999997,2.2380000000000004,2.582,6.304,1.844,4.37,8718.7,1047.9,1185.7277,2522094.23,862090.68,143.013,594.0,563.0,,7.6,68.2,352179.0,10327.1,6.1,-44333.0,92.89576,21.72,,-0.30932,-0.1123,13561622.0,-1412688.0,-34607.0,40.2,,,,
2010-09-24,218.275,221.711,90.592,89.906,220.219,209.832,2.2,1.29,1.8060000000000003,15141.607,16872.266,54401.0,92.9537,11.922,9.5,16.9,130341.0,459000.0,34.3,22.67,2918.0,64.6,0.19,0.20714285714285713,0.44800000000000006,2.614,3.7840000000000003,2.166,2.452,6.322,1.8359999999999999,4.37,8718.7,1047.9,1185.7277,2522094.23,862090.68,143.013,594.0,563.0,,7.6,68.2,352179.0,10327.1,6.1,-44333.0,92.22112,22.387999999999998,,-0.33111,-0.0255,13561622.0,-1412688.0,-34607.0,40.2,,,,
2010-10-01,219.035,221.83,90.881,90.043,220.521,216.71,2.7,1.306,1.778,15309.474,16960.864,54569.0,92.6903,12.414,9.4,16.6,130620.0,459000.0,34.3,22.73,3235.0,64.4,0.19,0.19142857142857145,0.418,2.522,3.69,2.104,2.3619999999999997,6.298,1.8400000000000003,4.32,8768.4,1039.7,1185.2038,2530106.0,855380.39,142.522,543.0,558.0,,8.2,67.7,356215.0,10386.4,5.9,-40646.0,91.23406,22.918,,-0.35503,-0.008,14025215.0,-1294373.0,-140432.0,40.2,,,,
2010-10-08,219.035,221.83,90.881,90.043,220.521,216.71,2.7,1.4140000000000001,1.8719999999999999,15309.474,16960.864,54569.0,92.6903,12.414,9.4,16.6,130620.0,446000.0,34.3,22.73,3235.0,64.4,0.19,0.19285714285714287,0.382,2.446,3.718,2.064,2.32,6.162000000000001,1.8219999999999998,4.27,8768.4,1039.7,1185.2038,2530106.0,855380.39,142.522,543.0,558.0,,8.2,67.7,356215.0,10386.4,5.9,-40646.0,90.42082,21.81,,-0.37869,-0.1107,14025215.0,-1294373.0,-140432.0,40.2,,,,
2010-10-15,219.035,221.83,90.881,90.043,220.521,216.71,2.7,1.575,2.0425,15309.474,16960.864,54569.0,92.6903,12.414,9.4,16.6,130620.0,459000.0,34.3,22.73,3235.0,64.4,0.19,0.1842857142857143,0.3725,2.5025,3.8825,2.13,2.3675,6.026,1.8080000000000003,4.19,8768.4,1039.7,1185.2038,2530106.0,855380.39,142.522,543.0,558.0,,8.2,67.7,356215.0,10386.4,5.9,-40646.0,89.800625,19.174,,-0.40035,-0.3282,14025215.0,-1294373.0,-140432.0,40.2,,,,
2010-10-22,219.035,221.83,90.881,90.043,220.521,216.71,2.7,1.52,2.062,15309.474,16960.864,54569.0,92.6903,12.414,9.4,16.6,130620.0,444000.0,34.3,22.73,3235.0,64.4,0.19,0.19285714285714287,0.364,2.538,3.9219999999999997,2.1740000000000004,2.4,6.016,1.8199999999999998,4.21,8768.4,1039.7,1185.2038,2530106.0,855380.39,142.522,543.0,558.0,,8.2,67.7,356215.0,10386.4,5.9,-40646.0,90.21744,19.512,,-0.41778,-0.1899,14025215.0,-1294373.0,-140432.0,40.2,,,,
2010-10-29,219.035,221.83,90.881,90.043,220.521,216.71,2.7,1.568,2.134,15309.474,16960.864,54569.0,92.6903,12.414,9.4,16.6,130620.0,432000.0,34.3,22.73,3235.0,64.4,0.19,0.19142857142857145,0.376,2.666,4.002,2.29,2.532,5.8020000000000005,1.7740000000000002,4.23,8768.4,1039.7,1185.2038,2530106.0,855380.39,142.522,543.0,558.0,,8.2,67.7,356215.0,10386.4,5.9,-40646.0,90.27052,20.572,,-0.43144,-0.346,14025215.0,-1294373.0,-140432.0,40.2,,,,
2010-11-05,219.59,222.149,91.062,90.16,220.946,219.496,3.0,1.52,2.134,15309.474,16960.864,54569.0,92.7709,12.3,9.8,16.9,130749.0,453000.0,34.2,22.73,3211.0,64.6,0.19,0.19571428571428573,0.346,2.614,4.037999999999999,2.268,2.484,5.905,1.7750000000000001,4.24,8789.0,1038.6,1187.5082,2531232.26,851023.71,142.161,545.0,560.0,,8.2,71.6,359450.0,10433.6,5.8,-38739.0,89.53009999999999,19.948,,-0.44055,-0.2334,14025215.0,-1294373.0,-150394.0,40.2,,,,
2010-11-12,219.59,222.149,91.062,90.16,220.946,219.496,3.0,1.5825,2.1,15309.474,16960.864,54569.0,92.7709,12.3,9.8,16.9,130749.0,434000.0,34.2,22.73,3211.0,64.6,0.19,0.17714285714285713,0.455,2.6825,4.22,2.2275,2.5525,5.7299999999999995,1.75,4.17,8789.0,1038.6,1187.5082,2531232.26,851023.71,142.161,545.0,560.0,,8.2,71.6,359450.0,10433.6,5.8,-38739.0,89.80120000000001,19.018,,-0.44398,-0.3677,14025215.0,-1294373.0,-150394.0,40.2,,,,
2010-11-19,219.59,222.149,91.062,90.16,220.946,219.496,3.0,1.55,2.052,15309.474,16960.864,54569.0,92.7709,12.3,9.8,16.9,130749.0,432000.0,34.2,22.73,3211.0,64.6,0.19,0.20142857142857143,0.516,2.888,4.298,2.372,2.744,5.811999999999999,1.7579999999999998,4.39,8789.0,1038.6,1187.5082,2531232.26,851023.71,142.161,545.0,560.0,,8.2,71.6,359450.0,10433.6,5.8,-38739.0,90.76382,20.266,,-0.44615,-0.1015,14025215.0,-1294373.0,-150394.0,40.2,,,,
2010-11-26,219.59,222.149,91.062,90.16,220.946,219.496,3.0,1.5775000000000001,2.1075,15309.474,16960.864,54569.0,92.7709,12.3,9.8,16.9,130749.0,407000.0,34.2,22.73,3211.0,64.6,0.19,0.20142857142857146,0.495,2.8425000000000002,4.22,2.3475,2.6875,5.948,1.764,4.4,8789.0,1038.6,1187.5082,2531232.26,851023.71,142.161,545.0,560.0,,8.2,71.6,359450.0,10433.6,5.8,-38739.0,91.2918,20.195,,-0.44867,-0.0754,14025215.0,-1294373.0,-150394.0,40.2,,,,
2010-12-03,220.472,222.343,91.268,90.179,221.215,227.13,3.0,1.596,2.132,15309.474,16960.864,54569.0,93.6787,12.605,9.3,16.6,130830.0,432000.0,34.3,22.76,3058.0,64.3,0.18,0.19571428571428573,0.508,2.932,4.2219999999999995,2.424,2.7700000000000005,6.023999999999999,1.802,4.46,8823.2,1078.0,1192.7014,2646811.26,839102.67,142.048,539.0,632.0,,7.0,74.5,361979.0,10471.0,6.2,-41721.0,91.63458,20.766,,-0.4545,-0.1189,14025215.0,-1294373.0,-78134.0,40.2,,,,
2010-12-10,220.472,222.343,91.268,90.179,221.215,227.13,3.0,1.65,2.176,15309.474,16960.864,54569.0,93.6787,12.605,9.3,16.6,130830.0,428000.0,34.3,22.76,3058.0,64.3,0.18,0.17142857142857143,0.5740000000000001,3.182,4.386,2.6079999999999997,3.04,5.68,1.7440000000000002,4.61,8823.2,1078.0,1192.7014,2646811.26,839102.67,142.048,539.0,632.0,,7.0,74.5,361979.0,10471.0,6.2,-41721.0,91.20058,17.722,,-0.46622,-0.4095,14025215.0,-1294373.0,-78134.0,40.2,,,,
2010-12-17,220.472,222.343,91.268,90.179,221.215,227.13,3.0,1.73,2.262,15309.474,16960.864,54569.0,93.6787,12.605,9.3,16.6,130830.0,425000.0,34.3,22.76,3058.0,64.3,0.18,0.18285714285714286,0.644,3.4219999999999997,4.5,2.778,3.286,5.478,1.698,4.83,8823.2,1078.0,1192.7014,2646811.26,839102.67,142.048,539.0,632.0,,7.0,74.5,361979.0,10471.0,6.2,-41721.0,91.13489999999999,17.32,,-0.48145,-0.3077,14025215.0,-1294373.0,-78134.0,40.2,,,,
2010-12-24,220.472,222.343,91.268,90.179,221.215,227.13,3.0,1.79,2.31,15309.474,16960.864,54569.0,93.6787,12.605,9.3,16.6,130830.0,424000.0,34.3,22.76,3058.0,64.3,0.18,0.19714285714285715,0.6425000000000001,3.37,4.45,2.7275,3.23,5.442,1.6759999999999997,4.81,8823.2,1078.0,1192.7014,2646811.26,839102.67,142.048,539.0,632.0,,7.0,74.5,361979.0,10471.0,6.2,-41721.0,91.472275,16.205,,-0.50077,-0.3416,14025215.0,-1294373.0,-78134.0,40.2,,,,
2010-12-31,220.472,222.343,91.268,90.179,221.215,227.13,3.0,1.826,2.304,15309.474,16960.864,54569.0,93.6787,12.605,9.3,16.6,130830.0,404000.0,34.3,22.76,3058.0,64.3,0.18,0.17857142857142858,0.674,3.378,4.426,2.7039999999999997,3.2399999999999998,5.362,1.6640000000000001,4.86,8823.2,1078.0,1192.7014,2646811.26,839102.67,142.048,539.0,632.0,,7.0,74.5,361979.0,10471.0,6.2,-41721.0,90.86565,17.548000000000002,,-0.52186,-0.3335,14025215.0,-1294373.0,-78134.0,40.2,,,,
2011-01-07,221.187,222.803,91.542,90.372,222.469,229.258,3.4,1.8980000000000001,2.37,15351.448,16920.632,54341.0,93.4814,12.806,9.1,16.1,130837.0,413000.0,34.2,22.87,3104.0,64.2,0.17,0.16428571428571428,0.646,3.4,4.478,2.754,3.2560000000000002,5.212000000000001,1.636,4.77,8849.0,1110.3,1195.9352,2657360.1,835418.27,141.51,630.0,576.0,,7.3,74.2,364394.0,10514.3,6.6,-48123.0,90.55283999999999,17.31,,-0.54349,-0.4185,14270114.0,-1294373.0,-49796.0,41.2,,,,
2011-01-14,221.187,222.803,91.542,90.372,222.469,229.258,3.4,1.9579999999999997,2.38,15351.448,16920.632,54341.0,93.4814,12.806,9.1,16.1,130837.0,434000.0,34.2,22.87,3104.0,64.2,0.17,0.16571428571428573,0.596,3.3560000000000003,4.502,2.7600000000000002,3.2060000000000004,5.194,1.6320000000000001,4.71,8849.0,1110.3,1195.9352,2657360.1,835418.27,141.51,630.0,576.0,,7.3,74.2,364394.0,10514.3,6.6,-48123.0,90.44644000000001,16.503999999999998,,-0.56372,-0.4112,14270114.0,-1294373.0,-49796.0,41.2,,,,
2011-01-21,221.187,222.803,91.542,90.372,222.469,229.258,3.4,1.9275,2.3175,15351.448,16920.632,54341.0,93.4814,12.806,9.1,16.1,130837.0,421000.0,34.2,22.87,3104.0,64.2,0.17,0.17142857142857143,0.62,3.4175,4.5649999999999995,2.7975,3.2575,5.082,1.612,4.74,8849.0,1110.3,1195.9352,2657360.1,835418.27,141.51,630.0,576.0,,7.3,74.2,364394.0,10514.3,6.6,-48123.0,89.84195,17.409999999999997,,-0.58106,-0.4531,14270114.0,-1294373.0,-49796.0,41.2,,,,
2011-01-28,221.187,222.803,91.542,90.372,222.469,229.258,3.4,1.932,2.262,15351.448,16920.632,54341.0,93.4814,12.806,9.1,16.1,130837.0,446000.0,34.2,22.87,3104.0,64.2,0.17,0.17142857142857146,0.604,3.402,4.544,2.798,3.246,5.018,1.594,4.8,8849.0,1110.3,1195.9352,2657360.1,835418.27,141.51,630.0,576.0,,7.3,74.2,364394.0,10514.3,6.6,-48123.0,89.63324,17.613999999999997,,-0.59304,-0.389,14270114.0,-1294373.0,-49796.0,41.2,,,,
2011-02-04,221.898,223.213,91.797,90.53,223.504,232.068,3.4,1.9939999999999998,2.3600000000000003,15351.448,16920.632,54341.0,93.1102,13.081,9.0,16.0,131057.0,420000.0,34.3,22.87,3226.0,64.1,0.16,0.17285714285714285,0.6679999999999999,3.536,4.648000000000001,2.868,3.386,4.894,1.59,4.81,8913.3,1263.7,1199.5471,2663779.92,833744.99,140.338,517.0,542.0,,8.1,77.5,367475.0,10540.6,6.9,-44753.0,89.3109,17.416,,-0.59797,-0.5146,14270114.0,-1294373.0,-222507.0,41.2,,,,
2011-02-11,221.898,223.213,91.797,90.53,223.504,232.068,3.4,1.934,2.324,15351.448,16920.632,54341.0,93.1102,13.081,9.0,16.0,131057.0,402000.0,34.3,22.87,3226.0,64.1,0.16,0.16,0.8300000000000001,3.684,4.728,2.854,3.5460000000000003,4.582,1.516,5.05,8913.3,1263.7,1199.5471,2663779.92,833744.99,140.338,517.0,542.0,,8.1,77.5,367475.0,10540.6,6.9,-44753.0,89.48026,15.947999999999999,,-0.59633,-0.593,14270114.0,-1294373.0,-222507.0,41.2,,,,
2011-02-18,221.898,223.213,91.797,90.53,223.504,232.068,3.4,1.9439999999999997,2.284,15351.448,16920.632,54341.0,93.1102,13.081,9.0,16.0,131057.0,425000.0,34.3,22.87,3226.0,64.1,0.16,0.15142857142857144,0.8300000000000001,3.604,4.672,2.774,3.4899999999999998,4.556,1.488,5.0,8913.3,1263.7,1199.5471,2663779.92,833744.99,140.338,517.0,542.0,,8.1,77.5,367475.0,10540.6,6.9,-44753.0,89.61098,16.412,,-0.58695,-0.413,14270114.0,-1294373.0,-222507.0,41.2,,,,
2011-02-25,221.898,223.213,91.797,90.53,223.504,232.068,3.4,2.165,2.385,15351.448,16920.632,54341.0,93.1102,13.081,9.0,16.0,131057.0,394000.0,34.3,22.87,3226.0,64.1,0.16,0.15,0.7324999999999999,3.4575,4.56,2.725,3.3325,4.6579999999999995,1.498,4.95,8913.3,1263.7,1199.5471,2663779.92,833744.99,140.338,517.0,542.0,,8.1,77.5,367475.0,10540.6,6.9,-44753.0,89.320325,20.8675,,-0.57206,-0.1921,14270114.0,-1294373.0,-222507.0,41.2,,,,
2011-03-04,223.046,223.454,92.166,90.667,225.213,240.079,4.6,2.216,2.446,15351.448,16920.632,54341.0,94.0788,13.259,9.0,16.0,131283.0,385000.0,34.3,22.87,3261.0,64.2,0.14,0.15285714285714286,0.702,3.472,4.55,2.77,3.338,4.71,1.504,4.87,8971.5,1434.9,1206.4413,2672031.38,835667.93,139.97,600.0,583.0,,7.2,67.5,370775.0,10619.7,6.3,-44312.0,88.72572,19.544,,-0.5585,-0.3485,14270114.0,-1294373.0,-188154.0,41.2,,,,
2011-03-11,223.046,223.454,92.166,90.667,225.213,240.079,4.6,2.242,2.492,15351.448,16920.632,54341.0,94.0788,13.259,9.0,16.0,131283.0,414000.0,34.3,22.87,3261.0,64.2,0.14,0.14142857142857143,0.6839999999999999,3.464,4.588,2.7800000000000002,3.368,4.754,1.496,4.88,8971.5,1434.9,1206.4413,2672031.38,835667.93,139.97,600.0,583.0,,7.2,67.5,370775.0,10619.7,6.3,-44312.0,88.65194,20.532,,-0.54804,-0.3464,14270114.0,-1294373.0,-188154.0,41.2,,,,
2011-03-18,223.046,223.454,92.166,90.667,225.213,240.079,4.6,2.152,2.412,15351.448,16920.632,54341.0,94.0788,13.259,9.0,16.0,131283.0,404000.0,34.3,22.87,3261.0,64.2,0.14,0.1385714285714286,0.606,3.2880000000000003,4.444,2.682,3.2,5.06,1.55,4.76,8971.5,1434.9,1206.4413,2672031.38,835667.93,139.97,600.0,583.0,,7.2,67.5,370775.0,10619.7,6.3,-44312.0,88.69181999999999,25.131999999999998,,-0.54258,-0.0021,14270114.0,-1294373.0,-188154.0,41.2,,,,
2011-03-25,223.046,223.454,92.166,90.667,225.213,240.079,4.6,2.192,2.4240000000000004,15351.448,16920.632,54341.0,94.0788,13.259,9.0,16.0,131283.0,407000.0,34.3,22.87,3261.0,64.2,0.14,0.13999999999999999,0.71,3.3839999999999995,4.464,2.6740000000000004,3.29,4.8759999999999994,1.524,4.81,8971.5,1434.9,1206.4413,2672031.38,835667.93,139.97,600.0,583.0,,7.2,67.5,370775.0,10619.7,6.3,-44312.0,88.16666000000001,19.18,,-0.5475,-0.4477,14270114.0,-1294373.0,-188154.0,41.2,,,,
2011-04-01,224.093,223.727,92.557,90.875,226.072,247.977,4.6,2.2060000000000004,2.48,15557.539,17035.114,54610.0,93.7749,13.326,9.1,16.1,131597.0,399000.0,34.4,22.91,3259.0,64.2,0.1,0.12285714285714286,0.804,3.474,4.512,2.67,3.38,4.747999999999999,1.498,4.86,9035.1,1528.0,1214.9147,2679950.15,834226.14,140.003,554.0,581.0,,6.7,69.8,372820.0,10652.1,6.3,-42685.0,88.15278,18.09,,-0.55818,-0.4663,14343087.0,-1294373.0,-40387.0,41.2,,,,
2011-04-08,224.093,223.727,92.557,90.875,226.072,247.977,4.6,2.332,2.58,15557.539,17035.114,54610.0,93.7749,13.326,9.1,16.1,131597.0,395000.0,34.4,22.91,3259.0,64.2,0.1,0.09857142857142856,0.82,3.536,4.568,2.716,3.482,4.606,1.472,4.87,9035.1,1528.0,1214.9147,2679950.15,834226.14,140.003,554.0,581.0,,6.7,69.8,372820.0,10652.1,6.3,-42685.0,87.55229999999999,17.326,,-0.5724,-0.5186,14343087.0,-1294373.0,-40387.0,41.2,,,,
2011-04-15,224.093,223.727,92.557,90.875,226.072,247.977,4.6,2.2960000000000003,2.618,15557.539,17035.114,54610.0,93.7749,13.326,9.1,16.1,131597.0,416000.0,34.4,22.91,3259.0,64.2,0.1,0.09142857142857143,0.77,3.508,4.554,2.7380000000000004,3.4480000000000004,4.618,1.458,4.91,9035.1,1528.0,1214.9147,2679950.15,834226.14,140.003,554.0,581.0,,6.7,69.8,372820.0,10652.1,6.3,-42685.0,87.13656,16.438,,-0.58571,-0.4746,14343087.0,-1294373.0,-40387.0,41.2,,,,
2011-04-22,224.093,223.727,92.557,90.875,226.072,247.977,4.6,2.2475,2.6075,15557.539,17035.114,54610.0,93.7749,13.326,9.1,16.1,131597.0,402000.0,34.4,22.91,3259.0,64.2,0.1,0.10714285714285714,0.685,3.41,4.455,2.725,3.3475,4.7,1.47,4.8,9035.1,1528.0,1214.9147,2679950.15,834226.14,140.003,554.0,581.0,,6.7,69.8,372820.0,10652.1,6.3,-42685.0,86.75023999999999,15.6375,,-0.59518,-0.4906,14343087.0,-1294373.0,-40387.0,41.2,,,,
2011-04-29,224.093,223.727,92.557,90.875,226.072,247.977,4.6,2.37,2.5780000000000003,15557.539,17035.114,54610.0,93.7749,13.326,9.1,16.1,131597.0,422000.0,34.4,22.91,3259.0,64.2,0.1,0.09428571428571429,0.64,3.3560000000000003,4.424,2.716,3.3,4.702,1.46,4.78,9035.1,1528.0,1214.9147,2679950.15,834226.14,140.003,554.0,581.0,,6.7,69.8,372820.0,10652.1,6.3,-42685.0,86.07078,15.222,,-0.59888,-0.6075,14343087.0,-1294373.0,-40387.0,41.2,,,,
2011-05-06,224.806,224.175,92.838,91.091,226.94,250.744,4.1,2.3600000000000003,2.524,15557.539,17035.114,54610.0,93.888,12.28,9.0,15.9,131703.0,468000.0,34.4,22.97,3179.0,64.1,0.09,0.09,0.594,3.242,4.324,2.648,3.2119999999999997,4.7716666666666665,1.4749999999999999,4.71,9107.8,1589.8,1229.0589,2683973.45,832510.72,139.9,561.0,618.0,,6.6,74.3,372505.0,10672.2,6.3,-47725.0,86.00246,17.274,,-0.59574,-0.4157,14343087.0,-1294373.0,-57641.0,41.2,,,,
2011-05-13,224.806,224.175,92.838,91.091,226.94,250.744,4.1,2.23,2.444,15557.539,17035.114,54610.0,93.888,12.28,9.0,15.9,131703.0,435000.0,34.4,22.97,3179.0,64.1,0.09,0.09,0.572,3.198,4.328,2.626,3.1700000000000004,4.787999999999999,1.486,4.63,9107.8,1589.8,1229.0589,2683973.45,832510.72,139.9,561.0,618.0,,6.6,74.3,372505.0,10672.2,6.3,-47725.0,86.94004,16.624000000000002,,-0.58648,-0.4452,14343087.0,-1294373.0,-57641.0,41.2,,,,
2011-05-20,224.806,224.175,92.838,91.091,226.94,250.744,4.1,2.102,2.312,15557.539,17035.114,54610.0,93.888,12.28,9.0,15.9,131703.0,414000.0,34.4,22.97,3179.0,64.1,0.09,0.09428571428571429,0.554,3.154,4.279999999999999,2.6,3.1079999999999997,4.804,1.5,4.61,9107.8,1589.8,1229.0589,2683973.45,832510.72,139.9,561.0,618.0,,6.6,74.3,372505.0,10672.2,6.3,-47725.0,87.36500000000001,16.994,,-0.57422,-0.4205,14343087.0,-1294373.0,-57641.0,41.2,,,,
2011-05-27,224.806,224.175,92.838,91.091,226.94,250.744,4.1,2.054,2.308,15557.539,17035.114,54610.0,93.888,12.28,9.0,15.9,131703.0,423000.0,34.4,22.97,3179.0,64.1,0.09,0.09714285714285716,0.522,3.104,4.256,2.582,3.048,4.9399999999999995,1.526,4.6,9107.8,1589.8,1229.0589,2683973.45,832510.72,139.9,561.0,618.0,,6.6,74.3,372505.0,10672.2,6.3,-47725.0,87.53620000000001,17.046,,-0.5605,-0.3808,14343087.0,-1294373.0,-57641.0,41.2,,,,
2011-06-03,224.806,224.697,92.819,91.191,227.515,245.534,3.8,2.01,2.2425,15557.539,17035.114,54610.0,94.172,11.886,9.1,16.1,131931.0,418000.0,34.3,23.0,3455.0,64.0,0.09,0.10142857142857144,0.44,3.01,4.21,2.57,2.9625000000000004,5.128,1.572,4.55,9182.1,1665.8,1233.6241,2693088.33,836248.43,139.857,608.0,636.0,,6.6,71.5,375587.0,10694.8,6.5,-49882.0,86.62982500000001,17.447499999999998,,-0.5472,-0.2988,14343087.0,-1294373.0,-43080.0,41.2,,,,
2011-06-10,224.806,224.697,92.819,91.191,227.515,245.534,3.8,2.02,2.226,15557.539,17035.114,54610.0,94.172,11.886,9.1,16.1,131931.0,423000.0,34.3,23.0,3455.0,64.0,0.09,0.09714285714285713,0.41,3.0,4.223999999999999,2.59,2.952,5.343999999999999,1.612,4.49,9182.1,1665.8,1233.6241,2693088.33,836248.43,139.857,608.0,636.0,,6.6,71.5,375587.0,10694.8,6.5,-49882.0,86.60686000000001,18.395999999999997,,-0.53493,-0.2364,14343087.0,-1294373.0,-43080.0,41.2,,,,
2011-06-17,224.806,224.697,92.819,91.191,227.515,245.534,3.8,1.9740000000000002,2.222,15557.539,17035.114,54610.0,94.172,11.886,9.1,16.1,131931.0,413000.0,34.3,23.0,3455.0,64.0,0.09,0.09714285714285716,0.398,2.992,4.208,2.5940000000000003,2.944,5.529999999999999,1.6439999999999997,4.5,9182.1,1665.8,1233.6241,2693088.33,836248.43,139.857,608.0,636.0,,6.6,71.5,375587.0,10694.8,6.5,-49882.0,87.19575999999999,20.754,,-0.5261,-0.2231,14343087.0,-1294373.0,-43080.0,41.2,,,,
2011-06-24,224.806,224.697,92.819,91.191,227.515,245.534,3.8,1.86,2.208,15557.539,17035.114,54610.0,94.172,11.886,9.1,16.1,131931.0,416000.0,34.3,23.0,3455.0,64.0,0.09,0.09,0.374,2.9560000000000004,4.192,2.582,2.934,5.698,1.6780000000000002,4.5,9182.1,1665.8,1233.6241,2693088.33,836248.43,139.857,608.0,636.0,,6.6,71.5,375587.0,10694.8,6.5,-49882.0,87.16218,19.552,,-0.51897,-0.1931,14343087.0,-1294373.0,-43080.0,41.2,,,,
2011-07-01,225.395,225.218,92.977,91.326,228.482,246.187,3.4,1.952,2.376,15647.68,17031.313,54482.0,94.636,12.72,9.0,15.9,131992.0,421000.0,34.4,23.11,3623.0,64.0,0.07,0.07714285714285715,0.462,3.108,4.356,2.646,3.084,5.544,1.6640000000000001,4.51,9344.2,1696.6,1244.3309,2717525.97,836459.22,139.726,623.0,621.0,,6.7,63.7,375442.0,10731.6,6.7,-46070.0,86.87631999999999,17.878,,-0.51186,-0.489,14790340.0,-1294373.0,-129376.0,41.2,,,,
2011-07-08,225.395,225.218,92.977,91.326,228.482,246.187,3.4,2.0425,2.3825,15647.68,17031.313,54482.0,94.636,12.72,9.0,15.9,131992.0,418000.0,34.4,23.11,3623.0,64.0,0.07,0.07571428571428572,0.44,3.12,4.345,2.68,3.0975,5.356,1.6179999999999999,4.6,9344.2,1696.6,1244.3309,2717525.97,836459.22,139.726,623.0,621.0,,6.7,63.7,375442.0,10731.6,6.7,-46070.0,86.55132499999999,16.075,,-0.49967,-0.4385,14790340.0,-1294373.0,-129376.0,41.2,,,,
2011-07-15,225.395,225.218,92.977,91.326,228.482,246.187,3.4,1.9939999999999998,2.318,15647.68,17031.313,54482.0,94.636,12.72,9.0,15.9,131992.0,408000.0,34.4,23.11,3623.0,64.0,0.07,0.0642857142857143,0.372,2.94,4.214,2.568,2.9200000000000004,5.546,1.656,4.51,9344.2,1696.6,1244.3309,2717525.97,836459.22,139.726,623.0,621.0,,6.7,63.7,375442.0,10731.6,6.7,-46070.0,86.77628,19.7,,-0.47713,-0.0884,14790340.0,-1294373.0,-129376.0,41.2,,,,
2011-07-22,225.395,225.218,92.977,91.326,228.482,246.187,3.4,2.02,2.3600000000000003,15647.68,17031.313,54482.0,94.636,12.72,9.0,15.9,131992.0,420000.0,34.4,23.11,3623.0,64.0,0.07,0.06,0.392,2.966,4.26,2.574,2.932,5.45,1.674,4.52,9344.2,1696.6,1244.3309,2717525.97,836459.22,139.726,623.0,621.0,,6.7,63.7,375442.0,10731.6,6.7,-46070.0,86.27459999999999,18.866,,-0.4428,-0.3943,14790340.0,-1294373.0,-129376.0,41.2,,,,
2011-07-29,225.395,225.218,92.977,91.326,228.482,246.187,3.4,2.07,2.444,15647.68,17031.313,54482.0,94.636,12.72,9.0,15.9,131992.0,411000.0,34.4,23.11,3623.0,64.0,0.07,0.07142857142857142,0.41,2.966,4.252,2.556,2.8920000000000003,5.3759999999999994,1.65,4.55,9344.2,1696.6,1244.3309,2717525.97,836459.22,139.726,623.0,621.0,,6.7,63.7,375442.0,10731.6,6.7,-46070.0,85.70702,22.31,,-0.39393,-0.3856,14790340.0,-1294373.0,-129376.0,41.2,,,,
2011-08-05,226.106,225.862,93.196,91.508,229.634,246.88,3.5,1.908,2.316,15647.68,17031.313,54482.0,95.2749,12.604,9.0,16.1,132125.0,406000.0,34.3,23.06,3329.0,64.1,0.1,0.12,0.318,2.624,3.882,2.306,2.582,5.88,1.6916666666666667,4.39,9531.0,1666.6,1263.0844,2709151.87,836213.6,139.303,585.0,647.0,,6.5,55.8,375860.0,10750.3,6.7,-45052.0,86.44026,27.098000000000003,,-0.33022,0.2769,14790340.0,-1294373.0,-134143.0,41.2,,,,
2011-08-12,226.106,225.862,93.196,91.508,229.634,246.88,3.5,1.828,2.248,15647.68,17031.313,54482.0,95.2749,12.604,9.0,16.1,132125.0,405000.0,34.3,23.06,3329.0,64.1,0.1,0.09428571428571429,0.20800000000000002,2.27,3.664,2.062,2.2399999999999998,7.203999999999999,2.008,4.32,9531.0,1666.6,1263.0844,2709151.87,836213.6,139.303,585.0,647.0,,6.5,55.8,375860.0,10750.3,6.7,-45052.0,87.29138,40.282,,-0.25887,1.2608,14790340.0,-1294373.0,-134143.0,41.2,,,,
2011-08-19,226.106,225.862,93.196,91.508,229.634,246.88,3.5,1.718,2.122,15647.68,17031.313,54482.0,95.2749,12.604,9.0,16.1,132125.0,409000.0,34.3,23.06,3329.0,64.1,0.1,0.09428571428571429,0.196,2.168,3.566,1.972,2.15,7.164,2.116,4.15,9531.0,1666.6,1263.0844,2709151.87,836213.6,139.303,585.0,647.0,,6.5,55.8,375860.0,10750.3,6.7,-45052.0,86.7941,36.404,,-0.19569,0.4037,14790340.0,-1294373.0,-134143.0,41.2,,,,
2011-08-26,226.106,225.862,93.196,91.508,229.634,246.88,3.5,1.672,2.054,15647.68,17031.313,54482.0,95.2749,12.604,9.0,16.1,132125.0,415000.0,34.3,23.06,3329.0,64.1,0.1,0.08571428571428572,0.21800000000000003,2.192,3.532,1.9739999999999998,2.18,7.4319999999999995,2.2399999999999998,4.22,9531.0,1666.6,1263.0844,2709151.87,836213.6,139.303,585.0,647.0,,6.5,55.8,375860.0,10750.3,6.7,-45052.0,87.08254,37.992000000000004,,-0.13749,0.7473,14790340.0,-1294373.0,-134143.0,41.2,,,,
2011-09-02,226.597,226.118,93.327,91.57,230.682,248.55,3.3,1.7,2.052,15647.68,17031.313,54482.0,95.1961,13.356,9.0,16.4,132344.0,409000.0,34.4,23.11,3774.0,64.2,0.08,0.08428571428571428,0.198,2.174,3.518,1.9759999999999998,2.1559999999999997,7.3340000000000005,2.228,4.22,9551.5,1643.5,1269.5994,2720060.44,838293.07,138.659,650.0,610.0,,6.3,59.5,380042.0,10783.2,6.4,-43477.0,86.92981999999999,32.506,,-0.09495,0.3756,14790340.0,-1294373.0,-62750.0,41.2,,,,
2011-09-09,226.597,226.118,93.327,91.57,230.682,248.55,3.3,1.67,1.9625,15647.68,17031.313,54482.0,95.1961,13.356,9.0,16.4,132344.0,414000.0,34.4,23.11,3774.0,64.2,0.08,0.08571428571428572,0.195,1.99,3.3,1.795,1.9725,7.444,2.24,4.12,9551.5,1643.5,1269.5994,2720060.44,838293.07,138.659,650.0,610.0,,6.3,59.5,380042.0,10783.2,6.4,-43477.0,88.3005,35.805,,-0.06314,0.7731,14790340.0,-1294373.0,-62750.0,41.2,,,,
2011-09-16,226.597,226.118,93.327,91.57,230.682,248.55,3.3,1.6480000000000001,1.938,15647.68,17031.313,54482.0,95.1961,13.356,9.0,16.4,132344.0,429000.0,34.4,23.11,3774.0,64.2,0.08,0.08857142857142856,0.2,2.028,3.316,1.828,2.018,7.552,2.3259999999999996,4.09,9551.5,1643.5,1269.5994,2720060.44,838293.07,138.659,650.0,610.0,,6.3,59.5,380042.0,10783.2,6.4,-43477.0,89.2158,34.61,,-0.04529,0.6195,14790340.0,-1294373.0,-62750.0,41.2,,,,
2011-09-23,226.597,226.118,93.327,91.57,230.682,248.55,3.3,1.582,1.8199999999999998,15647.68,17031.313,54482.0,95.1961,13.356,9.0,16.4,132344.0,422000.0,34.4,23.11,3774.0,64.2,0.08,0.08571428571428572,0.196,1.8719999999999999,3.024,1.6760000000000002,1.864,7.754,2.432,4.09,9551.5,1643.5,1269.5994,2720060.44,838293.07,138.659,650.0,610.0,,6.3,59.5,380042.0,10783.2,6.4,-43477.0,90.7844,37.102,,-0.03638,0.9657,14790340.0,-1294373.0,-62750.0,41.2,,,,
2011-09-30,226.597,226.118,93.327,91.57,230.682,248.55,3.3,1.532,1.8219999999999998,15647.68,17031.313,54482.0,95.1961,13.356,9.0,16.4,132344.0,406000.0,34.4,23.11,3774.0,64.2,0.08,0.07714285714285715,0.258,1.97,3.02,1.7120000000000002,1.952,8.104,2.5460000000000003,4.01,9551.5,1643.5,1269.5994,2720060.44,838293.07,138.659,650.0,610.0,,6.3,59.5,380042.0,10783.2,6.4,-43477.0,91.39934,39.922000000000004,,-0.0387,0.988,14790340.0,-1299599.0,-62750.0,41.2,,,,
2011-10-07,226.75,226.506,93.329,91.614,230.899,246.655,3.2,1.536,1.8219999999999998,15842.259,17222.583,54979.0,95.8568,13.73,8.8,15.8,132553.0,405000.0,34.5,23.18,3619.0,64.1,0.07,0.06857142857142857,0.266,1.9280000000000002,2.876,1.6620000000000001,1.918,8.814,2.682,3.94,9584.4,1638.9,1280.3982,2727962.54,838235.09,137.94,610.0,671.0,,6.0,60.8,382207.0,10802.9,6.3,-45509.0,92.19548,39.31,,-0.0504,1.2417,15222940.0,-1299599.0,-98466.0,41.2,,,,
2011-10-14,226.75,226.506,93.329,91.614,230.899,246.655,3.2,1.6475,1.9575,15842.259,17222.583,54979.0,95.8568,13.73,8.8,15.8,132553.0,410000.0,34.5,23.18,3619.0,64.1,0.07,0.07,0.295,2.2175000000000002,3.1675,1.9224999999999999,2.1975000000000002,8.182,2.57,4.12,9584.4,1638.9,1280.3982,2727962.54,838235.09,137.94,610.0,671.0,,6.0,60.8,382207.0,10802.9,6.3,-45509.0,90.531475,31.216,,-0.07178,0.2716,15222940.0,-1299599.0,-98466.0,41.2,,,,
2011-10-21,226.75,226.506,93.329,91.614,230.899,246.655,3.2,1.7100000000000002,1.968,15842.259,17222.583,54979.0,95.8568,13.73,8.8,15.8,132553.0,395000.0,34.5,23.18,3619.0,64.1,0.07,0.07,0.28400000000000003,2.196,3.184,1.9119999999999997,2.164,7.709999999999999,2.442,4.11,9584.4,1638.9,1280.3982,2727962.54,838235.09,137.94,610.0,671.0,,6.0,60.8,382207.0,10802.9,6.3,-45509.0,90.514,33.098,,-0.08982,0.4829,15222940.0,-1299599.0,-98466.0,41.2,,,,
2011-10-28,226.75,226.506,93.329,91.614,230.899,246.655,3.2,1.844,2.09,15842.259,17222.583,54979.0,95.8568,13.73,8.8,15.8,132553.0,403000.0,34.5,23.18,3619.0,64.1,0.07,0.07142857142857142,0.28600000000000003,2.276,3.286,1.9899999999999998,2.2600000000000002,7.095999999999999,2.266,4.1,9584.4,1638.9,1280.3982,2727962.54,838235.09,137.94,610.0,671.0,,6.0,60.8,382207.0,10802.9,6.3,-45509.0,89.46366,28.266000000000002,,-0.10383,0.1228,15222940.0,-1299599.0,-98466.0,41.2,,,,
2011-11-04,227.169,226.899,93.52,91.808,231.118,247.64,3.2,1.89,2.09,15842.259,17222.583,54979.0,95.8485,13.743,8.6,15.6,132690.0,399000.0,34.4,23.19,3565.0,64.1,0.08,0.08,0.23399999999999999,2.072,3.0740000000000003,1.8379999999999999,2.0620000000000003,7.2700000000000005,2.268,4.0,9636.5,1592.4,1293.2356,2746799.26,842069.65,137.139,711.0,706.0,,5.7,63.7,383422.0,10806.8,6.4,-47460.0,90.15808,31.625999999999998,,-0.1054,0.7229,15222940.0,-1299599.0,-137302.0,41.2,,,,
2011-11-11,227.169,226.899,93.52,91.808,231.118,247.64,3.2,1.895,2.0975,15842.259,17222.583,54979.0,95.8485,13.743,8.6,15.6,132690.0,392000.0,34.4,23.19,3565.0,64.1,0.08,0.08,0.245,2.045,3.0825,1.8,2.035,7.384,2.338,3.99,9636.5,1592.4,1293.2356,2746799.26,842069.65,137.139,711.0,706.0,,5.7,63.7,383422.0,10806.8,6.4,-47460.0,90.52827500000001,31.268,,-0.09818,0.6299,15222940.0,-1299599.0,-137302.0,41.2,,,,
2011-11-18,227.169,226.899,93.52,91.808,231.118,247.64,3.2,1.702,1.9780000000000002,15842.259,17222.583,54979.0,95.8485,13.743,8.6,15.6,132690.0,383000.0,34.4,23.19,3565.0,64.1,0.08,0.08142857142857143,0.264,2.016,3.0420000000000003,1.752,2.004,7.540000000000001,2.442,4.0,9636.5,1592.4,1293.2356,2746799.26,842069.65,137.139,711.0,706.0,,5.7,63.7,383422.0,10806.8,6.4,-47460.0,91.10062,32.474000000000004,,-0.08581,0.8745,15222940.0,-1299599.0,-137302.0,41.2,,,,
2011-11-25,227.169,226.899,93.52,91.808,231.118,247.64,3.2,1.61,1.9024999999999999,15842.259,17222.583,54979.0,95.8485,13.743,8.6,15.6,132690.0,385000.0,34.4,23.19,3565.0,64.1,0.08,0.08142857142857143,0.2675,1.9425,2.9025,1.6749999999999998,1.9224999999999999,7.95,2.618,3.98,9636.5,1592.4,1293.2356,2746799.26,842069.65,137.139,711.0,706.0,,5.7,63.7,383422.0,10806.8,6.4,-47460.0,92.477225,33.332499999999996,,-0.07309,1.0796,15222940.0,-1299599.0,-137302.0,41.2,,,,
2011-12-02,227.223,227.405,93.574,91.96,231.557,243.353,3.1,1.7280000000000002,2.018,15842.259,17222.583,54979.0,96.3571,13.798,8.5,15.2,132888.0,397000.0,34.4,23.22,3768.0,64.0,0.07,0.08,0.26,2.042,3.02,1.782,2.024,7.806,2.646,4.0,9683.9,1598.7,1304.0391,2756224.85,840164.23,136.661,694.0,697.0,,5.3,69.9,383985.0,10817.8,7.2,-49473.0,91.75352000000001,29.1,,-0.07148,0.4935,15222940.0,-1299599.0,-85967.0,41.2,,,,
2011-12-09,227.223,227.405,93.574,91.96,231.557,243.353,3.1,1.72,2.03,15842.259,17222.583,54979.0,96.3571,13.798,8.5,15.2,132888.0,387000.0,34.4,23.22,3768.0,64.0,0.07,0.07714285714285715,0.24,2.04,3.05,1.8,2.028,7.537999999999999,2.57,3.99,9683.9,1598.7,1304.0391,2756224.85,840164.23,136.661,694.0,697.0,,5.3,69.9,383985.0,10817.8,7.2,-49473.0,91.38074,28.322000000000003,,-0.07767,0.4372,15222940.0,-1299599.0,-85967.0,41.2,,,,
2011-12-16,227.223,227.405,93.574,91.96,231.557,243.353,3.1,1.616,1.97,15842.259,17222.583,54979.0,96.3571,13.798,8.5,15.2,132888.0,368000.0,34.4,23.22,3768.0,64.0,0.07,0.07,0.246,1.938,2.946,1.6920000000000002,1.932,7.62,2.616,3.94,9683.9,1598.7,1304.0391,2756224.85,840164.23,136.661,694.0,697.0,,5.3,69.9,383985.0,10817.8,7.2,-49473.0,92.76234,25.304,,-0.09144,0.7058,15222940.0,-1299599.0,-85967.0,41.2,,,,
2011-12-23,227.223,227.405,93.574,91.96,231.557,243.353,3.1,1.6759999999999997,2.028,15842.259,17222.583,54979.0,96.3571,13.798,8.5,15.2,132888.0,368000.0,34.4,23.22,3768.0,64.0,0.07,0.07142857142857142,0.268,1.948,2.952,1.6800000000000002,1.938,7.5,2.612,3.91,9683.9,1598.7,1304.0391,2756224.85,840164.23,136.661,694.0,697.0,,5.3,69.9,383985.0,10817.8,7.2,-49473.0,92.52094,22.292,,-0.11578,0.4474,15222940.0,-1299599.0,-85967.0,41.2,,,,
2011-12-30,227.223,227.405,93.574,91.96,231.557,243.353,3.1,1.62,1.99,15842.259,17222.583,54979.0,96.3571,13.798,8.5,15.2,132888.0,386000.0,34.4,23.22,3768.0,64.0,0.07,0.07,0.2775,1.9375,2.935,1.66,1.92,7.3775,2.5775,3.95,9683.9,1598.7,1304.0391,2756224.85,840164.23,136.661,694.0,697.0,,5.3,69.9,383985.0,10817.8,7.2,-49473.0,92.604275,22.869999999999997,,-0.14979,0.445,15222940.0,-1299599.0,-85967.0,41.2,,,,
2012-01-06,227.842,227.877,93.894,92.235,232.213,244.876,3.3,1.705,2.075,16068.805,17367.01,55342.0,96.9318,14.395,8.3,15.1,133246.0,376000.0,34.5,23.26,3909.0,63.7,0.08,0.05714285714285715,0.26,1.9925000000000002,3.0225,1.7325,1.9725,7.058,2.534,3.91,9757.6,1619.2,1321.3179,2770124.65,840484.51,136.595,723.0,712.0,,5.3,75.0,387531.0,10896.8,7.4,-50126.0,92.2713,21.825,,-0.19102,0.316,15606518.0,-1299599.0,-27407.0,41.2,,,,
2012-01-13,227.842,227.877,93.894,92.235,232.213,244.876,3.3,1.6960000000000002,2.058,16068.805,17367.01,55342.0,96.9318,14.395,8.3,15.1,133246.0,391000.0,34.5,23.26,3909.0,63.7,0.08,0.07857142857142858,0.24,1.948,2.98,1.7079999999999997,1.9259999999999997,6.968000000000001,2.484,3.89,9757.6,1619.2,1321.3179,2770124.65,840484.51,136.595,723.0,712.0,,5.3,75.0,387531.0,10896.8,7.4,-50126.0,92.46155999999999,20.838,,-0.23714,0.3626,15606518.0,-1299599.0,-27407.0,41.2,,,,
2012-01-20,227.842,227.877,93.894,92.235,232.213,244.876,3.3,1.7349999999999999,2.04,16068.805,17367.01,55342.0,96.9318,14.395,8.3,15.1,133246.0,367000.0,34.5,23.26,3909.0,63.7,0.08,0.09142857142857143,0.2425,1.9625,3.0,1.72,1.9224999999999999,6.872,2.43,3.88,9757.6,1619.2,1321.3179,2770124.65,840484.51,136.595,723.0,712.0,,5.3,75.0,387531.0,10896.8,7.4,-50126.0,91.60155,20.310000000000002,,-0.28301,0.2166,15606518.0,-1299599.0,-27407.0,41.2,,,,
2012-01-27,227.842,227.877,93.894,92.235,232.213,244.876,3.3,1.83,2.104,16068.805,17367.01,55342.0,96.9318,14.395,8.3,15.1,133246.0,381000.0,34.5,23.26,3909.0,63.7,0.08,0.08714285714285715,0.23199999999999998,2.0140000000000002,3.12,1.782,1.968,6.604000000000001,2.312,3.98,9757.6,1619.2,1321.3179,2770124.65,840484.51,136.595,723.0,712.0,,5.3,75.0,387531.0,10896.8,7.4,-50126.0,90.81922,18.598000000000003,,-0.32452,0.1033,15606518.0,-1299599.0,-27407.0,41.2,,4.3,,
2012-02-03,228.329,228.034,94.104,92.364,232.14,248.898,3.3,1.8820000000000001,2.1420000000000003,16068.805,17367.01,55342.0,97.2435,14.975,8.3,15.0,133509.0,372000.0,34.5,23.28,3616.0,63.8,0.1,0.10142857142857142,0.22600000000000003,1.8800000000000001,3.016,1.654,1.814,6.554,2.258,3.87,9809.8,1659.9,1344.1778,2777643.62,842731.81,136.521,704.0,738.0,,4.8,75.3,392310.0,10987.2,7.3,-42780.0,90.17038,18.494,,-0.35706,0.087,15606518.0,-1299599.0,-231677.0,41.2,,4.3,,
2012-02-10,228.329,228.034,94.104,92.364,232.14,248.898,3.3,1.9119999999999997,2.2060000000000004,16068.805,17367.01,55342.0,97.2435,14.975,8.3,15.0,133509.0,368000.0,34.5,23.28,3616.0,63.8,0.1,0.11142857142857143,0.26,1.988,3.134,1.7280000000000002,1.902,6.34,2.158,3.87,9809.8,1659.9,1344.1778,2777643.62,842731.81,136.521,704.0,738.0,,4.8,75.3,392310.0,10987.2,7.3,-42780.0,89.75399999999999,18.598,,-0.38087,-0.1081,15606518.0,-1299599.0,-231677.0,41.2,,4.3,,
2012-02-17,228.329,228.034,94.104,92.364,232.14,248.898,3.3,1.9300000000000002,2.212,16068.805,17367.01,55342.0,97.2435,14.975,8.3,15.0,133509.0,361000.0,34.5,23.28,3616.0,63.8,0.1,0.11428571428571428,0.29,1.968,3.118,1.6780000000000002,1.862,6.254,2.136,3.87,9809.8,1659.9,1344.1778,2777643.62,842731.81,136.521,704.0,738.0,,4.8,75.3,392310.0,10987.2,7.3,-42780.0,90.16310000000001,19.344,,-0.39652,0.0009,15606518.0,-1299599.0,-231677.0,41.2,,4.3,,
2012-02-24,228.329,228.034,94.104,92.364,232.14,248.898,3.3,2.01,2.2775,16068.805,17367.01,55342.0,97.2435,14.975,8.3,15.0,133509.0,359000.0,34.5,23.28,3616.0,63.8,0.1,0.08857142857142856,0.305,2.0075,3.145,1.7025,1.9175,6.122,2.102,3.95,9809.8,1659.9,1344.1778,2777643.62,842731.81,136.521,704.0,738.0,,4.8,75.3,392310.0,10987.2,7.3,-42780.0,90.070025,17.622500000000002,,-0.40856,-0.1268,15606518.0,-1299599.0,-231677.0,41.2,,4.3,,
2012-03-02,228.807,228.478,94.284,92.521,232.591,249.742,3.9,1.988,2.248,16068.805,17367.01,55342.0,96.74,14.594,8.2,14.6,133748.0,365000.0,34.5,23.36,3979.0,63.8,0.13,0.09999999999999999,0.296,1.972,3.09,1.6759999999999997,1.8820000000000001,5.99,2.036,3.9,9853.9,1606.3,1350.492,2791565.95,842774.94,137.893,695.0,806.0,,4.9,76.2,393698.0,10993.9,7.6,-49749.0,89.88784000000001,17.826,,-0.41948,-0.1362,15606518.0,-1299599.0,-198157.0,41.2,,4.3,,
2012-03-09,228.807,228.478,94.284,92.521,232.591,249.742,3.9,1.984,2.218,16068.805,17367.01,55342.0,96.74,14.594,8.2,14.6,133748.0,375000.0,34.5,23.36,3979.0,63.8,0.13,0.11142857142857143,0.312,2.002,3.1399999999999997,1.69,1.92,6.128,2.018,3.88,9853.9,1606.3,1350.492,2791565.95,842774.94,137.893,695.0,806.0,,4.9,76.2,393698.0,10993.9,7.6,-49749.0,90.49521999999999,18.61,,-0.42766,-0.0093,15606518.0,-1299599.0,-198157.0,41.2,,4.3,,
2012-03-16,228.807,228.478,94.284,92.521,232.591,249.742,3.9,2.118,2.35,16068.805,17367.01,55342.0,96.74,14.594,8.2,14.6,133748.0,369000.0,34.5,23.36,3979.0,63.8,0.13,0.1285714285714286,0.364,2.214,3.336,1.85,2.128,5.918,1.952,3.92,9853.9,1606.3,1350.492,2791565.95,842774.94,137.893,695.0,806.0,,4.9,76.2,393698.0,10993.9,7.6,-49749.0,90.68884,15.128,,-0.43512,-0.3834,15606518.0,-1299599.0,-198157.0,41.2,,4.3,,
2012-03-23,228.807,228.478,94.284,92.521,232.591,249.742,3.9,2.098,2.3920000000000003,16068.805,17367.01,55342.0,96.74,14.594,8.2,14.6,133748.0,368000.0,34.5,23.36,3979.0,63.8,0.13,0.14714285714285716,0.386,2.3240000000000003,3.4,1.938,2.234,5.856,1.9,4.08,9853.9,1606.3,1350.492,2791565.95,842774.94,137.893,695.0,806.0,,4.9,76.2,393698.0,10993.9,7.6,-49749.0,90.60254,15.228,,-0.43875,-0.2348,15606518.0,-1299599.0,-198157.0,41.2,,4.3,,
2012-03-30,228.807,228.478,94.284,92.521,232.591,249.742,3.9,2.0140000000000002,2.324,16068.805,17367.01,55342.0,96.74,14.594,8.2,14.6,133748.0,363000.0,34.5,23.36,3979.0,63.8,0.13,0.13,0.33799999999999997,2.216,3.31,1.8780000000000001,2.134,5.9479999999999995,1.918,3.99,9853.9,1606.3,1350.492,2791565.95,842774.94,137.893,695.0,806.0,,4.9,76.2,393698.0,10993.9,7.6,-49749.0,90.4794,15.26,,-0.43667,-0.1262,15606518.0,-1299599.0,-198157.0,41.2,,4.3,,
2012-04-06,229.187,228.905,94.408,92.661,233.044,249.677,3.2,1.968,2.304,16207.115,17444.525,55490.0,97.4359,14.769,8.2,14.7,133825.0,358000.0,34.4,23.39,3793.0,63.7,0.14,0.12857142857142856,0.34199999999999997,2.206,3.332,1.864,2.128,5.986,1.932,3.98,9907.7,1586.7,1368.5956,2802317.58,838276.76,139.143,753.0,732.0,,4.9,76.4,392073.0,11018.5,7.9,-46842.0,90.61662,16.11,,-0.42909,-0.0876,15855037.0,-1299599.0,59117.0,41.2,,4.3,,
2012-04-13,229.187,228.905,94.408,92.661,233.044,249.677,3.2,1.8960000000000001,2.27,16207.115,17444.525,55490.0,97.4359,14.769,8.2,14.7,133825.0,387000.0,34.4,23.39,3793.0,63.7,0.14,0.1442857142857143,0.292,2.0439999999999996,3.1700000000000004,1.752,1.954,6.272,2.0140000000000002,3.88,9907.7,1586.7,1368.5956,2802317.58,838276.76,139.143,753.0,732.0,,4.9,76.4,392073.0,11018.5,7.9,-46842.0,91.04744000000001,19.194,,-0.41635,0.1432,15855037.0,-1299599.0,59117.0,41.2,,4.3,,
2012-04-20,229.187,228.905,94.408,92.661,233.044,249.677,3.2,1.908,2.246,16207.115,17444.525,55490.0,97.4359,14.769,8.2,14.7,133825.0,381000.0,34.4,23.39,3793.0,63.7,0.14,0.1442857142857143,0.274,2.0,3.128,1.7259999999999998,1.924,6.172,2.016,3.9,9907.7,1586.7,1368.5956,2802317.58,838276.76,139.143,753.0,732.0,,4.9,76.4,392073.0,11018.5,7.9,-46842.0,90.96482,18.490000000000002,,-0.40071,-0.1207,15855037.0,-1299599.0,59117.0,41.2,,4.3,,
2012-04-27,229.187,228.905,94.408,92.661,233.044,249.677,3.2,2.016,2.25,16207.115,17444.525,55490.0,97.4359,14.769,8.2,14.7,133825.0,387000.0,34.4,23.39,3793.0,63.7,0.14,0.13285714285714287,0.264,1.982,3.12,1.718,1.8939999999999997,6.093999999999999,2.024,3.88,9907.7,1586.7,1368.5956,2802317.58,838276.76,139.143,753.0,732.0,,4.9,76.4,392073.0,11018.5,7.9,-46842.0,90.724,17.29,,-0.37973,-0.1729,15855037.0,-1299599.0,59117.0,41.2,,4.3,,
2012-05-04,228.713,229.224,94.302,92.755,233.219,241.806,3.0,2.02,2.238,16207.115,17444.525,55490.0,97.6609,14.496,8.2,14.8,133932.0,372000.0,34.3,23.41,3835.0,63.7,0.16,0.14857142857142858,0.272,1.952,3.116,1.6800000000000002,1.866,5.964,2.0119999999999996,3.84,9951.4,1558.5,1379.0397,2817982.27,839975.12,140.144,708.0,796.0,,4.7,79.3,391376.0,11006.8,7.9,-45106.0,90.60682,17.47,,-0.35374,-0.2315,15855037.0,-1299599.0,-124636.0,41.2,,4.3,,
2012-05-11,228.713,229.224,94.302,92.755,233.219,241.806,3.0,1.94,2.15,16207.115,17444.525,55490.0,97.6609,14.496,8.2,14.8,133932.0,373000.0,34.3,23.41,3835.0,63.7,0.16,0.15571428571428572,0.27,1.8800000000000001,3.0439999999999996,1.61,1.784,6.002,2.026,3.83,9951.4,1558.5,1379.0397,2817982.27,839975.12,140.144,708.0,796.0,,4.7,79.3,391376.0,11006.8,7.9,-45106.0,91.53738000000001,19.357999999999997,,-0.32235,-0.0562,15855037.0,-1299599.0,-124636.0,41.2,,4.3,,
2012-05-18,228.713,229.224,94.302,92.755,233.219,241.806,3.0,1.888,2.094,16207.115,17444.525,55490.0,97.6609,14.496,8.2,14.8,133932.0,369000.0,34.3,23.41,3835.0,63.7,0.16,0.15714285714285717,0.304,1.7420000000000002,2.872,1.438,1.6480000000000001,6.288,2.1420000000000003,3.79,9951.4,1558.5,1379.0397,2817982.27,839975.12,140.144,708.0,796.0,,4.7,79.3,391376.0,11006.8,7.9,-45106.0,92.75566,23.14,,-0.28917,0.3141,15855037.0,-1299599.0,-124636.0,41.2,,4.3,,
2012-05-25,228.713,229.224,94.302,92.755,233.219,241.806,3.0,1.8199999999999998,2.148,16207.115,17444.525,55490.0,97.6609,14.496,8.2,14.8,133932.0,371000.0,34.3,23.41,3835.0,63.7,0.16,0.15571428571428572,0.294,1.7579999999999998,2.84,1.464,1.666,6.618,2.242,3.78,9951.4,1558.5,1379.0397,2817982.27,839975.12,140.144,708.0,796.0,,4.7,79.3,391376.0,11006.8,7.9,-45106.0,93.56856,22.024,,-0.26265,0.2175,15855037.0,-1299599.0,-124636.0,41.2,,4.3,,
2012-06-01,228.524,229.623,94.254,92.85,233.683,235.897,3.1,1.71,2.085,16207.115,17444.525,55490.0,97.6663,14.467,8.2,14.7,134013.0,381000.0,34.4,23.46,3911.0,63.8,0.16,0.15571428571428572,0.2725,1.6075,2.6925,1.335,1.5325,6.81,2.27,3.75,10021.6,1555.4,1397.9731,2829850.8,838818.52,141.019,757.0,794.0,,4.8,73.2,387901.0,10989.8,7.9,-42941.0,94.390125,23.9725,,-0.24376,0.316,15855037.0,-1299599.0,-59741.0,41.2,,4.3,,
2012-06-08,228.524,229.623,94.254,92.85,233.683,235.897,3.1,1.738,2.136,16207.115,17444.525,55490.0,97.6663,14.467,8.2,14.7,134013.0,377000.0,34.4,23.46,3911.0,63.8,0.16,0.1642857142857143,0.262,1.614,2.6879999999999997,1.3519999999999999,1.528,7.072,2.298,3.67,10021.6,1555.4,1397.9731,2829850.8,838818.52,141.019,757.0,794.0,,4.8,73.2,387901.0,10989.8,7.9,-42941.0,94.22988000000001,23.182,,-0.23648,0.2888,15855037.0,-1299599.0,-59741.0,41.2,,4.3,,
2012-06-15,228.524,229.623,94.254,92.85,233.683,235.897,3.1,1.81,2.13,16207.115,17444.525,55490.0,97.6663,14.467,8.2,14.7,134013.0,383000.0,34.4,23.46,3911.0,63.8,0.16,0.16999999999999998,0.292,1.624,2.722,1.332,1.526,6.88,2.252,3.71,10021.6,1555.4,1397.9731,2829850.8,838818.52,141.019,757.0,794.0,,4.8,73.2,387901.0,10989.8,7.9,-42941.0,93.85452000000001,22.541999999999998,,-0.24195,0.061,15855037.0,-1299599.0,-59741.0,41.2,,4.3,,
2012-06-22,228.524,229.623,94.254,92.85,233.683,235.897,3.1,1.8219999999999998,2.134,16207.115,17444.525,55490.0,97.6663,14.467,8.2,14.7,134013.0,384000.0,34.4,23.46,3911.0,63.8,0.16,0.17142857142857143,0.308,1.64,2.71,1.332,1.548,6.608,2.2,3.66,10021.6,1555.4,1397.9731,2829850.8,838818.52,141.019,757.0,794.0,,4.8,73.2,387901.0,10989.8,7.9,-42941.0,93.4828,18.426,,-0.25729,-0.1053,15855037.0,-1299599.0,-59741.0,41.2,,4.3,,
2012-06-29,228.524,229.623,94.254,92.85,233.683,235.897,3.1,1.688,2.104,16207.115,17444.525,55490.0,97.6663,14.467,8.2,14.7,134013.0,380000.0,34.4,23.46,3911.0,63.8,0.16,0.15142857142857144,0.314,1.642,2.706,1.328,1.548,6.514,2.176,3.66,10021.6,1555.4,1397.9731,2829850.8,838818.52,141.019,757.0,794.0,,4.8,73.2,387901.0,10989.8,7.9,-42941.0,93.79285999999999,19.268,,-0.27663,-0.0224,15855037.0,-1299599.0,-59741.0,41.2,,4.3,,
2012-07-06,228.59,229.97,94.288,92.946,233.845,233.568,3.0,1.76,2.1174999999999997,16319.541,17469.65,55454.0,97.8713,14.38,8.2,14.7,134157.0,372000.0,34.4,23.49,3735.0,63.7,0.16,0.14857142857142858,0.2875,1.6125,2.7025,1.3250000000000002,1.525,6.416666666666667,2.1233333333333335,3.62,10074.5,1583.8,1413.7811,2840049.63,837490.26,141.659,740.0,849.0,,4.6,72.3,389686.0,11016.8,7.0,-42406.0,93.1329,17.015,,-0.29965,-0.1092,16066240.0,-1299599.0,-69604.0,41.2,,4.3,,
2012-07-13,228.59,229.97,94.288,92.946,233.845,233.568,3.0,1.778,2.104,16319.541,17469.65,55454.0,97.8713,14.38,8.2,14.7,134157.0,360000.0,34.4,23.49,3735.0,63.7,0.16,0.1742857142857143,0.262,1.524,2.5940000000000003,1.262,1.428,6.406000000000001,2.0919999999999996,3.56,10074.5,1583.8,1413.7811,2840049.63,837490.26,141.659,740.0,849.0,,4.6,72.3,389686.0,11016.8,7.0,-42406.0,93.6664,17.944,,-0.32333,-0.0186,16066240.0,-1299599.0,-69604.0,41.2,,4.3,,
2012-07-20,228.59,229.97,94.288,92.946,233.845,233.568,3.0,1.7879999999999998,2.134,16319.541,17469.65,55454.0,97.8713,14.38,8.2,14.7,134157.0,390000.0,34.4,23.49,3735.0,63.7,0.16,0.16428571428571428,0.22999999999999998,1.516,2.5799999999999996,1.286,1.422,6.322,2.0119999999999996,3.53,10074.5,1583.8,1413.7811,2840049.63,837490.26,141.659,740.0,849.0,,4.6,72.3,389686.0,11016.8,7.0,-42406.0,93.24578,16.294,,-0.34714,-0.188,16066240.0,-1299599.0,-69604.0,41.2,,4.3,,
2012-07-27,228.59,229.97,94.288,92.946,233.845,233.568,3.0,1.7259999999999998,2.134,16319.541,17469.65,55454.0,97.8713,14.38,8.2,14.7,134157.0,368000.0,34.4,23.49,3735.0,63.7,0.16,0.13999999999999999,0.22800000000000004,1.474,2.5140000000000002,1.246,1.37,6.35,1.9959999999999998,3.49,10074.5,1583.8,1413.7811,2840049.63,837490.26,141.659,740.0,849.0,,4.6,72.3,389686.0,11016.8,7.0,-42406.0,93.70848,18.532,,-0.36849,-0.0486,16066240.0,-1299599.0,-69604.0,41.2,,4.3,,
2012-08-03,229.918,230.233,94.605,93.005,234.244,244.987,3.6,1.832,2.212,16319.541,17469.65,55454.0,97.4525,14.444,8.1,14.6,134339.0,372000.0,34.4,23.48,3809.0,63.5,0.13,0.1385714285714286,0.236,1.542,2.588,1.306,1.442,6.12,1.934,3.55,10145.6,1582.2,1425.6215,2857102.48,841409.15,142.269,754.0,840.0,,4.6,74.3,394524.0,11056.0,6.7,-44030.0,92.96336,17.826,,-0.38987,-0.3043,16066240.0,-1299599.0,-190533.0,41.2,,4.3,,
2012-08-10,229.918,230.233,94.605,93.005,234.244,244.987,3.6,1.916,2.278,16319.541,17469.65,55454.0,97.4525,14.444,8.1,14.6,134339.0,371000.0,34.4,23.48,3809.0,63.5,0.13,0.13428571428571429,0.27199999999999996,1.654,2.728,1.3820000000000001,1.548,5.938000000000001,1.884,3.59,10145.6,1582.2,1425.6215,2857102.48,841409.15,142.269,754.0,840.0,,4.6,74.3,394524.0,11056.0,6.7,-44030.0,92.5212,15.456,,-0.40901,-0.3524,16066240.0,-1299599.0,-190533.0,41.2,,4.3,,
2012-08-17,229.918,230.233,94.605,93.005,234.244,244.987,3.6,1.892,2.246,16319.541,17469.65,55454.0,97.4525,14.444,8.1,14.6,134339.0,369000.0,34.4,23.48,3809.0,63.5,0.13,0.13,0.278,1.764,2.87,1.486,1.666,5.9079999999999995,1.862,3.62,10145.6,1582.2,1425.6215,2857102.48,841409.15,142.269,754.0,840.0,,4.6,74.3,394524.0,11056.0,6.7,-44030.0,92.63584,14.184000000000001,,-0.42718,-0.2651,16066240.0,-1299599.0,-190533.0,41.2,,4.3,,
2012-08-24,229.918,230.233,94.605,93.005,234.244,244.987,3.6,1.8960000000000001,2.268,16319.541,17469.65,55454.0,97.4525,14.444,8.1,14.6,134339.0,376000.0,34.4,23.48,3809.0,63.5,0.13,0.13,0.27999999999999997,1.738,2.846,1.458,1.6300000000000001,5.866,1.8400000000000003,3.66,10145.6,1582.2,1425.6215,2857102.48,841409.15,142.269,754.0,840.0,,4.6,74.3,394524.0,11056.0,6.7,-44030.0,92.35040000000001,15.057999999999998,,-0.44522,-0.3188,16066240.0,-1299599.0,-190533.0,41.2,,4.3,,
2012-08-31,229.918,230.233,94.605,93.005,234.244,244.987,3.6,1.954,2.284,16319.541,17469.65,55454.0,97.4525,14.444,8.1,14.6,134339.0,377000.0,34.4,23.48,3809.0,63.5,0.13,0.13142857142857142,0.262,1.6300000000000001,2.742,1.3679999999999999,1.526,5.886,1.846,3.59,10145.6,1582.2,1425.6215,2857102.48,841409.15,142.269,754.0,840.0,,4.6,74.3,394524.0,11056.0,6.7,-44030.0,92.33814,17.04,,-0.46255,-0.2237,16066240.0,-1299599.0,-190533.0,41.2,,4.3,,
2012-09-07,231.015,230.659,94.893,93.119,234.404,252.987,3.3,1.9975,2.305,16319.541,17469.65,55454.0,97.381,15.099,7.8,14.8,134517.0,371000.0,34.4,23.57,3882.0,63.6,0.14,0.14285714285714285,0.25,1.635,2.75,1.385,1.5275,5.8740000000000006,1.8400000000000003,3.55,10226.1,1517.5,1434.331,2865789.74,841567.54,142.897,847.0,930.0,,4.5,78.3,397681.0,11105.3,7.2,-38794.0,91.88215,16.425,,-0.48094,-0.3576,16066240.0,-1299599.0,75180.0,41.2,,4.3,,
2012-09-14,231.015,230.659,94.893,93.119,234.404,252.987,3.3,2.186,2.446,16319.541,17469.65,55454.0,97.381,15.099,7.8,14.8,134517.0,393000.0,34.4,23.57,3882.0,63.6,0.14,0.15142857142857144,0.252,1.7559999999999998,2.9259999999999997,1.504,1.654,5.526,1.764,3.55,10226.1,1517.5,1434.331,2865789.74,841567.54,142.897,847.0,930.0,,4.5,78.3,397681.0,11105.3,7.2,-38794.0,90.90444,15.41,,-0.50009,-0.6348,16066240.0,-1299599.0,75180.0,41.2,,4.0,,
2012-09-21,231.015,230.659,94.893,93.119,234.404,252.987,3.3,2.224,2.532,16319.541,17469.65,55454.0,97.381,15.099,7.8,14.8,134517.0,392000.0,34.4,23.57,3882.0,63.6,0.14,0.15714285714285717,0.262,1.8060000000000003,2.982,1.544,1.698,5.358,1.6759999999999997,3.49,10226.1,1517.5,1434.331,2865789.74,841567.54,142.897,847.0,930.0,,4.5,78.3,397681.0,11105.3,7.2,-38794.0,90.5097,14.14,,-0.51624,-0.6697,16066240.0,-1299599.0,75180.0,41.2,,4.0,,
2012-09-28,231.015,230.659,94.893,93.119,234.404,252.987,3.3,2.122,2.436,16319.541,17469.65,55454.0,97.381,15.099,7.8,14.8,134517.0,377000.0,34.4,23.57,3882.0,63.6,0.14,0.14142857142857143,0.256,1.6780000000000002,2.842,1.422,1.574,5.662,1.686,3.4,10226.1,1517.5,1434.331,2865789.74,841567.54,142.897,847.0,930.0,,4.5,78.3,397681.0,11105.3,7.2,-38794.0,90.8049,15.392000000000001,,-0.5293,-0.3306,16066240.0,-1299599.0,75180.0,41.2,,4.0,,
2012-10-05,231.638,231.024,95.174,93.345,234.843,256.017,3.1,2.1879999999999997,2.498,16420.419,17489.852,55403.0,97.7193,14.83,7.8,14.4,134669.0,376000.0,34.4,23.56,3775.0,63.8,0.16,0.1357142857142857,0.242,1.674,2.8579999999999997,1.432,1.578,5.669999999999999,1.6616666666666664,3.36,10292.4,1525.6,1449.5834,2881779.34,843409.68,143.59,915.0,887.0,,4.9,82.6,397494.0,11137.4,7.8,-41467.0,90.5992,15.268,,-0.54028,-0.5609,16432730.0,-1076573.0,-119995.0,41.2,,4.0,,
2012-10-12,231.638,231.024,95.174,93.345,234.843,256.017,3.1,2.21,2.5025,16420.419,17489.852,55403.0,97.7193,14.83,7.8,14.4,134669.0,350000.0,34.4,23.56,3775.0,63.8,0.16,0.15571428571428572,0.2675,1.7125,2.8775,1.4449999999999998,1.61,5.568,1.598,3.39,10292.4,1525.6,1449.5834,2881779.34,843409.68,143.59,915.0,887.0,,4.9,82.6,397494.0,11137.4,7.8,-41467.0,90.795075,15.9,,-0.54723,-0.5943,16432730.0,-1076573.0,-119995.0,41.2,,4.0,,
2012-10-19,231.638,231.024,95.174,93.345,234.843,256.017,3.1,2.2,2.488,16420.419,17489.852,55403.0,97.7193,14.83,7.8,14.4,134669.0,386000.0,34.4,23.56,3775.0,63.8,0.16,0.15714285714285717,0.286,1.786,2.94,1.5,1.684,5.34,1.498,3.37,10292.4,1525.6,1449.5834,2881779.34,843409.68,143.59,915.0,887.0,,4.9,82.6,397494.0,11137.4,7.8,-41467.0,90.52423999999999,15.530000000000001,,-0.55136,-0.7228,16432730.0,-1076573.0,-119995.0,41.2,,4.0,,
2012-10-26,231.638,231.024,95.174,93.345,234.843,256.017,3.1,2.134,2.496,16420.419,17489.852,55403.0,97.7193,14.83,7.8,14.4,134669.0,374000.0,34.4,23.56,3775.0,63.8,0.16,0.15857142857142859,0.302,1.812,2.938,1.51,1.702,5.364,1.484,3.41,10292.4,1525.6,1449.5834,2881779.34,843409.68,143.59,915.0,887.0,,4.9,82.6,397494.0,11137.4,7.8,-41467.0,91.03484,17.942,,-0.55121,-0.4546,16432730.0,-1076573.0,-119995.0,41.2,,4.0,,
2012-11-02,231.249,231.33,95.109,93.445,235.253,248.819,3.1,2.115,2.4925,16420.419,17489.852,55403.0,98.0777,15.456,7.7,14.4,134825.0,364000.0,34.4,23.63,3878.0,63.6,0.16,0.16714285714285712,0.295,1.74,2.88,1.4449999999999998,1.6325,5.55,1.5,3.39,10361.9,1546.1,1457.5771,2903346.97,845827.77,144.574,833.0,917.0,,4.6,82.7,399708.0,11178.4,8.7,-45332.0,91.18786666666666,17.62666666666667,,-0.54998,-0.4261,16432730.0,-1076573.0,-172112.0,41.2,,4.0,,
2012-11-09,231.249,231.33,95.109,93.445,235.253,248.819,3.1,2.0780000000000003,2.472,16420.419,17489.852,55403.0,98.0777,15.456,7.7,14.4,134825.0,365000.0,34.4,23.63,3878.0,63.6,0.16,0.16142857142857145,0.278,1.682,2.83,1.404,1.582,5.6259999999999994,1.534,3.4,10361.9,1546.1,1457.5771,2903346.97,845827.77,144.574,833.0,917.0,,4.6,82.7,399708.0,11178.4,8.7,-45332.0,91.48892000000001,18.436,,-0.54818,-0.4084,16432730.0,-1076573.0,-172112.0,41.2,,4.0,,
2012-11-16,231.249,231.33,95.109,93.445,235.253,248.819,3.1,2.0175,2.4,16420.419,17489.852,55403.0,98.0777,15.456,7.7,14.4,134825.0,446000.0,34.4,23.63,3878.0,63.6,0.16,0.16,0.25,1.585,2.725,1.335,1.4975,5.87,1.6,3.34,10361.9,1546.1,1457.5771,2903346.97,845827.77,144.574,833.0,917.0,,4.6,82.7,399708.0,11178.4,8.7,-45332.0,91.85575,17.130000000000003,,-0.5477,-0.2884,16432730.0,-1076573.0,-172112.0,41.2,,4.0,,
2012-11-23,231.249,231.33,95.109,93.445,235.253,248.819,3.1,2.0475,2.4025,16420.419,17489.852,55403.0,98.0777,15.456,7.7,14.4,134825.0,406000.0,34.4,23.63,3878.0,63.6,0.16,0.16,0.27,1.665,2.81,1.395,1.5725,5.758,1.61,3.31,10361.9,1546.1,1457.5771,2903346.97,845827.77,144.574,833.0,917.0,,4.6,82.7,399708.0,11178.4,8.7,-45332.0,91.51185,15.1925,,-0.55142,-0.6504,16432730.0,-1076573.0,-172112.0,41.2,,4.0,,
2012-11-30,231.249,231.33,95.109,93.445,235.253,248.819,3.1,2.0119999999999996,2.3920000000000003,16420.419,17489.852,55403.0,98.0777,15.456,7.7,14.4,134825.0,388000.0,34.4,23.63,3878.0,63.6,0.16,0.16,0.262,1.634,2.7960000000000003,1.372,1.54,5.644,1.6039999999999999,3.32,10361.9,1546.1,1457.5771,2903346.97,845827.77,144.574,833.0,917.0,,4.6,82.7,399708.0,11178.4,8.7,-45332.0,91.23678,15.572,,-0.55708,-0.5889,16432730.0,-1076573.0,-172112.0,41.2,,4.0,,
2012-12-07,231.221,231.725,95.094,93.514,235.677,244.708,3.2,2.06,2.46,16420.419,17489.852,55403.0,98.3101,15.462,7.9,14.4,135074.0,375000.0,34.5,23.72,3970.0,63.7,0.16,0.16142857142857145,0.25,1.616,2.786,1.366,1.518,5.518,1.598,3.34,10484.1,1570.4,1474.5892,2912905.02,839980.84,145.491,976.0,941.0,,4.5,72.9,401093.0,11181.2,10.9,-36334.0,91.00642,16.54,,-0.56557,-0.638,16432730.0,-1076573.0,-1191.0,41.2,,4.0,,
2012-12-14,231.221,231.725,95.094,93.514,235.677,244.708,3.2,2.094,2.488,16420.419,17489.852,55403.0,98.3101,15.462,7.9,14.4,135074.0,340000.0,34.5,23.72,3970.0,63.7,0.16,0.1642857142857143,0.248,1.6939999999999997,2.8600000000000003,1.446,1.626,5.32,1.582,3.32,10484.1,1570.4,1474.5892,2912905.02,839980.84,145.491,976.0,941.0,,4.5,72.9,401093.0,11181.2,10.9,-36334.0,90.81316,16.226,,-0.57695,-0.6915,16432730.0,-1076573.0,-1191.0,41.2,,4.0,,
2012-12-21,231.221,231.725,95.094,93.514,235.677,244.708,3.2,2.128,2.4899999999999998,16420.419,17489.852,55403.0,98.3101,15.462,7.9,14.4,135074.0,356000.0,34.5,23.72,3970.0,63.7,0.16,0.1685714285714286,0.27,1.8039999999999998,2.968,1.534,1.748,5.228,1.542,3.37,10484.1,1570.4,1474.5892,2912905.02,839980.84,145.491,976.0,941.0,,4.5,72.9,401093.0,11181.2,10.9,-36334.0,90.63698,16.956,,-0.58933,-0.6617,16432730.0,-1076573.0,-1191.0,41.2,,4.0,,
2012-12-28,231.221,231.725,95.094,93.514,235.677,244.708,3.2,2.1025,2.4725,16420.419,17489.852,55403.0,98.3101,15.462,7.9,14.4,135074.0,362000.0,34.5,23.72,3970.0,63.7,0.16,0.17285714285714285,0.2625,1.7575,2.9125,1.495,1.6975,5.265000000000001,1.5350000000000001,3.35,10484.1,1570.4,1474.5892,2912905.02,839980.84,145.491,976.0,941.0,,4.5,72.9,401093.0,11181.2,10.9,-36334.0,91.0604,19.877499999999998,,-0.60139,-0.4528,16432730.0,-1076573.0,-1191.0,41.2,,4.0,,
2013-01-04,231.679,232.229,95.275,93.703,236.011,245.025,3.3,2.1125,2.4675000000000002,16648.189,17662.4,55859.0,98.3342,15.813,8.0,14.5,135257.0,362000.0,34.4,23.74,3923.0,63.7,0.14,0.1457142857142857,0.265,1.8725,3.0525,1.6075,1.8025,5.15,1.495,3.34,10508.1,1636.9,1485.1014,2931381.51,844794.66,146.815,888.0,940.0,,4.0,73.8,404434.0,11252.4,4.9,-40135.0,90.922425,15.2725,,-0.61587,-0.7287,16771381.0,-1076573.0,2886.0,40.9,,4.0,,
2013-01-11,231.679,232.229,95.275,93.703,236.011,245.025,3.3,2.1740000000000004,2.516,16648.189,17662.4,55859.0,98.3342,15.813,8.0,14.5,135257.0,363000.0,34.4,23.74,3923.0,63.7,0.14,0.15,0.256,1.8980000000000001,3.07,1.642,1.832,4.9799999999999995,1.452,3.4,10508.1,1636.9,1485.1014,2931381.51,844794.66,146.815,888.0,940.0,,4.0,73.8,404434.0,11252.4,4.9,-40135.0,90.84574,13.613999999999999,,-0.62853,-0.7161,16771381.0,-1076573.0,2886.0,40.9,,4.0,,
2013-01-18,231.679,232.229,95.275,93.703,236.011,245.025,3.3,2.178,2.524,16648.189,17662.4,55859.0,98.3342,15.813,8.0,14.5,135257.0,344000.0,34.4,23.74,3923.0,63.7,0.14,0.14142857142857143,0.264,1.8699999999999999,3.034,1.6060000000000003,1.7899999999999998,4.918,1.466,3.38,10508.1,1636.9,1485.1014,2931381.51,844794.66,146.815,888.0,940.0,,4.0,73.8,404434.0,11252.4,4.9,-40135.0,90.60368,13.303999999999998,,-0.63803,-0.7349,16771381.0,-1076573.0,2886.0,40.9,,4.0,,
2013-01-25,231.679,232.229,95.275,93.703,236.011,245.025,3.3,2.1975,2.525,16648.189,17662.4,55859.0,98.3342,15.813,8.0,14.5,135257.0,339000.0,34.4,23.74,3923.0,63.7,0.14,0.14,0.2575,1.895,3.055,1.6375,1.815,4.832,1.464,3.42,10508.1,1636.9,1485.1014,2931381.51,844794.66,146.815,888.0,940.0,,4.0,73.8,404434.0,11252.4,4.9,-40135.0,90.9062,12.6175,,-0.64477,-0.7719,16771381.0,-1076573.0,2886.0,40.9,,4.0,,
2013-02-01,232.937,232.569,95.614,93.805,235.992,255.696,3.3,2.288,2.572,16648.189,17662.4,55859.0,98.7941,15.861,7.7,14.3,135546.0,366000.0,34.5,23.78,4004.0,63.4,0.15,0.13571428571428573,0.27999999999999997,2.024,3.18,1.7440000000000002,1.956,4.846,1.456,3.53,10527.5,1733.4,1491.2673,2953480.76,850406.45,147.772,962.0,980.0,,4.1,77.6,409118.0,11290.5,4.7,-41004.0,90.90997999999999,13.675999999999998,,-0.64832,-0.6667,16771381.0,-1076573.0,-203539.0,40.9,,4.0,,
2013-02-08,232.937,232.569,95.614,93.805,235.992,255.696,3.3,2.292,2.5780000000000003,16648.189,17662.4,55859.0,98.7941,15.861,7.7,14.3,135546.0,361000.0,34.5,23.78,4004.0,63.4,0.15,0.13428571428571429,0.258,2.004,3.18,1.746,1.934,5.044,1.488,3.53,10527.5,1733.4,1491.2673,2953480.76,850406.45,147.772,962.0,980.0,,4.1,77.6,409118.0,11290.5,4.7,-41004.0,91.09456,13.663999999999998,,-0.64964,-0.6185,16771381.0,-1076573.0,-203539.0,40.9,,4.0,,
2013-02-15,232.937,232.569,95.614,93.805,235.992,255.696,3.3,2.226,2.57,16648.189,17662.4,55859.0,98.7941,15.861,7.7,14.3,135546.0,347000.0,34.5,23.78,4004.0,63.4,0.15,0.14142857142857143,0.282,2.0140000000000002,3.186,1.732,1.916,5.0,1.474,3.53,10527.5,1733.4,1491.2673,2953480.76,850406.45,147.772,962.0,980.0,,4.1,77.6,409118.0,11290.5,4.7,-41004.0,91.363,12.736,,-0.65103,-0.773,16771381.0,-1076573.0,-203539.0,40.9,,4.0,,
2013-02-22,232.937,232.569,95.614,93.805,235.992,255.696,3.3,2.1950000000000003,2.54,16648.189,17662.4,55859.0,98.7941,15.861,7.7,14.3,135546.0,362000.0,34.5,23.78,4004.0,63.4,0.15,0.15714285714285717,0.2725,2.0025,3.1825,1.73,1.8775,4.95,1.47,3.56,10527.5,1733.4,1491.2673,2953480.76,850406.45,147.772,962.0,980.0,,4.1,77.6,409118.0,11290.5,4.7,-41004.0,91.83382499999999,14.095,,-0.65204,-0.7384,16771381.0,-1076573.0,-203539.0,40.9,,4.0,,
2013-03-01,232.282,232.794,95.488,93.891,236.213,246.595,3.2,2.186,2.516,16648.189,17662.4,55859.0,99.1921,15.721,7.5,13.9,135689.0,342000.0,34.5,23.8,4076.0,63.3,0.14,0.14714285714285716,0.254,1.884,3.086,1.6300000000000001,1.766,4.99,1.486,3.51,10583.8,1811.3,1499.186,2963147.07,849563.63,149.952,1010.0,936.0,,4.2,78.6,406223.0,11290.1,4.8,-34314.0,92.35378,16.291999999999998,,-0.65251,-0.6181,16771381.0,-1076573.0,-106530.0,40.9,,4.0,,
2013-03-08,232.282,232.794,95.488,93.891,236.213,246.595,3.2,2.23,2.552,16648.189,17662.4,55859.0,99.1921,15.721,7.5,13.9,135689.0,340000.0,34.5,23.8,4076.0,63.3,0.14,0.15,0.252,1.9579999999999997,3.156,1.706,1.86,4.87,1.47,3.52,10583.8,1811.3,1499.186,2963147.07,849563.63,149.952,1010.0,936.0,,4.2,78.6,406223.0,11290.1,4.8,-34314.0,92.574875,13.334,,-0.6548,-0.8571,16771381.0,-1076573.0,-106530.0,40.9,,4.0,,
2013-03-15,232.282,232.794,95.488,93.891,236.213,246.595,3.2,2.29,2.562,16648.189,17662.4,55859.0,99.1921,15.721,7.5,13.9,135689.0,343000.0,34.5,23.8,4076.0,63.3,0.14,0.15142857142857144,0.266,2.038,3.2340000000000004,1.7719999999999998,1.9419999999999997,4.7379999999999995,1.448,3.63,10583.8,1811.3,1499.186,2963147.07,849563.63,149.952,1010.0,936.0,,4.2,78.6,406223.0,11290.1,4.8,-34314.0,92.39775999999999,11.652000000000001,,-0.65767,-0.8972,16771381.0,-1076573.0,-106530.0,40.9,,4.0,,
2013-03-22,232.282,232.794,95.488,93.891,236.213,246.595,3.2,2.242,2.534,16648.189,17662.4,55859.0,99.1921,15.721,7.5,13.9,135689.0,343000.0,34.5,23.8,4076.0,63.3,0.14,0.15571428571428572,0.258,1.9439999999999997,3.1559999999999997,1.686,1.8739999999999999,4.7700000000000005,1.468,3.54,10583.8,1811.3,1499.186,2963147.07,849563.63,149.952,1010.0,936.0,,4.2,78.6,406223.0,11290.1,4.8,-34314.0,92.36302,13.596,,-0.66067,-0.654,16771381.0,-1076573.0,-106530.0,40.9,,4.0,,
2013-03-29,232.282,232.794,95.488,93.891,236.213,246.595,3.2,2.2275,2.5199999999999996,16648.189,17662.4,55859.0,99.1921,15.721,7.5,13.9,135689.0,358000.0,34.5,23.8,4076.0,63.3,0.14,0.13285714285714284,0.2475,1.8975,3.115,1.65,1.82,4.785,1.49,3.57,10583.8,1811.3,1499.186,2963147.07,849563.63,149.952,1010.0,936.0,,4.2,78.6,406223.0,11290.1,4.8,-34314.0,92.30850000000001,13.09,,-0.66532,-0.7142,16771381.0,-1076573.0,-106530.0,40.9,,4.0,,
2013-04-05,231.797,232.832,95.391,93.937,236.655,240.473,3.1,2.1719999999999997,2.488,16728.687,17709.671,55914.0,99.1065,15.811,7.6,14.0,135873.0,375000.0,34.4,23.87,3988.0,63.4,0.15,0.13142857142857142,0.236,1.814,3.018,1.5779999999999998,1.7440000000000002,4.88,1.5116666666666667,3.54,10611.3,1884.7,1507.451,2972772.62,847856.23,151.509,835.0,1012.0,,4.4,76.4,404231.0,11281.1,5.1,-38487.0,92.18196,13.675999999999998,,-0.67247,-0.6354,16738320.0,-1076573.0,112889.0,40.9,,4.0,,
2013-04-12,231.797,232.832,95.391,93.937,236.655,240.473,3.1,2.1060000000000003,2.448,16728.687,17709.671,55914.0,99.1065,15.811,7.6,14.0,135873.0,359000.0,34.4,23.87,3988.0,63.4,0.15,0.15,0.236,1.7899999999999998,2.9579999999999997,1.554,1.7239999999999998,4.806,1.486,3.43,10611.3,1884.7,1507.451,2972772.62,847856.23,151.509,835.0,1012.0,,4.4,76.4,404231.0,11281.1,5.1,-38487.0,91.93046,12.538,,-0.68283,-0.8204,16738320.0,-1076573.0,112889.0,40.9,,4.0,,
2013-04-19,231.797,232.832,95.391,93.937,236.655,240.473,3.1,2.012,2.354,16728.687,17709.671,55914.0,99.1065,15.811,7.6,14.0,135873.0,356000.0,34.4,23.87,3988.0,63.4,0.15,0.15,0.236,1.73,2.886,1.494,1.674,4.79,1.486,3.41,10611.3,1884.7,1507.451,2972772.62,847856.23,151.509,835.0,1012.0,,4.4,76.4,404231.0,11281.1,5.1,-38487.0,92.06412,16.054,,-0.69348,-0.5812,16738320.0,-1076573.0,112889.0,40.9,,4.0,,
2013-04-26,231.797,232.832,95.391,93.937,236.655,240.473,3.1,2.0759999999999996,2.378,16728.687,17709.671,55914.0,99.1065,15.811,7.6,14.0,135873.0,343000.0,34.4,23.87,3988.0,63.4,0.15,0.13999999999999999,0.22999999999999998,1.7259999999999998,2.8899999999999997,1.496,1.674,4.6659999999999995,1.472,3.4,10611.3,1884.7,1507.451,2972772.62,847856.23,151.509,835.0,1012.0,,4.4,76.4,404231.0,11281.1,5.1,-38487.0,92.22828,13.741999999999999,,-0.70558,-0.7752,16738320.0,-1076573.0,112889.0,40.9,,4.0,,
2013-05-03,231.893,232.996,95.461,94.047,236.454,240.468,3.1,2.032,2.32,16728.687,17709.671,55914.0,99.1839,15.884,7.5,13.9,136096.0,331000.0,34.4,23.89,4145.0,63.4,0.11,0.13714285714285715,0.20800000000000002,1.7,2.8739999999999997,1.492,1.6480000000000001,4.4719999999999995,1.466,3.35,10646.1,1982.0,1510.4217,2988661.4,851751.63,152.841,930.0,1003.0,,4.6,84.5,406677.0,11321.6,5.3,-41701.0,91.51744,13.632,,-0.71527,-0.7603,16738320.0,-1076573.0,-138732.0,40.9,,4.0,,
2013-05-10,231.893,232.996,95.461,94.047,236.454,240.468,3.1,2.04,2.316,16728.687,17709.671,55914.0,99.1839,15.884,7.5,13.9,136096.0,335000.0,34.4,23.89,4145.0,63.4,0.11,0.1285714285714286,0.22800000000000004,1.828,3.016,1.6,1.7879999999999998,4.248,1.432,3.42,10646.1,1982.0,1510.4217,2988661.4,851751.63,152.841,930.0,1003.0,,4.6,84.5,406677.0,11321.6,5.3,-41701.0,91.57998,12.774000000000001,,-0.72017,-0.8677,16738320.0,-1076573.0,-138732.0,40.9,,4.0,,
2013-05-17,231.893,232.996,95.461,94.047,236.454,240.468,3.1,2.002,2.298,16728.687,17709.671,55914.0,99.1839,15.884,7.5,13.9,136096.0,360000.0,34.4,23.89,4145.0,63.4,0.11,0.1142857142857143,0.25,1.9280000000000002,3.1439999999999997,1.6780000000000002,1.886,4.37,1.424,3.51,10646.1,1982.0,1510.4217,2988661.4,851751.63,152.841,930.0,1003.0,,4.6,84.5,406677.0,11321.6,5.3,-41701.0,92.64636,12.73,,-0.7179,-0.7008,16738320.0,-1076573.0,-138732.0,40.9,,4.0,,
2013-05-24,231.893,232.996,95.461,94.047,236.454,240.468,3.1,1.964,2.272,16728.687,17709.671,55914.0,99.1839,15.884,7.5,13.9,136096.0,343000.0,34.4,23.89,4145.0,63.4,0.11,0.09142857142857143,0.26,1.9939999999999998,3.182,1.734,1.95,4.366,1.416,3.59,10646.1,1982.0,1510.4217,2988661.4,851751.63,152.841,930.0,1003.0,,4.6,84.5,406677.0,11321.6,5.3,-41701.0,93.16011999999999,13.654,,-0.7084,-0.6228,16738320.0,-1076573.0,-138732.0,40.9,,4.0,,
2013-05-31,231.893,232.996,95.461,94.047,236.454,240.468,3.1,1.8925,2.2275,16728.687,17709.671,55914.0,99.1839,15.884,7.5,13.9,136096.0,353000.0,34.4,23.89,4145.0,63.4,0.11,0.08714285714285715,0.3,2.1425,3.29,1.8425,2.0975,4.5,1.434,3.81,10646.1,1982.0,1510.4217,2988661.4,851751.63,152.841,930.0,1003.0,,4.6,84.5,406677.0,11321.6,5.3,-41701.0,93.53645,15.035,,-0.69234,-0.4621,16738320.0,-1076573.0,-138732.0,40.9,,4.0,,
2013-06-07,232.445,233.35,95.673,94.209,236.98,242.711,3.0,1.89,2.164,16728.687,17709.671,55914.0,99.3897,16.149,7.5,14.2,136279.0,346000.0,34.5,23.96,4150.0,63.4,0.09,0.09571428571428572,0.308,2.124,3.276,1.816,2.0780000000000003,4.91,1.518,3.91,10703.3,2062.9,1521.7516,3000936.05,850688.48,154.19,839.0,942.0,,4.1,84.1,407921.0,11344.4,5.4,-34426.0,93.03186000000001,16.363999999999997,,-0.67297,-0.1702,16738320.0,-1076573.0,116501.0,40.9,,4.0,,
2013-06-14,232.445,233.35,95.673,94.209,236.98,242.711,3.0,1.8219999999999998,2.062,16728.687,17709.671,55914.0,99.3897,16.149,7.5,14.2,136279.0,337000.0,34.5,23.96,4150.0,63.4,0.09,0.09,0.322,2.2,3.3340000000000005,1.8780000000000001,2.15,5.022,1.572,3.98,10703.3,2062.9,1521.7516,3000936.05,850688.48,154.19,839.0,942.0,,4.1,84.1,407921.0,11344.4,5.4,-34426.0,92.55672,16.932,,-0.65422,-0.2516,16738320.0,-1076573.0,116501.0,40.9,,4.0,,
2013-06-21,232.445,233.35,95.673,94.209,236.98,242.711,3.0,1.7740000000000002,2.004,16728.687,17709.671,55914.0,99.3897,16.149,7.5,14.2,136279.0,353000.0,34.5,23.96,4150.0,63.4,0.09,0.10428571428571429,0.312,2.33,3.4299999999999997,2.018,2.2800000000000002,4.997999999999999,1.6059999999999999,3.93,10703.3,2062.9,1521.7516,3000936.05,850688.48,154.19,839.0,942.0,,4.1,84.1,407921.0,11344.4,5.4,-34426.0,93.18024,17.887999999999998,,-0.63876,-0.219,16738320.0,-1076573.0,116501.0,40.9,,4.0,,
2013-06-28,232.445,233.35,95.673,94.209,236.98,242.711,3.0,1.686,1.964,16728.687,17709.671,55914.0,99.3897,16.149,7.5,14.2,136279.0,347000.0,34.5,23.96,4150.0,63.4,0.09,0.09142857142857143,0.392,2.5460000000000003,3.56,2.154,2.4899999999999998,5.272,1.6960000000000002,4.46,10703.3,2062.9,1521.7516,3000936.05,850688.48,154.19,839.0,942.0,,4.1,84.1,407921.0,11344.4,5.4,-34426.0,94.36564000000001,17.901999999999997,,-0.63143,-0.0223,16738320.0,-1076573.0,116501.0,40.9,,4.0,,
2013-07-05,232.9,233.88,95.792,94.329,237.184,242.986,3.1,1.83,2.0425,16953.838,17860.45,56272.0,99.0814,16.021,7.3,13.8,136391.0,340000.0,34.4,23.98,3885.0,63.3,0.09,0.09142857142857143,0.36,2.5575,3.5300000000000002,2.1975000000000002,2.5175,5.1450000000000005,1.6583333333333332,4.29,10742.8,2147.7,1531.8942,3014697.69,850854.89,155.596,880.0,997.0,,5.5,85.1,410268.0,11372.6,5.2,-36356.0,94.511375,15.975000000000001,,-0.63162,-0.2334,16738180.0,-1076573.0,-97597.0,40.9,,4.0,,
2013-07-12,232.9,233.88,95.792,94.329,237.184,242.986,3.1,1.8519999999999999,2.058,16953.838,17860.45,56272.0,99.0814,16.021,7.3,13.8,136391.0,351000.0,34.4,23.98,3885.0,63.3,0.09,0.09571428571428572,0.366,2.6420000000000003,3.646,2.276,2.6,4.966,1.6179999999999999,4.51,10742.8,2147.7,1531.8942,3014697.69,850854.89,155.596,880.0,997.0,,5.5,85.1,410268.0,11372.6,5.2,-36356.0,94.5307,14.238,,-0.6389,-0.4075,16738180.0,-1076573.0,-97597.0,40.9,,4.0,,
2013-07-19,232.9,233.88,95.792,94.329,237.184,242.986,3.1,1.89,2.154,16953.838,17860.45,56272.0,99.0814,16.021,7.3,13.8,136391.0,344000.0,34.4,23.98,3885.0,63.3,0.09,0.09,0.328,2.54,3.59,2.212,2.508,4.659999999999999,1.564,4.37,10742.8,2147.7,1531.8942,3014697.69,850854.89,155.596,880.0,997.0,,5.5,85.1,410268.0,11372.6,5.2,-36356.0,93.64056000000001,13.66,,-0.65088,-0.6083,16738180.0,-1076573.0,-97597.0,40.9,,4.0,,
2013-07-26,232.9,233.88,95.792,94.329,237.184,242.986,3.1,1.8679999999999999,2.182,16953.838,17860.45,56272.0,99.0814,16.021,7.3,13.8,136391.0,355000.0,34.4,23.98,3885.0,63.3,0.09,0.09,0.324,2.566,3.6079999999999997,2.242,2.538,4.588,1.526,4.31,10742.8,2147.7,1531.8942,3014697.69,850854.89,155.596,880.0,997.0,,5.5,85.1,410268.0,11372.6,5.2,-36356.0,93.2313,12.764,,-0.66245,-0.5806,16738180.0,-1076573.0,-97597.0,40.9,,4.0,,
2013-08-02,233.456,234.336,95.934,94.431,237.451,244.833,3.0,1.8699999999999999,2.2039999999999997,16953.838,17860.45,56272.0,99.6543,15.827,7.2,13.6,136646.0,334000.0,34.5,24.02,4085.0,63.3,0.08,0.08714285714285715,0.324,2.6420000000000003,3.686,2.318,2.604,4.686,1.526,4.39,10801.2,2252.6,1533.0979,3030269.0,852378.38,156.952,917.0,964.0,,5.5,82.1,409691.0,11406.6,5.2,-36617.0,93.50206,13.030000000000001,,-0.67061,-0.4551,16738180.0,-1076573.0,-147905.0,40.9,,4.0,,
2013-08-09,233.456,234.336,95.934,94.431,237.451,244.833,3.0,1.92,2.254,16953.838,17860.45,56272.0,99.6543,15.827,7.2,13.6,136646.0,339000.0,34.5,24.02,4085.0,63.3,0.08,0.08714285714285715,0.316,2.62,3.684,2.304,2.572,4.782,1.526,4.4,10801.2,2252.6,1533.0979,3030269.0,852378.38,156.952,917.0,964.0,,5.5,82.1,409691.0,11406.6,5.2,-36617.0,93.15596000000001,12.736,,-0.67456,-0.5091,16738180.0,-1076573.0,-147905.0,40.9,,4.0,,
2013-08-16,233.456,234.336,95.934,94.431,237.451,244.833,3.0,1.862,2.202,16953.838,17860.45,56272.0,99.6543,15.827,7.2,13.6,136646.0,327000.0,34.5,24.02,4085.0,63.3,0.08,0.08285714285714285,0.344,2.728,3.768,2.384,2.6740000000000004,4.726000000000001,1.53,4.4,10801.2,2252.6,1533.0979,3030269.0,852378.38,156.952,917.0,964.0,,5.5,82.1,409691.0,11406.6,5.2,-36617.0,93.34144,13.452000000000002,,-0.6739,-0.4771,16738180.0,-1076573.0,-147905.0,40.9,,4.0,,
2013-08-23,233.456,234.336,95.934,94.431,237.451,244.833,3.0,1.78,2.132,16953.838,17860.45,56272.0,99.6543,15.827,7.2,13.6,136646.0,340000.0,34.5,24.02,4085.0,63.3,0.08,0.08714285714285715,0.384,2.8579999999999997,3.8659999999999997,2.474,2.818,4.752,1.546,4.58,10801.2,2252.6,1533.0979,3030269.0,852378.38,156.952,917.0,964.0,,5.5,82.1,409691.0,11406.6,5.2,-36617.0,93.89582,14.937999999999999,,-0.6701,-0.289,16738180.0,-1076573.0,-147905.0,40.9,,4.0,,
2013-08-30,233.456,234.336,95.934,94.431,237.451,244.833,3.0,1.8219999999999998,2.13,16953.838,17860.45,56272.0,99.6543,15.827,7.2,13.6,136646.0,336000.0,34.5,24.02,4085.0,63.3,0.08,0.07571428571428572,0.394,2.7640000000000002,3.724,2.37,2.73,4.775,1.5475,4.51,10801.2,2252.6,1533.0979,3030269.0,852378.38,156.952,917.0,964.0,,5.5,82.1,409691.0,11406.6,5.2,-36617.0,94.47706,16.413999999999998,,-0.66629,-0.252,16738180.0,-1076573.0,-147905.0,40.9,,4.0,,
2013-09-06,233.544,234.7,95.976,94.543,237.519,242.745,3.3,1.73,2.075,16953.838,17860.45,56272.0,100.161,15.857,7.2,13.5,136821.0,325000.0,34.4,24.06,4128.0,63.2,0.08,0.07714285714285715,0.4675,2.92,3.835,2.4525,2.9,4.6659999999999995,1.546,4.57,10862.0,2333.9,1540.0041,3045861.58,853263.62,158.215,850.0,1004.0,,5.4,77.5,410044.0,11445.9,5.3,-39917.0,94.667275,16.0275,,-0.66465,-0.3479,16738180.0,-1076573.0,75114.0,40.9,,4.0,,
2013-09-13,233.544,234.7,95.976,94.543,237.519,242.745,3.3,1.738,2.1,16953.838,17860.45,56272.0,100.161,15.857,7.2,13.5,136821.0,300000.0,34.4,24.06,4128.0,63.2,0.08,0.08,0.46399999999999997,2.9219999999999997,3.8519999999999994,2.458,2.906,4.62,1.548,4.57,10862.0,2333.9,1540.0041,3045861.58,853263.62,158.215,850.0,1004.0,,5.4,77.5,410044.0,11445.9,5.3,-39917.0,93.7814,14.486,,-0.66656,-0.4141,16738180.0,-1076573.0,75114.0,40.9,,4.0,,
2013-09-20,233.544,234.7,95.976,94.543,237.519,242.745,3.3,1.814,2.184,16953.838,17860.45,56272.0,100.161,15.857,7.2,13.5,136821.0,323000.0,34.4,24.06,4128.0,63.2,0.08,0.08142857142857143,0.364,2.788,3.806,2.4240000000000004,2.7760000000000002,4.57,1.536,4.5,10862.0,2333.9,1540.0041,3045861.58,853263.62,158.215,850.0,1004.0,,5.4,77.5,410044.0,11445.9,5.3,-39917.0,92.95612,13.756,,-0.6713,-0.5257,16738180.0,-1076573.0,75114.0,40.9,,4.0,,
2013-09-27,233.544,234.7,95.976,94.543,237.519,242.745,3.3,1.786,2.2,16953.838,17860.45,56272.0,100.161,15.857,7.2,13.5,136821.0,314000.0,34.4,24.06,4128.0,63.2,0.08,0.08285714285714285,0.348,2.664,3.684,2.316,2.648,4.678,1.522,4.32,10862.0,2333.9,1540.0041,3045861.58,853263.62,158.215,850.0,1004.0,,5.4,77.5,410044.0,11445.9,5.3,-39917.0,92.82678,14.384,,-0.67864,-0.4259,16738180.0,-1076573.0,75114.0,40.9,,4.0,,
2013-10-04,233.669,234.921,96.103,94.703,237.75,241.954,3.0,1.7740000000000002,2.196,17192.019,18016.147,56642.0,100.082,15.727,7.2,13.6,137041.0,319000.0,34.4,24.09,4222.0,62.8,0.09,0.07571428571428572,0.326,2.6420000000000003,3.71,2.316,2.618,4.768,1.548,4.22,10986.3,2427.8,1549.6383,3063380.14,856964.62,159.234,925.0,1044.0,,4.9,73.2,411399.0,11498.0,4.7,-36285.0,92.80744,16.630000000000003,,-0.68821,-0.3385,17156119.0,-679775.0,-90586.0,40.9,,4.0,,
2013-10-11,233.669,234.921,96.103,94.703,237.75,241.954,3.0,1.786,2.2,17192.019,18016.147,56642.0,100.082,15.727,7.2,13.6,137041.0,368000.0,34.4,24.09,4222.0,62.8,0.09,0.08571428571428572,0.368,2.68,3.724,2.312,2.628,4.654,1.516,4.23,10986.3,2427.8,1549.6383,3063380.14,856964.62,159.234,925.0,1044.0,,4.9,73.2,411399.0,11498.0,4.7,-36285.0,92.84461999999999,18.31,,-0.70038,-0.499,17156119.0,-679775.0,-90586.0,40.9,,4.0,,
2013-10-18,233.669,234.921,96.103,94.703,237.75,241.954,3.0,1.7825,2.185,17192.019,18016.147,56642.0,100.082,15.727,7.2,13.6,137041.0,368000.0,34.4,24.09,4222.0,62.8,0.09,0.10142857142857144,0.3425,2.6625,3.7025,2.32,2.58,4.536,1.482,4.28,10986.3,2427.8,1549.6383,3063380.14,856964.62,159.234,925.0,1044.0,,4.9,73.2,411399.0,11498.0,4.7,-36285.0,92.3674,15.192000000000002,,-0.71423,-0.6793,17156119.0,-679775.0,-90586.0,40.9,,4.0,,
2013-10-25,233.669,234.921,96.103,94.703,237.75,241.954,3.0,1.77,2.174,17192.019,18016.147,56642.0,100.082,15.727,7.2,13.6,137041.0,351000.0,34.4,24.09,4222.0,62.8,0.09,0.08714285714285715,0.32,2.5479999999999996,3.618,2.228,2.5100000000000002,4.422,1.45,4.13,10986.3,2427.8,1549.6383,3063380.14,856964.62,159.234,925.0,1044.0,,4.9,73.2,411399.0,11498.0,4.7,-36285.0,92.12996000000001,13.24,,-0.72797,-0.6831,17156119.0,-679775.0,-90586.0,40.9,,4.0,,
2013-11-01,234.1,235.359,96.246,94.86,237.947,242.718,2.9,1.752,2.1740000000000004,17192.019,18016.147,56642.0,100.3158,16.079,6.9,13.1,137317.0,347000.0,34.4,24.16,4119.0,63.0,0.08,0.07857142857142858,0.32,2.568,3.636,2.248,2.528,4.398000000000001,1.446,4.1,10995.6,2517.1,1558.8509,3075875.88,852439.84,160.07,1100.0,1029.0,,5.0,75.1,412561.0,11562.5,4.5,-33983.0,92.53598,13.48,,-0.73986,-0.6399,17156119.0,-679775.0,-135226.0,40.9,,4.0,,
2013-11-08,234.1,235.359,96.246,94.86,237.947,242.718,2.9,1.746,2.162,17192.019,18016.147,56642.0,100.3158,16.079,6.9,13.1,137317.0,342000.0,34.4,24.16,4119.0,63.0,0.08,0.08,0.31,2.678,3.7560000000000002,2.368,2.6260000000000003,4.346,1.456,4.16,10995.6,2517.1,1558.8509,3075875.88,852439.84,160.07,1100.0,1029.0,,5.0,75.1,412561.0,11562.5,4.5,-33983.0,93.26072,13.136000000000001,,-0.75044,-0.6276,17156119.0,-679775.0,-135226.0,40.9,,4.0,,
2013-11-15,234.1,235.359,96.246,94.86,237.947,242.718,2.9,1.795,2.1775,17192.019,18016.147,56642.0,100.3158,16.079,6.9,13.1,137317.0,340000.0,34.4,24.16,4119.0,63.0,0.08,0.08285714285714285,0.315,2.7375,3.82,2.4225,2.6574999999999998,4.388,1.458,4.35,10995.6,2517.1,1558.8509,3075875.88,852439.84,160.07,1100.0,1029.0,,5.0,75.1,412561.0,11562.5,4.5,-33983.0,93.492025,12.486,,-0.7593,-0.6944,17156119.0,-679775.0,-135226.0,40.9,,4.0,,
2013-11-22,234.1,235.359,96.246,94.86,237.947,242.718,2.9,1.768,2.182,17192.019,18016.147,56642.0,100.3158,16.079,6.9,13.1,137317.0,331000.0,34.4,24.16,4119.0,63.0,0.08,0.09,0.296,2.7439999999999998,3.8379999999999996,2.448,2.666,4.314,1.43,4.22,10995.6,2517.1,1558.8509,3075875.88,852439.84,160.07,1100.0,1029.0,,5.0,75.1,412561.0,11562.5,4.5,-33983.0,93.2562,12.962,,-0.766,-0.7732,17156119.0,-679775.0,-135226.0,40.9,,4.0,,
2013-11-29,234.1,235.359,96.246,94.86,237.947,242.718,2.9,1.7149999999999999,2.165,17192.019,18016.147,56642.0,100.3158,16.079,6.9,13.1,137317.0,316000.0,34.4,24.16,4119.0,63.0,0.08,0.08714285714285715,0.2875,2.7350000000000003,3.815,2.4475,2.665,4.25,1.412,4.29,10995.6,2517.1,1558.8509,3075875.88,852439.84,160.07,1100.0,1029.0,,5.0,75.1,412561.0,11562.5,4.5,-33983.0,93.598,13.07,,-0.77127,-0.6992,17156119.0,-679775.0,-135226.0,40.9,,4.0,,
2013-12-06,234.719,235.759,96.414,94.961,238.182,245.733,3.0,1.668,2.128,17192.019,18016.147,56642.0,100.5175,15.835,6.7,13.1,137372.0,312000.0,34.4,24.18,4121.0,62.9,0.09,0.08428571428571428,0.296,2.84,3.8839999999999995,2.5439999999999996,2.782,4.193333333333333,1.3999999999999997,4.46,11060.1,2541.0,1574.33,3090467.79,854138.8,160.99,1002.0,1005.0,,5.2,82.5,414812.0,11593.2,4.5,-33636.0,93.70206,14.469999999999999,,-0.77496,-0.5716,17156119.0,-679775.0,53220.0,40.9,,4.0,,
2013-12-13,234.719,235.759,96.414,94.961,238.182,245.733,3.0,1.6460000000000001,2.1380000000000003,17192.019,18016.147,56642.0,100.5175,15.835,6.7,13.1,137372.0,354000.0,34.4,24.18,4121.0,62.9,0.09,0.08714285714285715,0.318,2.8600000000000003,3.874,2.542,2.79,4.12,1.3679999999999999,4.42,11060.1,2541.0,1574.33,3090467.79,854138.8,160.99,1002.0,1005.0,,5.2,82.5,414812.0,11593.2,4.5,-33636.0,93.25365,14.824000000000002,,-0.77795,-0.6295,17156119.0,-679775.0,53220.0,40.9,,4.0,,
2013-12-20,234.719,235.759,96.414,94.961,238.182,245.733,3.0,1.686,2.168,17192.019,18016.147,56642.0,100.5175,15.835,6.7,13.1,137372.0,364000.0,34.4,24.18,4121.0,62.9,0.09,0.08714285714285715,0.344,2.8920000000000003,3.882,2.5479999999999996,2.824,4.098000000000001,1.324,4.47,11060.1,2541.0,1574.33,3090467.79,854138.8,160.99,1002.0,1005.0,,5.2,82.5,414812.0,11593.2,4.5,-33636.0,93.47962,14.796000000000001,,-0.77974,-0.6875,17156119.0,-679775.0,53220.0,40.9,,4.0,,
2013-12-27,234.719,235.759,96.414,94.961,238.182,245.733,3.0,1.6824999999999999,2.1975000000000002,17192.019,18016.147,56642.0,100.5175,15.835,6.7,13.1,137372.0,334000.0,34.4,24.18,4121.0,62.9,0.09,0.08428571428571428,0.395,2.9875,3.9025,2.5925000000000002,2.9175,3.9699999999999998,1.2925,4.48,11060.1,2541.0,1574.33,3090467.79,854138.8,160.99,1002.0,1005.0,,5.2,82.5,414812.0,11593.2,4.5,-33636.0,93.67830000000001,12.5775,,-0.78054,-0.8021,17156119.0,-679775.0,53220.0,40.9,,4.0,,
2014-01-03,235.288,235.961,96.614,95.064,238.492,250.34,3.1,1.6824999999999999,2.2475,17197.738,17953.974,56345.0,100.1599,15.614,6.6,12.6,137561.0,332000.0,34.4,24.22,4127.0,62.9,0.07,0.07714285714285715,0.3925,3.01,3.9275,2.6175,2.94,3.9875000000000003,1.275,4.53,11130.8,2556.4,1586.7954,3113002.96,860896.56,161.92,888.0,976.0,,5.1,81.2,411561.0,11578.8,5.2,-37433.0,93.67909999999999,13.8175,,-0.77819,-0.6673,17601227.0,-679775.0,-10250.0,41.7,,4.0,,
2014-01-10,235.288,235.961,96.614,95.064,238.492,250.34,3.1,1.784,2.282,17197.738,17953.974,56345.0,100.1599,15.614,6.6,12.6,137561.0,322000.0,34.4,24.22,4127.0,62.9,0.07,0.07428571428571429,0.41200000000000003,2.96,3.872,2.548,2.914,3.9159999999999995,1.25,4.51,11130.8,2556.4,1586.7954,3113002.96,860896.56,161.92,888.0,976.0,,5.1,81.2,411561.0,11578.8,5.2,-37433.0,94.10064,12.874,,-0.77545,-0.7387,17601227.0,-679775.0,-10250.0,41.7,,4.0,,
2014-01-17,235.288,235.961,96.614,95.064,238.492,250.34,3.1,1.73,2.2640000000000002,17197.738,17953.974,56345.0,100.1599,15.614,6.6,12.6,137561.0,318000.0,34.4,24.22,4127.0,62.9,0.07,0.07,0.4,2.864,3.78,2.464,2.824,3.904,1.236,4.41,11130.8,2556.4,1586.7954,3113002.96,860896.56,161.92,888.0,976.0,,5.1,81.2,411561.0,11578.8,5.2,-37433.0,94.28112,12.562,,-0.77135,-0.7403,17601227.0,-679775.0,-10250.0,41.7,,4.0,,
2014-01-24,235.288,235.961,96.614,95.064,238.492,250.34,3.1,1.725,2.195,17197.738,17953.974,56345.0,100.1599,15.614,6.6,12.6,137561.0,327000.0,34.4,24.22,4127.0,62.9,0.07,0.07,0.4,2.815,3.7025,2.415,2.775,3.912,1.238,4.39,11130.8,2556.4,1586.7954,3113002.96,860896.56,161.92,888.0,976.0,,5.1,81.2,411561.0,11578.8,5.2,-37433.0,94.805975,14.405,,-0.76719,-0.6439,17601227.0,-679775.0,-10250.0,41.7,,4.0,,
2014-01-31,235.288,235.961,96.614,95.064,238.492,250.34,3.1,1.7259999999999998,2.144,17197.738,17953.974,56345.0,100.1599,15.614,6.6,12.6,137561.0,340000.0,34.4,24.22,4127.0,62.9,0.07,0.07,0.362,2.726,3.646,2.364,2.69,4.13,1.28,4.32,11130.8,2556.4,1586.7954,3113002.96,860896.56,161.92,888.0,976.0,,5.1,81.2,411561.0,11578.8,5.2,-37433.0,94.99096,17.254,,-0.76465,-0.4471,17601227.0,-679775.0,-10250.0,41.7,,4.0,,
2014-02-07,235.547,236.185,96.66,95.109,239.408,249.925,3.2,1.768,2.15,17197.738,17953.974,56345.0,100.9168,15.993,6.7,12.6,137712.0,331000.0,34.3,24.33,4373.0,62.9,0.07,0.06857142857142857,0.312,2.678,3.628,2.366,2.612,4.256,1.304,4.23,11196.8,2650.1,1619.7096,3133891.8,866697.65,162.517,944.0,1039.0,,5.3,81.6,416736.0,11636.9,5.3,-40119.0,94.95652,18.604,,-0.76531,-0.4699,17601227.0,-679775.0,-193532.0,41.7,,4.0,,
2014-02-14,235.547,236.185,96.66,95.109,239.408,249.925,3.2,1.7719999999999998,2.184,17197.738,17953.974,56345.0,100.9168,15.993,6.7,12.6,137712.0,337000.0,34.3,24.33,4373.0,62.9,0.07,0.06285714285714286,0.33199999999999996,2.746,3.692,2.414,2.702,4.07,1.264,4.28,11196.8,2650.1,1619.7096,3133891.8,866697.65,162.517,944.0,1039.0,,5.3,81.6,416736.0,11636.9,5.3,-40119.0,94.56215,14.356,,-0.76911,-0.8112,17601227.0,-679775.0,-193532.0,41.7,,4.0,,
2014-02-21,235.547,236.185,96.66,95.109,239.408,249.925,3.2,1.7725,2.13,17197.738,17953.974,56345.0,100.9168,15.993,6.7,12.6,137712.0,332000.0,34.3,24.33,4373.0,62.9,0.07,0.06571428571428571,0.3275,2.7325,3.7025,2.405,2.68,3.9619999999999997,1.244,4.33,11196.8,2650.1,1619.7096,3133891.8,866697.65,162.517,944.0,1039.0,,5.3,81.6,416736.0,11636.9,5.3,-40119.0,94.41016666666667,14.709999999999999,,-0.77345,-0.7046,17601227.0,-679775.0,-193532.0,41.7,,4.0,,
2014-02-28,235.547,236.185,96.66,95.109,239.408,249.925,3.2,1.784,2.16,17197.738,17953.974,56345.0,100.9168,15.993,6.7,12.6,137712.0,341000.0,34.3,24.33,4373.0,62.9,0.07,0.06857142857142857,0.336,2.686,3.636,2.35,2.638,3.8340000000000005,1.226,4.37,11196.8,2650.1,1619.7096,3133891.8,866697.65,162.517,944.0,1039.0,,5.3,81.6,416736.0,11636.9,5.3,-40119.0,94.54264,14.057999999999998,,-0.77766,-0.7557,17601227.0,-679775.0,-193532.0,41.7,,4.0,,
2014-03-07,236.028,236.625,96.815,95.25,240.447,249.961,3.2,1.8080000000000003,2.192,17197.738,17953.974,56345.0,101.8942,16.985,6.7,12.7,137985.0,319000.0,34.5,24.31,4388.0,63.1,0.08,0.07142857142857142,0.346,2.708,3.646,2.362,2.654,3.8019999999999996,1.218,4.28,11232.6,2676.7,1633.3176,3150697.02,868753.38,163.073,970.0,1067.0,,5.6,80.0,421230.0,11722.3,5.2,-42940.0,94.340925,14.462,,-0.78062,-0.7439,17601227.0,-679775.0,-36895.0,41.7,,4.0,,
2014-03-14,236.028,236.625,96.815,95.25,240.447,249.961,3.2,1.81,2.19,17197.738,17953.974,56345.0,101.8942,16.985,6.7,12.7,137985.0,322000.0,34.5,24.31,4388.0,63.1,0.08,0.08,0.362,2.7199999999999998,3.656,2.3579999999999997,2.6700000000000004,3.878,1.23,4.37,11232.6,2676.7,1633.3176,3150697.02,868753.38,163.073,970.0,1067.0,,5.6,80.0,421230.0,11722.3,5.2,-42940.0,94.33045999999999,15.501999999999999,,-0.78108,-0.6864,17601227.0,-679775.0,-36895.0,41.7,,4.0,,
2014-03-21,236.028,236.625,96.815,95.25,240.447,249.961,3.2,1.768,2.1580000000000004,17197.738,17953.974,56345.0,101.8942,16.985,6.7,12.7,137985.0,321000.0,34.5,24.31,4388.0,63.1,0.08,0.08,0.422,2.7399999999999998,3.6380000000000003,2.318,2.682,3.812,1.22,4.32,11232.6,2676.7,1633.3176,3150697.02,868753.38,163.073,970.0,1067.0,,5.6,80.0,421230.0,11722.3,5.2,-42940.0,94.6229,14.959999999999999,,-0.78017,-0.7338,17601227.0,-679775.0,-36895.0,41.7,,4.0,,
2014-03-28,236.028,236.625,96.815,95.25,240.447,249.961,3.2,1.738,2.138,17197.738,17953.974,56345.0,101.8942,16.985,6.7,12.7,137985.0,313000.0,34.5,24.31,4388.0,63.1,0.08,0.08285714285714285,0.458,2.724,3.556,2.266,2.676,3.746,1.188,4.4,11232.6,2676.7,1633.3176,3150697.02,868753.38,163.073,970.0,1067.0,,5.6,80.0,421230.0,11722.3,5.2,-42940.0,94.52496,14.613999999999999,,-0.77738,-0.7269,17601227.0,-679775.0,-36895.0,41.7,,4.0,,
2014-04-04,236.468,237.072,96.987,95.413,241.241,249.864,3.2,1.704,2.136,17518.508,18185.911,56968.0,101.9928,16.695,6.2,12.3,138298.0,330000.0,34.5,24.34,4566.0,62.8,0.09,0.07857142857142858,0.44800000000000006,2.772,3.604,2.3240000000000003,2.7399999999999998,3.696,1.168,4.41,11277.7,2714.9,1651.1911,3173234.63,875086.45,163.375,1043.0,1090.0,,5.7,84.1,425546.0,11762.3,5.4,-43735.0,94.2818,13.48,,-0.77546,-0.708,17632606.0,-679775.0,106853.0,41.7,,4.0,,
2014-04-11,236.468,237.072,96.987,95.413,241.241,249.864,3.2,1.67,2.128,17518.508,18185.911,56968.0,101.9928,16.695,6.2,12.3,138298.0,311000.0,34.5,24.34,4566.0,62.8,0.09,0.08285714285714285,0.384,2.678,3.5340000000000003,2.2939999999999996,2.6420000000000003,3.7560000000000002,1.152,4.34,11277.7,2714.9,1651.1911,3173234.63,875086.45,163.375,1043.0,1090.0,,5.7,84.1,425546.0,11762.3,5.4,-43735.0,93.71387999999999,15.440000000000001,,-0.7729,-0.6089,17632606.0,-679775.0,106853.0,41.7,,4.0,,
2014-04-18,236.468,237.072,96.987,95.413,241.241,249.864,3.2,1.7675,2.1625,17518.508,18185.911,56968.0,101.9928,16.695,6.2,12.3,138298.0,308000.0,34.5,24.34,4566.0,62.8,0.09,0.09285714285714286,0.395,2.6675,3.4775,2.2725,2.63,3.73,1.1524999999999999,4.27,11277.7,2714.9,1651.1911,3173234.63,875086.45,163.375,1043.0,1090.0,,5.7,84.1,425546.0,11762.3,5.4,-43735.0,93.91116,14.815,,-0.77104,-0.7216,17632606.0,-679775.0,106853.0,41.7,,4.0,,
2014-04-25,236.468,237.072,96.987,95.413,241.241,249.864,3.2,1.9759999999999998,2.2060000000000004,17518.508,18185.911,56968.0,101.9928,16.695,6.2,12.3,138298.0,327000.0,34.5,24.34,4566.0,62.8,0.09,0.09857142857142857,0.43200000000000005,2.708,3.4799999999999995,2.276,2.682,3.6700000000000004,1.132,4.33,11277.7,2714.9,1651.1911,3173234.63,875086.45,163.375,1043.0,1090.0,,5.7,84.1,425546.0,11762.3,5.4,-43735.0,94.11092,13.418000000000001,,-0.77041,-0.8229,17632606.0,-679775.0,106853.0,41.7,,4.0,,
2014-05-02,236.918,237.529,97.147,95.574,242.408,249.213,3.3,1.954,2.186,17518.508,18185.911,56968.0,102.3836,17.137,6.3,12.3,138513.0,345000.0,34.5,24.4,4747.0,62.9,0.09,0.09142857142857143,0.426,2.662,3.442,2.2359999999999998,2.636,3.7060000000000004,1.14,4.29,11342.8,2688.4,1663.6926,3192546.34,878555.19,163.64,1007.0,1018.0,,5.2,81.9,426253.0,11807.3,5.6,-39575.0,93.94908000000001,13.45,,-0.77171,-0.7447,17632606.0,-679775.0,-129971.0,41.7,,4.0,,
2014-05-09,236.918,237.529,97.147,95.574,242.408,249.213,3.3,1.92,2.182,17518.508,18185.911,56968.0,102.3836,17.137,6.3,12.3,138513.0,325000.0,34.5,24.4,4747.0,62.9,0.09,0.08571428571428572,0.414,2.618,3.4219999999999997,2.2039999999999997,2.588,3.7380000000000004,1.13,4.21,11342.8,2688.4,1663.6926,3192546.34,878555.19,163.64,1007.0,1018.0,,5.2,81.9,426253.0,11807.3,5.6,-39575.0,93.52590000000001,13.368,,-0.77465,-0.7348,17632606.0,-679775.0,-129971.0,41.7,,4.0,,
2014-05-16,236.918,237.529,97.147,95.574,242.408,249.213,3.3,1.924,2.176,17518.508,18185.911,56968.0,102.3836,17.137,6.3,12.3,138513.0,303000.0,34.5,24.4,4747.0,62.9,0.09,0.08428571428571428,0.39,2.566,3.396,2.176,2.536,3.7359999999999998,1.13,4.2,11342.8,2688.4,1663.6926,3192546.34,878555.19,163.64,1007.0,1018.0,,5.2,81.9,426253.0,11807.3,5.6,-39575.0,93.64796,12.428,,-0.77884,-0.7846,17632606.0,-679775.0,-129971.0,41.7,,4.0,,
2014-05-23,236.918,237.529,97.147,95.574,242.408,249.213,3.3,1.948,2.19,17518.508,18185.911,56968.0,102.3836,17.137,6.3,12.3,138513.0,324000.0,34.5,24.4,4747.0,62.9,0.09,0.09,0.364,2.54,3.404,2.1759999999999997,2.506,3.772,1.13,4.14,11342.8,2688.4,1663.6926,3192546.34,878555.19,163.64,1007.0,1018.0,,5.2,81.9,426253.0,11807.3,5.6,-39575.0,93.66668,12.136,,-0.78503,-0.7865,17632606.0,-679775.0,-129971.0,41.7,,4.0,,
2014-05-30,236.918,237.529,97.147,95.574,242.408,249.213,3.3,1.9449999999999998,2.22,17518.508,18185.911,56968.0,102.3836,17.137,6.3,12.3,138513.0,305000.0,34.5,24.4,4747.0,62.9,0.09,0.08857142857142856,0.375,2.4725,3.325,2.0975,2.4325,3.7739999999999996,1.122,4.12,11342.8,2688.4,1663.6926,3192546.34,878555.19,163.64,1007.0,1018.0,,5.2,81.9,426253.0,11807.3,5.6,-39575.0,93.79475,11.54,,-0.79083,-0.8464,17632606.0,-679775.0,-129971.0,41.7,,4.0,,
2014-06-06,237.231,237.837,97.253,95.682,242.646,249.714,3.1,1.92,2.192,17518.508,18185.911,56968.0,102.735,17.516,6.1,12.0,138849.0,312000.0,34.5,24.46,4982.0,62.8,0.1,0.08857142857142856,0.404,2.588,3.428,2.184,2.548,3.5966666666666662,1.116666666666667,4.14,11398.1,2722.3,1676.8043,3209899.68,878415.09,164.049,911.0,1010.0,,5.7,82.5,427305.0,11861.7,5.6,-38895.0,94.01164,11.588,,-0.7942,-0.8807,17632606.0,-679775.0,70519.0,41.7,,4.0,,
2014-06-13,237.231,237.837,97.253,95.682,242.646,249.714,3.1,1.9419999999999997,2.2039999999999997,17518.508,18185.911,56968.0,102.735,17.516,6.1,12.0,138849.0,317000.0,34.5,24.46,4982.0,62.8,0.1,0.09142857142857143,0.438,2.618,3.442,2.18,2.5780000000000003,3.478,1.088,4.2,11398.1,2722.3,1676.8043,3209899.68,878415.09,164.049,911.0,1010.0,,5.7,82.5,427305.0,11861.7,5.6,-38895.0,93.94666,11.696000000000002,,-0.79443,-0.8931,17632606.0,-679775.0,70519.0,41.7,,4.0,,
2014-06-20,237.231,237.837,97.253,95.682,242.646,249.714,3.1,1.982,2.238,17518.508,18185.911,56968.0,102.735,17.516,6.1,12.0,138849.0,314000.0,34.5,24.46,4982.0,62.8,0.1,0.1,0.492,2.63,3.436,2.138,2.6,3.396,1.084,4.17,11398.1,2722.3,1676.8043,3209899.68,878415.09,164.049,911.0,1010.0,,5.7,82.5,427305.0,11861.7,5.6,-38895.0,93.90208,11.358,,-0.79111,-0.9049,17632606.0,-679775.0,70519.0,41.7,,3.8,,
2014-06-27,237.231,237.837,97.253,95.682,242.646,249.714,3.1,2.032,2.276,17518.508,18185.911,56968.0,102.735,17.516,6.1,12.0,138849.0,315000.0,34.5,24.46,4982.0,62.8,0.1,0.1,0.472,2.572,3.3899999999999997,2.1,2.54,3.4200000000000004,1.07,4.14,11398.1,2722.3,1676.8043,3209899.68,878415.09,164.049,911.0,1010.0,,5.7,82.5,427305.0,11861.7,5.6,-38895.0,93.57356,11.518,,-0.7842,-0.8591,17632606.0,-679775.0,70519.0,41.7,,3.8,,
2014-07-04,237.498,238.195,97.391,95.848,243.235,248.744,3.3,2.01,2.2649999999999997,17804.228,18406.941,57536.0,102.9632,17.277,6.2,12.1,139072.0,308000.0,34.5,24.48,4846.0,62.9,0.09,0.09571428571428572,0.4875,2.6,3.4175,2.1125,2.5775,3.474,1.084,4.12,11453.0,2759.0,1694.9147,3231535.62,884171.75,164.574,1085.0,1076.0,,6.2,81.8,428079.0,11904.4,5.5,-38935.0,93.22625,10.965,,-0.7743,-0.8493,17824071.0,-679775.0,-94621.0,41.7,,3.8,,
2014-07-11,237.498,238.195,97.391,95.848,243.235,248.744,3.3,1.9939999999999998,2.278,17804.228,18406.941,57536.0,102.9632,17.277,6.2,12.1,139072.0,302000.0,34.5,24.48,4846.0,62.9,0.09,0.09142857142857143,0.496,2.572,3.382,2.0759999999999996,2.5439999999999996,3.532,1.078,4.15,11453.0,2759.0,1694.9147,3231535.62,884171.75,164.574,1085.0,1076.0,,6.2,81.8,428079.0,11904.4,5.5,-38935.0,93.33272,11.926,,-0.76289,-0.7968,17824071.0,-679775.0,-94621.0,41.7,,3.8,,
2014-07-18,237.498,238.195,97.391,95.848,243.235,248.744,3.3,1.966,2.244,17804.228,18406.941,57536.0,102.9632,17.277,6.2,12.1,139072.0,308000.0,34.5,24.48,4846.0,62.9,0.09,0.09,0.49000000000000005,2.526,3.3280000000000003,2.036,2.504,3.664,1.084,4.13,11453.0,2759.0,1694.9147,3231535.62,884171.75,164.574,1085.0,1076.0,,6.2,81.8,428079.0,11904.4,5.5,-38935.0,93.58164000000001,12.276,,-0.75087,-0.7432,17824071.0,-679775.0,-94621.0,41.7,,3.8,,
2014-07-25,237.498,238.195,97.391,95.848,243.235,248.744,3.3,1.94,2.25,17804.228,18406.941,57536.0,102.9632,17.277,6.2,12.1,139072.0,294000.0,34.5,24.48,4846.0,62.9,0.09,0.09142857142857143,0.512,2.4899999999999998,3.2619999999999996,1.9780000000000002,2.46,3.7659999999999996,1.09,4.13,11453.0,2759.0,1694.9147,3231535.62,884171.75,164.574,1085.0,1076.0,,6.2,81.8,428079.0,11904.4,5.5,-38935.0,93.66911999999999,12.22,,-0.74035,-0.7679,17824071.0,-679775.0,-94621.0,41.7,,3.8,,
2014-08-01,237.46,238.405,97.379,95.885,243.792,245.699,3.2,1.948,2.278,17804.228,18406.941,57536.0,102.7688,17.239,6.1,12.0,139269.0,303000.0,34.6,24.54,5349.0,62.9,0.09,0.08857142857142856,0.528,2.528,3.28,2.0,2.496,3.9240000000000004,1.096,4.12,11477.3,2842.0,1711.7561,3248721.35,886133.52,165.198,984.0,1047.0,,5.4,82.5,431379.0,11983.7,5.3,-36935.0,94.22874,14.63,,-0.73187,-0.6674,17824071.0,-679775.0,-128677.0,41.7,,3.8,,
2014-08-08,237.46,238.405,97.379,95.885,243.792,245.699,3.2,1.89,2.246,17804.228,18406.941,57536.0,102.7688,17.239,6.1,12.0,139269.0,295000.0,34.6,24.54,5349.0,62.9,0.09,0.09,0.462,2.472,3.2619999999999996,2.0100000000000002,2.44,4.204,1.1320000000000001,4.14,11477.3,2842.0,1711.7561,3248721.35,886133.52,165.198,984.0,1047.0,,5.4,82.5,431379.0,11983.7,5.3,-36935.0,94.59434,16.157999999999998,,-0.72692,-0.4966,17824071.0,-679775.0,-128677.0,41.7,,3.8,,
2014-08-15,237.46,238.405,97.379,95.885,243.792,245.699,3.2,1.8560000000000003,2.222,17804.228,18406.941,57536.0,102.7688,17.239,6.1,12.0,139269.0,309000.0,34.6,24.54,5349.0,62.9,0.09,0.09,0.438,2.414,3.216,1.9759999999999998,2.378,4.032,1.14,4.12,11477.3,2842.0,1711.7561,3248721.35,886133.52,165.198,984.0,1047.0,,5.4,82.5,431379.0,11983.7,5.3,-36935.0,94.42216,13.366,,-0.72637,-0.7602,17824071.0,-679775.0,-128677.0,41.7,,3.8,,
2014-08-22,237.46,238.405,97.379,95.885,243.792,245.699,3.2,1.816,2.166,17804.228,18406.941,57536.0,102.7688,17.239,6.1,12.0,139269.0,303000.0,34.6,24.54,5349.0,62.9,0.09,0.09,0.48200000000000004,2.406,3.196,1.924,2.3760000000000003,3.8259999999999996,1.126,4.1,11477.3,2842.0,1711.7561,3248721.35,886133.52,165.198,984.0,1047.0,,5.4,82.5,431379.0,11983.7,5.3,-36935.0,94.55108,11.908,,-0.72608,-0.8185,17824071.0,-679775.0,-128677.0,41.7,,3.8,,
2014-08-29,237.46,238.405,97.379,95.885,243.792,245.699,3.2,1.7879999999999998,2.136,17804.228,18406.941,57536.0,102.7688,17.239,6.1,12.0,139269.0,300000.0,34.6,24.54,5349.0,62.9,0.09,0.08714285714285715,0.508,2.368,3.1119999999999997,1.86,2.334,3.7960000000000003,1.116,4.1,11477.3,2842.0,1711.7561,3248721.35,886133.52,165.198,984.0,1047.0,,5.4,82.5,431379.0,11983.7,5.3,-36935.0,94.77673999999999,11.828,,-0.72366,-0.753,17824071.0,-679775.0,-128677.0,41.7,,3.8,,
2014-09-05,237.477,238.786,97.413,96.013,244.48,241.61,3.0,1.7650000000000001,2.16,17804.228,18406.941,57536.0,103.0641,16.959,5.9,11.7,139563.0,303000.0,34.5,24.56,4914.0,62.8,0.09,0.08142857142857143,0.5275000000000001,2.435,3.19,1.9075,2.4050000000000002,3.848333333333333,1.12,4.1,11519.1,2814.5,1725.7351,3265101.43,887169.15,165.889,1023.0,1077.0,,5.4,84.6,430189.0,11991.4,5.5,-41672.0,95.104575,12.335,,-0.71782,-0.7081,17824071.0,-679775.0,105803.0,41.7,,3.8,,
2014-09-12,237.477,238.786,97.413,96.013,244.48,241.61,3.0,1.73,2.118,17804.228,18406.941,57536.0,103.0641,16.959,5.9,11.7,139563.0,307000.0,34.5,24.56,4914.0,62.8,0.09,0.09,0.568,2.536,3.268,1.968,2.516,3.9879999999999995,1.1300000000000001,4.12,11519.1,2814.5,1725.7351,3265101.43,887169.15,165.889,1023.0,1077.0,,5.4,84.6,430189.0,11991.4,5.5,-41672.0,95.83102,13.030000000000001,,-0.70716,-0.6211,17824071.0,-679775.0,105803.0,41.7,,3.8,,
2014-09-19,237.477,238.786,97.413,96.013,244.48,241.61,3.0,1.6460000000000001,2.072,17804.228,18406.941,57536.0,103.0641,16.959,5.9,11.7,139563.0,288000.0,34.5,24.56,4914.0,62.8,0.09,0.09,0.58,2.6079999999999997,3.344,2.028,2.588,4.032,1.14,4.23,11519.1,2814.5,1725.7351,3265101.43,887169.15,165.889,1023.0,1077.0,,5.4,84.6,430189.0,11991.4,5.5,-41672.0,96.0697,12.728,,-0.69209,-0.6344,17824071.0,-679775.0,105803.0,41.7,,3.8,,
2014-09-26,237.477,238.786,97.413,96.013,244.48,241.61,3.0,1.6199999999999999,2.006,17804.228,18406.941,57536.0,103.0641,16.959,5.9,11.7,139563.0,295000.0,34.5,24.56,4914.0,62.8,0.09,0.09,0.578,2.548,3.25,1.97,2.536,4.212,1.152,4.2,11519.1,2814.5,1725.7351,3265101.43,887169.15,165.889,1023.0,1077.0,,5.4,84.6,430189.0,11991.4,5.5,-41672.0,96.74758,14.475999999999999,,-0.67478,-0.4354,17824071.0,-679775.0,105803.0,41.7,,3.8,,
2014-10-03,237.43,239.191,97.384,96.096,244.866,237.061,2.9,1.58,1.952,17912.079,18500.031,57702.0,103.0764,16.756,5.7,11.5,139798.0,290000.0,34.6,24.59,5012.0,62.9,0.09,0.08571428571428572,0.558,2.466,3.158,1.908,2.45,4.414,1.206,4.19,11593.1,2760.3,1730.8096,3275438.44,889798.43,166.626,1074.0,1094.0,,5.3,86.9,431903.0,12064.7,5.4,-41067.0,97.54158,15.942000000000002,,-0.65853,-0.4169,18141444.0,-484793.0,-121713.0,41.7,,3.8,,
2014-10-10,237.43,239.191,97.384,96.096,244.866,237.061,2.9,1.53,1.948,17912.079,18500.031,57702.0,103.0764,16.756,5.7,11.5,139798.0,293000.0,34.6,24.59,5012.0,62.9,0.09,0.08857142857142856,0.48600000000000004,2.3579999999999997,3.07,1.8719999999999999,2.344,4.458,1.214,4.12,11593.1,2760.3,1730.8096,3275438.44,889798.43,166.626,1074.0,1094.0,,5.3,86.9,431903.0,12064.7,5.4,-41067.0,97.41544,17.554,,-0.64672,-0.3798,18141444.0,-484793.0,-121713.0,41.7,,3.8,,
2014-10-17,237.43,239.191,97.384,96.096,244.866,237.061,2.9,1.395,1.8975,17912.079,18500.031,57702.0,103.0764,16.756,5.7,11.5,139798.0,281000.0,34.6,24.59,5012.0,62.9,0.09,0.09,0.3675,2.1875,2.9475,1.82,2.165,4.846,1.266,3.97,11593.1,2760.3,1730.8096,3275438.44,889798.43,166.626,1074.0,1094.0,,5.3,86.9,431903.0,12064.7,5.4,-41067.0,97.335275,24.174,,-0.63875,0.0874,18141444.0,-484793.0,-121713.0,41.7,,3.8,,
2014-10-24,237.43,239.191,97.384,96.096,244.866,237.061,2.9,1.446,1.906,17912.079,18500.031,57702.0,103.0764,16.756,5.7,11.5,139798.0,290000.0,34.6,24.59,5012.0,62.9,0.09,0.09,0.396,2.252,3.0140000000000002,1.8559999999999999,2.2359999999999998,4.476,1.274,3.92,11593.1,2760.3,1730.8096,3275438.44,889798.43,166.626,1074.0,1094.0,,5.3,86.9,431903.0,12064.7,5.4,-41067.0,97.41542,17.032,,-0.63999,-0.5504,18141444.0,-484793.0,-121713.0,41.7,,3.8,,
2014-10-31,237.43,239.191,97.384,96.096,244.866,237.061,2.9,1.48,1.908,17912.079,18500.031,57702.0,103.0764,16.756,5.7,11.5,139798.0,291000.0,34.6,24.59,5012.0,62.9,0.09,0.08714285714285715,0.458,2.316,3.054,1.858,2.298,4.354,1.268,3.98,11593.1,2760.3,1730.8096,3275438.44,889798.43,166.626,1074.0,1094.0,,5.3,86.9,431903.0,12064.7,5.4,-41067.0,97.46928,14.825999999999999,,-0.64514,-0.5665,18141444.0,-484793.0,-121713.0,41.7,,3.8,,
2014-11-07,236.983,239.458,97.291,96.181,245.394,229.016,2.8,1.55,1.932,17912.079,18500.031,57702.0,103.7126,16.949,5.8,11.4,140089.0,280000.0,34.6,24.66,4843.0,62.9,0.09,0.08571428571428572,0.522,2.356,3.062,1.834,2.3280000000000003,4.324,1.284,4.02,11634.2,2575.1,1751.6656,3283048.38,882173.75,167.32,1001.0,1059.0,,5.7,88.8,433113.0,12083.9,5.6,-39808.0,98.81118000000001,14.116,,-0.65228,-0.546,18141444.0,-484793.0,-56818.0,41.7,,3.8,,
2014-11-14,236.983,239.458,97.291,96.181,245.394,229.016,2.8,1.51,1.9049999999999998,17912.079,18500.031,57702.0,103.7126,16.949,5.8,11.4,140089.0,291000.0,34.6,24.66,4843.0,62.9,0.09,0.09,0.5425,2.355,3.075,1.8125,2.335,4.354,1.302,4.01,11634.2,2575.1,1751.6656,3283048.38,882173.75,167.32,1001.0,1059.0,,5.7,88.8,433113.0,12083.9,5.6,-39808.0,99.0041,13.142,,-0.65727,-0.5283,18141444.0,-484793.0,-56818.0,41.7,,3.8,,
2014-11-21,236.983,239.458,97.291,96.181,245.394,229.016,2.8,1.416,1.848,17912.079,18500.031,57702.0,103.7126,16.949,5.8,11.4,140089.0,293000.0,34.6,24.66,4843.0,62.9,0.09,0.09857142857142857,0.534,2.334,3.052,1.8,2.316,4.542,1.342,3.99,11634.2,2575.1,1751.6656,3283048.38,882173.75,167.32,1001.0,1059.0,,5.7,88.8,433113.0,12083.9,5.6,-39808.0,99.2049,13.658000000000001,,-0.65663,-0.3828,18141444.0,-484793.0,-56818.0,41.7,,3.8,,
2014-11-28,236.983,239.458,97.291,96.181,245.394,229.016,2.8,1.4324999999999999,1.83,17912.079,18500.031,57702.0,103.7126,16.949,5.8,11.4,140089.0,303000.0,34.6,24.66,4843.0,62.9,0.09,0.09714285714285716,0.51,2.2475,2.955,1.7375,2.2275,4.568,1.338,3.97,11634.2,2575.1,1751.6656,3283048.38,882173.75,167.32,1001.0,1059.0,,5.7,88.8,433113.0,12083.9,5.6,-39808.0,99.4919,12.567499999999999,,-0.65011,-0.4761,18141444.0,-484793.0,-56818.0,41.7,,3.8,,
2014-12-05,236.252,239.584,97.12,96.249,246.237,218.536,2.8,1.3679999999999999,1.7740000000000002,17912.079,18500.031,57702.0,103.7044,17.178,5.6,11.2,140364.0,291000.0,34.6,24.63,5130.0,62.8,0.12,0.11,0.562,2.27,2.97,1.7079999999999997,2.248,4.786666666666666,1.3633333333333333,3.89,11717.6,2665.9,1773.178,3309539.83,887381.64,168.035,1073.0,1072.0,,5.1,93.6,430110.0,12096.1,6.0,-42838.0,100.48116,12.762,,-0.63709,-0.3793,18141444.0,-484793.0,1864.0,41.7,,3.8,,
2014-12-12,236.252,239.584,97.12,96.249,246.237,218.536,2.8,1.264,1.698,17912.079,18500.031,57702.0,103.7044,17.178,5.6,11.2,140364.0,291000.0,34.6,24.63,5130.0,62.8,0.12,0.12,0.61,2.19,2.838,1.58,2.16,5.172,1.416,3.93,11717.6,2665.9,1773.178,3309539.83,887381.64,168.035,1073.0,1072.0,,5.1,93.6,430110.0,12096.1,6.0,-42838.0,101.1918,17.758,,-0.61713,-0.1297,18141444.0,-484793.0,1864.0,41.7,,3.8,,
2014-12-19,236.252,239.584,97.12,96.249,246.237,218.536,2.8,1.214,1.65,17912.079,18500.031,57702.0,103.7044,17.178,5.6,11.2,140364.0,286000.0,34.6,24.63,5130.0,62.8,0.12,0.12285714285714286,0.628,2.144,2.752,1.516,2.1079999999999997,5.39,1.482,3.8,11717.6,2665.9,1773.178,3309539.83,887381.64,168.035,1073.0,1072.0,,5.1,93.6,430110.0,12096.1,6.0,-42838.0,101.71082,19.346,,-0.59412,-0.0375,18141444.0,-484793.0,1864.0,41.7,,3.8,,
2014-12-26,236.252,239.584,97.12,96.249,246.237,218.536,2.8,1.2775,1.6875,17912.079,18500.031,57702.0,103.7044,17.178,5.6,11.2,140364.0,276000.0,34.6,24.63,5130.0,62.8,0.12,0.13,0.725,2.2375,2.81,1.5125,2.2125,4.9575,1.4324999999999999,3.83,11717.6,2665.9,1773.178,3309539.83,887381.64,168.035,1073.0,1072.0,,5.1,93.6,430110.0,12096.1,6.0,-42838.0,102.21499999999999,14.73,,-0.57215,-0.5551,18141444.0,-484793.0,1864.0,41.7,,3.8,,
2015-01-02,234.747,239.811,96.654,96.214,246.197,199.926,2.5,1.25,1.67,18063.529,18666.621,58121.0,102.8905,16.91,5.7,11.2,140568.0,285000.0,34.5,24.74,5344.0,62.9,0.11,0.10857142857142857,0.685,2.1775,2.745,1.4925,2.1475,5.015000000000001,1.4375,3.87,11805.2,2745.6,1791.5773,3319930.47,881033.59,168.61,1085.0,1049.0,,4.8,98.1,428208.0,12066.7,6.3,-38865.0,102.4164,16.9925,,-0.54968,-0.1977,18152056.0,-484793.0,-14996.0,41.5,,3.8,,
2015-01-09,234.747,239.811,96.654,96.214,246.197,199.926,2.5,1.196,1.6019999999999999,18063.529,18666.621,58121.0,102.8905,16.91,5.7,11.2,140568.0,294000.0,34.5,24.74,5344.0,62.9,0.11,0.12,0.632,1.996,2.556,1.364,1.968,5.252,1.476,3.73,11805.2,2745.6,1791.5773,3319930.47,881033.59,168.61,1085.0,1049.0,,4.8,98.1,428208.0,12066.7,6.3,-38865.0,103.36484,18.982,,-0.53135,0.0779,18152056.0,-484793.0,-14996.0,41.5,,3.8,,
2015-01-16,234.747,239.811,96.654,96.214,246.197,199.926,2.5,1.152,1.572,18063.529,18666.621,58121.0,102.8905,16.91,5.7,11.2,140568.0,304000.0,34.5,24.74,5344.0,62.9,0.11,0.12142857142857143,0.508,1.8579999999999999,2.458,1.35,1.8259999999999998,5.34,1.51,3.66,11805.2,2745.6,1791.5773,3319930.47,881033.59,168.61,1085.0,1049.0,,4.8,98.1,428208.0,12066.7,6.3,-38865.0,103.17986,20.996000000000002,,-0.51676,0.0792,18152056.0,-484793.0,-14996.0,41.5,,3.8,,
2015-01-23,234.747,239.811,96.654,96.214,246.197,199.926,2.5,1.19,1.6025,18063.529,18666.621,58121.0,102.8905,16.91,5.7,11.2,140568.0,298000.0,34.5,24.74,5344.0,62.9,0.11,0.12428571428571429,0.5275000000000001,1.85,2.4175,1.3225,1.8225,5.3420000000000005,1.518,3.63,11805.2,2745.6,1791.5773,3319930.47,881033.59,168.61,1085.0,1049.0,,4.8,98.1,428208.0,12066.7,6.3,-38865.0,103.90095,17.95,,-0.50835,-0.0961,18152056.0,-484793.0,-14996.0,41.5,,3.8,,
2015-01-30,234.747,239.811,96.654,96.214,246.197,199.926,2.5,1.274,1.6300000000000001,18063.529,18666.621,58121.0,102.8905,16.91,5.7,11.2,140568.0,261000.0,34.5,24.74,5344.0,62.9,0.11,0.10857142857142857,0.512,1.768,2.334,1.256,1.7440000000000002,5.302,1.506,3.66,11805.2,2745.6,1791.5773,3319930.47,881033.59,168.61,1085.0,1049.0,,4.8,98.1,428208.0,12066.7,6.3,-38865.0,104.79695999999998,18.582,,-0.50494,-0.0601,18152056.0,-484793.0,-14996.0,41.5,,3.8,,
2015-02-06,235.342,240.172,96.825,96.324,246.495,203.021,2.8,1.362,1.6939999999999997,18063.529,18666.621,58121.0,102.2335,16.891,5.5,10.9,140827.0,281000.0,34.6,24.79,5466.0,62.7,0.11,0.09999999999999999,0.54,1.812,2.388,1.272,1.794,5.075,1.5033333333333332,3.59,11922.8,2556.1,1807.9304,3337844.15,884751.64,169.104,886.0,1127.0,,4.5,95.4,427119.0,12116.6,6.4,-33903.0,104.84338,17.845999999999997,,-0.50637,-0.251,18152056.0,-484793.0,-192359.0,41.5,,3.8,,
2015-02-13,235.342,240.172,96.825,96.324,246.495,203.021,2.8,1.338,1.686,18063.529,18666.621,58121.0,102.2335,16.891,5.5,10.9,140827.0,298000.0,34.6,24.79,5466.0,62.7,0.11,0.11714285714285713,0.652,1.996,2.5759999999999996,1.344,1.984,4.752,1.442,3.69,11922.8,2556.1,1807.9304,3337844.15,884751.64,169.104,886.0,1127.0,,4.5,95.4,427119.0,12116.6,6.4,-33903.0,105.17048,16.554,,-0.51101,-0.3483,18152056.0,-484793.0,-192359.0,41.5,,3.8,,
2015-02-20,235.342,240.172,96.825,96.324,246.495,203.021,2.8,1.3425,1.7275,18063.529,18666.621,58121.0,102.2335,16.891,5.5,10.9,140827.0,285000.0,34.6,24.79,5466.0,62.7,0.11,0.12,0.665,2.1125,2.7225,1.4475,2.0925,4.598000000000001,1.402,3.76,11922.8,2556.1,1807.9304,3337844.15,884751.64,169.104,886.0,1127.0,,4.5,95.4,427119.0,12116.6,6.4,-33903.0,105.2436,15.21,,-0.51779,-0.3229,18152056.0,-484793.0,-192359.0,41.5,,3.8,,
2015-02-27,235.342,240.172,96.825,96.324,246.495,203.021,2.8,1.402,1.7559999999999998,18063.529,18666.621,58121.0,102.2335,16.891,5.5,10.9,140827.0,305000.0,34.6,24.79,5466.0,62.7,0.11,0.10571428571428572,0.628,2.008,2.6100000000000003,1.3800000000000001,1.986,4.508,1.38,3.8,11922.8,2556.1,1807.9304,3337844.15,884751.64,169.104,886.0,1127.0,,4.5,95.4,427119.0,12116.6,6.4,-33903.0,105.44672,13.868,,-0.5249,-0.2849,18152056.0,-484793.0,-192359.0,41.5,,3.8,,
2015-03-06,235.976,240.755,97.008,96.47,246.072,205.757,3.0,1.56,1.846,18063.529,18666.621,58121.0,101.8914,17.896,5.4,10.9,140923.0,317000.0,34.5,24.85,5210.0,62.6,0.11,0.09999999999999999,0.6759999999999999,2.134,2.73,1.458,2.118,4.423333333333333,1.3066666666666666,3.75,11920.5,2732.9,1833.4502,3360575.76,890777.97,169.776,960.0,1072.0,,5.1,93.0,433647.0,12176.1,5.9,-48732.0,106.234575,14.074000000000002,,-0.52995,-0.3382,18152056.0,-484793.0,-52910.05993036,41.5,,3.8,,
2015-03-13,235.976,240.755,97.008,96.47,246.072,205.757,3.0,1.418,1.722,18063.529,18666.621,58121.0,101.8914,17.896,5.4,10.9,140923.0,293000.0,34.5,24.85,5210.0,62.6,0.11,0.1157142857142857,0.6900000000000001,2.136,2.722,1.446,2.1100000000000003,4.616,1.322,3.86,11920.5,2732.9,1833.4502,3360575.76,890777.97,169.776,960.0,1072.0,,5.1,93.0,433647.0,12176.1,5.9,-48732.0,108.25028,16.008000000000003,,-0.53371,-0.1825,18152056.0,-484793.0,-52910.05993036,41.5,,3.8,,
2015-03-20,235.976,240.755,97.008,96.47,246.072,205.757,3.0,1.386,1.7079999999999997,18063.529,18666.621,58121.0,101.8914,17.896,5.4,10.9,140923.0,290000.0,34.5,24.85,5210.0,62.6,0.11,0.1157142857142857,0.632,2.0,2.566,1.3679999999999999,1.966,4.804,1.3719999999999999,3.78,11920.5,2732.9,1833.4502,3360575.76,890777.97,169.776,960.0,1072.0,,5.1,93.0,433647.0,12176.1,5.9,-48732.0,108.19608000000001,14.466,,-0.53694,-0.1917,18152056.0,-484793.0,-52910.05993036,41.5,,3.8,,
2015-03-27,235.976,240.755,97.008,96.47,246.072,205.757,3.0,1.536,1.778,18063.529,18666.621,58121.0,101.8914,17.896,5.4,10.9,140923.0,284000.0,34.5,24.85,5210.0,62.6,0.11,0.11714285714285713,0.592,1.938,2.52,1.346,1.906,4.7780000000000005,1.38,3.69,11920.5,2732.9,1833.4502,3360575.76,890777.97,169.776,960.0,1072.0,,5.1,93.0,433647.0,12176.1,5.9,-48732.0,106.53114000000001,14.668000000000001,,-0.53874,-0.2714,18152056.0,-484793.0,-52910.05993036,41.5,,3.8,,
2015-04-03,236.222,241.346,97.094,96.648,246.002,203.577,2.6,1.544,1.786,18279.784,18782.243,58376.0,101.3355,17.693,5.4,10.9,141196.0,269000.0,34.5,24.89,5598.0,62.8,0.12,0.11142857142857143,0.546,1.908,2.516,1.362,1.8800000000000001,4.8075,1.3675000000000002,3.7,11954.6,2756.7,1847.9368,3382639.53,898602.06,170.277,1190.0,1166.0,,4.9,95.9,434470.0,12209.1,5.9,-39836.0,106.89072000000002,14.895,,-0.54035,-0.2575,18151998.0,-484793.0,156714.07843925,41.5,,3.8,,
2015-04-10,236.222,241.346,97.094,96.648,246.002,203.577,2.6,1.586,1.8400000000000003,18279.784,18782.243,58376.0,101.3355,17.693,5.4,10.9,141196.0,282000.0,34.5,24.89,5598.0,62.8,0.12,0.12142857142857143,0.54,1.932,2.562,1.392,1.906,4.682,1.338,3.66,11954.6,2756.7,1847.9368,3382639.53,898602.06,170.277,1190.0,1166.0,,4.9,95.9,434470.0,12209.1,5.9,-39836.0,106.62912000000001,13.834,,-0.54236,-0.4419,18151998.0,-484793.0,156714.07843925,41.5,,3.8,,
2015-04-17,236.222,241.346,97.094,96.648,246.002,203.577,2.6,1.584,1.8359999999999999,18279.784,18782.243,58376.0,101.3355,17.693,5.4,10.9,141196.0,298000.0,34.5,24.89,5598.0,62.8,0.12,0.12714285714285714,0.518,1.904,2.548,1.386,1.884,4.614,1.326,3.67,11954.6,2756.7,1847.9368,3382639.53,898602.06,170.277,1190.0,1166.0,,4.9,95.9,434470.0,12209.1,5.9,-39836.0,106.91922,13.388,,-0.54368,-0.4251,18151998.0,-484793.0,156714.07843925,41.5,,3.8,,
2015-04-24,236.222,241.346,97.094,96.648,246.002,203.577,2.6,1.64,1.8800000000000001,18279.784,18782.243,58376.0,101.3355,17.693,5.4,10.9,141196.0,295000.0,34.5,24.89,5598.0,62.8,0.12,0.13,0.552,1.94,2.6100000000000003,1.388,1.9100000000000001,4.561999999999999,1.32,3.65,11954.6,2756.7,1847.9368,3382639.53,898602.06,170.277,1190.0,1166.0,,4.9,95.9,434470.0,12209.1,5.9,-39836.0,106.34013999999999,12.806000000000001,,-0.54564,-0.4789,18151998.0,-484793.0,156714.07843925,41.5,,3.8,,
2015-05-01,237.001,241.688,97.327,96.766,246.239,208.973,2.8,1.7079999999999997,1.92,18279.784,18782.243,58376.0,100.8883,17.929,5.6,10.9,141538.0,269000.0,34.5,24.97,5563.0,62.9,0.12,0.12285714285714287,0.568,2.034,2.7239999999999998,1.466,2.02,4.544,1.326,3.68,11982.6,2641.7,1863.5293,3399365.69,900342.45,170.86,1079.0,1272.0,,5.0,90.7,437865.0,12275.4,5.8,-38502.0,105.26522,13.234,,-0.54655,-0.4439,18151998.0,-484793.0,-82385.27841904,41.5,,3.8,,
2015-05-08,237.001,241.688,97.327,96.766,246.239,208.973,2.8,1.684,1.906,18279.784,18782.243,58376.0,100.8883,17.929,5.6,10.9,141538.0,267000.0,34.5,24.97,5563.0,62.9,0.12,0.13,0.618,2.188,2.912,1.57,2.1740000000000004,4.514,1.332,3.8,11982.6,2641.7,1863.5293,3399365.69,900342.45,170.86,1079.0,1272.0,,5.0,90.7,437865.0,12275.4,5.8,-38502.0,105.12750000000001,14.059999999999999,,-0.54645,-0.3869,18151998.0,-484793.0,-82385.27841904,41.5,,3.8,,
2015-05-15,237.001,241.688,97.327,96.766,246.239,208.973,2.8,1.6460000000000001,1.864,18279.784,18782.243,58376.0,100.8883,17.929,5.6,10.9,141538.0,271000.0,34.5,24.97,5563.0,62.9,0.12,0.13,0.5860000000000001,2.2399999999999998,3.016,1.654,2.2199999999999998,4.518,1.328,3.85,11982.6,2641.7,1863.5293,3399365.69,900342.45,170.86,1079.0,1272.0,,5.0,90.7,437865.0,12275.4,5.8,-38502.0,104.56336000000002,13.318000000000001,,-0.54686,-0.3602,18151998.0,-484793.0,-82385.27841904,41.5,,3.8,,
2015-05-22,237.001,241.688,97.327,96.766,246.239,208.973,2.8,1.638,1.86,18279.784,18782.243,58376.0,100.8883,17.929,5.6,10.9,141538.0,276000.0,34.5,24.97,5563.0,62.9,0.12,0.12571428571428572,0.61,2.232,3.02,1.6219999999999999,2.212,4.484,1.33,3.84,11982.6,2641.7,1863.5293,3399365.69,900342.45,170.86,1079.0,1272.0,,5.0,90.7,437865.0,12275.4,5.8,-38502.0,105.34832000000002,12.540000000000001,,-0.54744,-0.3585,18151998.0,-484793.0,-82385.27841904,41.5,,3.8,,
2015-05-29,237.001,241.688,97.327,96.766,246.239,208.973,2.8,1.5575,1.8050000000000002,18279.784,18782.243,58376.0,100.8883,17.929,5.6,10.9,141538.0,281000.0,34.5,24.97,5563.0,62.9,0.12,0.11857142857142856,0.6275,2.1325000000000003,2.885,1.505,2.12,4.5024999999999995,1.355,3.87,11982.6,2641.7,1863.5293,3399365.69,900342.45,170.86,1079.0,1272.0,,5.0,90.7,437865.0,12275.4,5.8,-38502.0,106.82405,13.620000000000001,,-0.54725,-0.2459,18151998.0,-484793.0,-82385.27841904,41.5,,3.8,,
2015-06-05,237.657,242.064,97.516,96.882,246.937,212.015,2.7,1.592,1.826,18279.784,18782.243,58376.0,100.571,17.889,5.3,10.4,141709.0,275000.0,34.5,24.97,5248.0,62.7,0.13,0.11285714285714286,0.6719999999999999,2.3120000000000003,3.042,1.64,2.292,4.528333333333333,1.3816666666666666,3.87,12023.2,2611.1,1880.1555,3425250.89,905490.7,171.457,1205.0,1379.0,,5.4,96.1,437951.0,12307.9,5.7,-42425.0,106.68498,14.158000000000001,,-0.5466,-0.2592,18151998.0,-484793.0,51775.76400154,41.5,,3.8,,
2015-06-12,237.657,242.064,97.516,96.882,246.937,212.015,2.7,1.642,1.85,18279.784,18782.243,58376.0,100.571,17.889,5.3,10.4,141709.0,278000.0,34.5,24.97,5248.0,62.7,0.13,0.13,0.728,2.418,3.138,1.69,2.4,4.6240000000000006,1.394,4.04,12023.2,2611.1,1880.1555,3425250.89,905490.7,171.457,1205.0,1379.0,,5.4,96.1,437951.0,12307.9,5.7,-42425.0,106.15834,13.922,,-0.5455,-0.2755,18151998.0,-484793.0,51775.76400154,41.5,,3.8,,
2015-06-19,237.657,242.064,97.516,96.882,246.937,212.015,2.7,1.6599999999999997,1.876,18279.784,18782.243,58376.0,100.571,17.889,5.3,10.4,141709.0,269000.0,34.5,24.97,5248.0,62.7,0.13,0.13428571428571429,0.682,2.322,3.086,1.64,2.31,4.736,1.432,4.0,12023.2,2611.1,1880.1555,3425250.89,905490.7,171.457,1205.0,1379.0,,5.4,96.1,437951.0,12307.9,5.7,-42425.0,105.73116,14.37,,-0.54281,-0.2111,18151998.0,-484793.0,51775.76400154,41.5,,3.8,,
2015-06-26,237.657,242.064,97.516,96.882,246.937,212.015,2.7,1.65,1.9099999999999997,18279.784,18782.243,58376.0,100.571,17.889,5.3,10.4,141709.0,273000.0,34.5,24.97,5248.0,62.7,0.13,0.13,0.692,2.412,3.186,1.72,2.402,4.644,1.434,4.02,12023.2,2611.1,1880.1555,3425250.89,905490.7,171.457,1205.0,1379.0,,5.4,96.1,437951.0,12307.9,5.7,-42425.0,106.03353999999999,13.228,,-0.54013,-0.3789,18151998.0,-484793.0,51775.76400154,41.5,,3.8,,
2015-07-03,238.034,242.565,97.605,96.978,247.157,211.623,2.8,1.605,1.885,18401.626,18857.418,58486.0,101.2228,18.318,5.2,10.3,141991.0,275000.0,34.6,25.01,6056.0,62.6,0.13,0.1242857142857143,0.6525,2.3775,3.1475,1.725,2.365,4.922,1.464,4.08,12067.0,2649.3,1889.5042,3444143.74,911442.36,172.132,1146.0,1140.0,,5.2,93.1,441942.0,12364.9,5.6,-40340.0,106.704575,17.490000000000002,,-0.53501,0.0274,18150618.0,-484793.0,-149186.76611285,41.5,,3.8,,
2015-07-10,238.034,242.565,97.605,96.978,247.157,211.623,2.8,1.564,1.858,18401.626,18857.418,58486.0,101.2228,18.318,5.2,10.3,141991.0,292000.0,34.6,25.01,6056.0,62.6,0.13,0.13,0.596,2.306,3.084,1.7100000000000002,2.286,5.098000000000001,1.49,4.04,12067.0,2649.3,1889.5042,3444143.74,911442.36,172.132,1146.0,1140.0,,5.2,93.1,441942.0,12364.9,5.6,-40340.0,107.43304,17.912,,-0.53002,-0.0677,18150618.0,-484793.0,-149186.76611285,41.5,,3.8,,
2015-07-17,238.034,242.565,97.605,96.978,247.157,211.623,2.8,1.532,1.844,18401.626,18857.418,58486.0,101.2228,18.318,5.2,10.3,141991.0,285000.0,34.6,25.01,6056.0,62.6,0.13,0.13142857142857142,0.6679999999999999,2.382,3.146,1.714,2.3619999999999997,4.932,1.494,4.09,12067.0,2649.3,1889.5042,3444143.74,911442.36,172.132,1146.0,1140.0,,5.2,93.1,441942.0,12364.9,5.6,-40340.0,107.95882000000002,12.912,,-0.52458,-0.4132,18150618.0,-484793.0,-149186.76611285,41.5,,3.8,,
2015-07-24,238.034,242.565,97.605,96.978,247.157,211.623,2.8,1.462,1.798,18401.626,18857.418,58486.0,101.2228,18.318,5.2,10.3,141991.0,265000.0,34.6,25.01,6056.0,62.6,0.13,0.13142857142857142,0.716,2.322,3.032,1.6059999999999999,2.286,5.142,1.52,4.04,12067.0,2649.3,1889.5042,3444143.74,911442.36,172.132,1146.0,1140.0,,5.2,93.1,441942.0,12364.9,5.6,-40340.0,108.72786,12.594,,-0.51488,-0.2445,18150618.0,-484793.0,-149186.76611285,41.5,,3.8,,
2015-07-31,238.034,242.565,97.605,96.978,247.157,211.623,2.8,1.378,1.752,18401.626,18857.418,58486.0,101.2228,18.318,5.2,10.3,141991.0,269000.0,34.6,25.01,6056.0,62.6,0.13,0.1285714285714286,0.692,2.252,2.952,1.56,2.19,5.376,1.562,3.98,12067.0,2649.3,1889.5042,3444143.74,911442.36,172.132,1146.0,1140.0,,5.2,93.1,441942.0,12364.9,5.6,-40340.0,108.83984000000001,13.157999999999998,,-0.50023,-0.1543,18150618.0,-484793.0,-149186.76611285,41.5,,3.8,,
2015-08-07,238.033,242.817,97.612,97.056,247.742,208.579,2.8,1.304,1.688,18401.626,18857.418,58486.0,101.0367,18.391,5.1,10.2,142125.0,270000.0,34.6,25.1,5467.0,62.6,0.14,0.12285714285714287,0.718,2.216,2.886,1.498,2.148,5.414,1.586,3.91,12112.0,2666.1,1903.4103,3460249.09,914594.11,172.909,1130.0,1165.0,,5.0,91.9,441849.0,12396.2,5.6,-44205.0,109.48800000000001,13.046000000000001,,-0.4814,-0.2051,18150618.0,-484793.0,-64420.51991251,41.5,,3.8,,
2015-08-14,238.033,242.817,97.612,97.056,247.742,208.579,2.8,1.266,1.6420000000000001,18401.626,18857.418,58486.0,101.0367,18.391,5.1,10.2,142125.0,274000.0,34.6,25.1,5467.0,62.6,0.14,0.1442857142857143,0.7060000000000001,2.184,2.848,1.478,2.082,5.63,1.6300000000000001,3.94,12112.0,2666.1,1903.4103,3460249.09,914594.11,172.909,1130.0,1165.0,,5.0,91.9,441849.0,12396.2,5.6,-44205.0,109.68498,13.174000000000001,,-0.45996,-0.1145,18150618.0,-484793.0,-64420.51991251,41.5,,3.8,,
2015-08-21,238.033,242.817,97.612,97.056,247.742,208.579,2.8,1.18,1.564,18401.626,18857.418,58486.0,101.0367,18.391,5.1,10.2,142125.0,279000.0,34.6,25.1,5467.0,62.6,0.14,0.14714285714285716,0.692,2.124,2.798,1.432,2.07,5.686,1.6599999999999997,3.93,12112.0,2666.1,1903.4103,3460249.09,914594.11,172.909,1130.0,1165.0,,5.0,91.9,441849.0,12396.2,5.6,-44205.0,110.21584,17.846,,-0.43751,0.12,18150618.0,-484793.0,-64420.51991251,41.5,,3.8,,
2015-08-28,238.033,242.817,97.612,97.056,247.742,208.579,2.8,1.162,1.548,18401.626,18857.418,58486.0,101.0367,18.391,5.1,10.2,142125.0,274000.0,34.6,25.1,5467.0,62.6,0.14,0.1457142857142857,0.666,2.136,2.872,1.47,2.0740000000000003,5.894,1.7100000000000002,3.84,12112.0,2666.1,1903.4103,3460249.09,914594.11,172.909,1130.0,1165.0,,5.0,91.9,441849.0,12396.2,5.6,-44205.0,110.4011,31.846000000000004,,-0.41725,0.5989,18150618.0,-484793.0,-64420.51991251,41.5,,3.8,,
2015-09-04,237.498,243.316,97.477,97.196,248.492,197.246,2.8,1.186,1.562,18401.626,18857.418,58486.0,100.7547,18.281,5.0,10.0,142275.0,279000.0,34.5,25.11,5488.0,62.4,0.14,0.13142857142857145,0.716,2.178,2.938,1.462,2.1420000000000003,5.73,1.688,3.89,12173.9,2701.3,1915.348,3487879.79,920698.87,173.801,1224.0,1144.0,,5.9,87.2,439867.0,12386.4,5.8,-41641.0,110.7538,27.865999999999996,,-0.40421,0.2136,18150618.0,-484793.0,91060.53109438,41.5,,3.8,,
2015-09-11,237.498,243.316,97.477,97.196,248.492,197.246,2.8,1.18,1.5675000000000001,18401.626,18857.418,58486.0,100.7547,18.281,5.0,10.0,142275.0,273000.0,34.5,25.11,5488.0,62.4,0.14,0.14,0.7375,2.21,2.965,1.4725,2.1725000000000003,5.634,1.672,3.9,12173.9,2701.3,1915.348,3487879.79,920698.87,173.801,1224.0,1144.0,,5.9,87.2,439867.0,12386.4,5.8,-41641.0,110.740175,24.675,,-0.39844,0.1111,18150618.0,-484793.0,91060.53109438,41.5,,3.8,,
2015-09-18,237.498,243.316,97.477,97.196,248.492,197.246,2.8,1.206,1.564,18401.626,18857.418,58486.0,100.7547,18.281,5.0,10.0,142275.0,264000.0,34.5,25.11,5488.0,62.4,0.14,0.14,0.752,2.2199999999999998,3.008,1.468,2.178,5.651999999999999,1.6619999999999997,3.91,12173.9,2701.3,1915.348,3487879.79,920698.87,173.801,1224.0,1144.0,,5.9,87.2,439867.0,12386.4,5.8,-41641.0,110.23594,22.312,,-0.39858,0.1236,18150618.0,-484793.0,91060.53109438,41.5,,3.5,,
2015-09-25,237.498,243.316,97.477,97.196,248.492,197.246,2.8,1.144,1.504,18401.626,18857.418,58486.0,100.7547,18.281,5.0,10.0,142275.0,269000.0,34.5,25.11,5488.0,62.4,0.14,0.1385714285714286,0.696,2.16,2.9560000000000004,1.464,2.154,6.004,1.682,3.86,12173.9,2701.3,1915.348,3487879.79,920698.87,173.801,1224.0,1144.0,,5.9,87.2,439867.0,12386.4,5.8,-41641.0,111.25694000000001,22.36,,-0.40434,0.357,18150618.0,-484793.0,91060.53109438,41.5,,3.5,,
2015-10-02,237.733,243.768,97.477,97.228,248.755,195.616,2.7,1.08,1.426,18435.137,18892.206,58470.0,100.2675,18.27,5.0,9.8,142579.0,272000.0,34.5,25.2,5773.0,62.5,0.12,0.12142857142857144,0.634,2.05,2.852,1.416,2.0460000000000003,6.640000000000001,1.7760000000000002,3.85,12225.2,2725.9,1930.1677,3502824.92,921731.24,174.765,1058.0,1160.0,,5.6,90.0,438693.0,12394.9,5.8,-40873.0,111.19778000000001,24.490000000000002,,-0.41412,0.6451,18922179.0,-441960.0,-136532.08481492,41.5,,3.5,,
2015-10-09,237.733,243.768,97.477,97.228,248.755,195.616,2.7,1.22,1.54,18435.137,18892.206,58470.0,100.2675,18.27,5.0,9.8,142579.0,267000.0,34.5,25.2,5773.0,62.5,0.12,0.13,0.634,2.088,2.914,1.454,2.084,6.37,1.754,3.76,12225.2,2725.9,1930.1677,3502824.92,921731.24,174.765,1058.0,1160.0,,5.6,90.0,438693.0,12394.9,5.8,-40873.0,109.82424,18.368000000000002,,-0.42987,-0.0122,18922179.0,-441960.0,-136532.08481492,41.5,,3.5,,
2015-10-16,237.733,243.768,97.477,97.228,248.755,195.616,2.7,1.1724999999999999,1.4975,18435.137,18892.206,58470.0,100.2675,18.27,5.0,9.8,142579.0,265000.0,34.5,25.2,5773.0,62.5,0.12,0.13,0.6074999999999999,2.0324999999999998,2.8675,1.4249999999999998,2.025,6.223999999999999,1.73,3.82,12225.2,2725.9,1930.1677,3502824.92,921731.24,174.765,1058.0,1160.0,,5.6,90.0,438693.0,12394.9,5.8,-40873.0,109.04975,16.594,,-0.44441,0.0676,18922179.0,-441960.0,-136532.08481492,41.5,,3.5,,
2015-10-23,237.733,243.768,97.477,97.228,248.755,195.616,2.7,1.15,1.472,18435.137,18892.206,58470.0,100.2675,18.27,5.0,9.8,142579.0,264000.0,34.5,25.2,5773.0,62.5,0.12,0.12714285714285714,0.636,2.058,2.8899999999999997,1.422,2.0460000000000003,6.072,1.698,3.79,12225.2,2725.9,1930.1677,3502824.92,921731.24,174.765,1058.0,1160.0,,5.6,90.0,438693.0,12394.9,5.8,-40873.0,109.79285999999999,15.268,,-0.45739,-0.0591,18922179.0,-441960.0,-136532.08481492,41.5,,3.5,,
2015-10-30,237.733,243.768,97.477,97.228,248.755,195.616,2.7,1.168,1.496,18435.137,18892.206,58470.0,100.2675,18.27,5.0,9.8,142579.0,264000.0,34.5,25.2,5773.0,62.5,0.12,0.11285714285714286,0.708,2.114,2.898,1.406,2.066,5.962,1.658,3.76,12225.2,2725.9,1930.1677,3502824.92,921731.24,174.765,1058.0,1160.0,,5.6,90.0,438693.0,12394.9,5.8,-40873.0,110.3892,14.946000000000002,,-0.46667,-0.1071,18922179.0,-441960.0,-136532.08481492,41.5,,3.5,,
2015-11-06,238.017,244.241,97.538,97.332,248.525,195.114,2.7,1.248,1.568,18435.137,18892.206,58470.0,99.5298,18.314,5.1,10.0,142808.0,275000.0,34.5,25.25,5708.0,62.5,0.12,0.10571428571428572,0.8320000000000001,2.256,3.0100000000000002,1.424,2.192,5.81,1.635,3.87,12317.0,2660.3,1946.3666,3510642.87,917819.55,175.71,1172.0,1244.0,,5.5,91.3,440303.0,12423.2,5.6,-40451.0,110.75344,14.716,,-0.47028,-0.175,18922179.0,-441960.0,-64552.91957894,41.5,,3.5,,
2015-11-13,238.017,244.241,97.538,97.332,248.525,195.114,2.7,1.245,1.5525,18435.137,18892.206,58470.0,99.5298,18.314,5.1,10.0,142808.0,276000.0,34.5,25.25,5708.0,62.5,0.12,0.12,0.8775,2.32,3.0925000000000002,1.4425,2.1825,6.07,1.616,3.98,12317.0,2660.3,1946.3666,3510642.87,917819.55,175.71,1172.0,1244.0,,5.5,91.3,440303.0,12423.2,5.6,-40451.0,111.9315,17.264,,-0.46679,0.033,18922179.0,-441960.0,-64552.91957894,41.5,,3.5,,
2015-11-20,238.017,244.241,97.538,97.332,248.525,195.114,2.7,1.252,1.552,18435.137,18892.206,58470.0,99.5298,18.314,5.1,10.0,142808.0,272000.0,34.5,25.25,5708.0,62.5,0.12,0.12285714285714286,0.8960000000000001,2.258,3.034,1.362,2.13,6.2540000000000004,1.624,3.97,12317.0,2660.3,1946.3666,3510642.87,917819.55,175.71,1172.0,1244.0,,5.5,91.3,440303.0,12423.2,5.6,-40451.0,112.05102,17.262,,-0.45749,0.0184,18922179.0,-441960.0,-64552.91957894,41.5,,3.5,,
2015-11-27,238.017,244.241,97.538,97.332,248.525,195.114,2.7,1.32,1.61,18435.137,18892.206,58470.0,99.5298,18.314,5.1,10.0,142808.0,261000.0,34.5,25.25,5708.0,62.5,0.12,0.12,0.93,2.2350000000000003,3.0,1.3050000000000002,2.0675,6.3759999999999994,1.6280000000000001,3.95,12317.0,2660.3,1946.3666,3510642.87,917819.55,175.71,1172.0,1244.0,,5.5,91.3,440303.0,12423.2,5.6,-40451.0,112.013075,15.465,,-0.44366,-0.0431,18922179.0,-441960.0,-64552.91957894,41.5,,3.5,,
2015-12-04,237.761,244.547,97.456,97.396,248.206,190.143,2.6,1.298,1.586,18435.137,18892.206,58470.0,99.0417,17.503,5.0,9.9,143077.0,265000.0,34.5,25.25,5845.0,62.7,0.24,0.12000000000000001,0.942,2.23,2.976,1.288,2.0140000000000002,6.3660000000000005,1.6219999999999999,3.93,12387.9,2481.2,1952.8521,3400230.33,898082.65,176.515,1146.0,1211.0,,5.1,92.6,442149.0,12452.0,5.8,-41003.0,112.00237999999999,15.925999999999998,,-0.42513,0.0155,18922179.0,-441960.0,-14443.9438535,41.5,,3.5,,
2015-12-11,237.761,244.547,97.456,97.396,248.206,190.143,2.6,1.216,1.524,18435.137,18892.206,58470.0,99.0417,17.503,5.0,9.9,143077.0,280000.0,34.5,25.25,5845.0,62.7,0.24,0.13428571428571429,0.9279999999999999,2.212,2.948,1.284,1.954,6.7379999999999995,1.6640000000000001,3.95,12387.9,2481.2,1952.8521,3400230.33,898082.65,176.515,1146.0,1211.0,,5.1,92.6,442149.0,12452.0,5.8,-41003.0,112.40556,19.356,,-0.40305,0.3394,18922179.0,-441960.0,-14443.9438535,41.5,,3.5,,
2015-12-18,237.761,244.547,97.456,97.396,248.206,190.143,2.6,1.202,1.464,18435.137,18892.206,58470.0,99.0417,17.503,5.0,9.9,143077.0,268000.0,34.5,25.25,5845.0,62.7,0.24,0.21,0.9879999999999999,2.248,2.964,1.26,2.008,7.122,1.736,3.97,12387.9,2481.2,1952.8521,3400230.33,898082.65,176.515,1146.0,1211.0,,5.1,92.6,442149.0,12452.0,5.8,-41003.0,113.14016,20.236,,-0.38149,0.4207,18922179.0,-441960.0,-14443.9438535,41.5,,3.5,,
2015-12-25,237.761,244.547,97.456,97.396,248.206,190.143,2.6,1.2149999999999999,1.4849999999999999,18435.137,18892.206,58470.0,99.0417,17.503,5.0,9.9,143077.0,260000.0,34.5,25.25,5845.0,62.7,0.24,0.3628571428571429,0.9975,2.24,2.96,1.2425,2.0275,7.125,1.7425,3.96,12387.9,2481.2,1952.8521,3400230.33,898082.65,176.515,1146.0,1211.0,,5.1,92.6,442149.0,12452.0,5.8,-41003.0,113.214925,16.6525,,-0.3614,0.2683,18922179.0,-441960.0,-14443.9438535,41.5,,3.5,,
2016-01-01,237.652,244.955,97.496,97.567,248.353,185.235,2.5,1.2775,1.5275,18525.933,19001.69,58704.0,99.5607,18.054,4.8,9.7,143210.0,276000.0,34.6,25.37,6012.0,62.7,0.34,0.31285714285714283,1.07,2.285,3.01,1.2149999999999999,2.0774999999999997,6.9825,1.73,4.01,12518.5,2440.0,1963.8478,3419760.04,903594.77,177.244,1092.0,1171.0,,5.6,92.0,439466.0,12478.0,6.1,-40044.0,113.256525,17.1225,,-0.34373,0.2036,19264939.0,-441960.0,55163.28851489,41.3,,3.5,,
2016-01-08,237.652,244.955,97.496,97.567,248.353,185.235,2.5,1.272,1.524,18525.933,19001.69,58704.0,99.5607,18.054,4.8,9.7,143210.0,273000.0,34.6,25.37,6012.0,62.7,0.34,0.31428571428571433,0.99,2.192,2.952,1.202,1.986,7.142,1.7440000000000002,3.97,12518.5,2440.0,1963.8478,3419760.04,903594.77,177.244,1092.0,1171.0,,5.6,92.0,439466.0,12478.0,6.1,-40044.0,114.54064000000001,22.526,,-0.32817,0.6145,19264939.0,-441960.0,55163.28851489,41.3,,3.5,,
2016-01-15,237.652,244.955,97.496,97.567,248.353,185.235,2.5,1.176,1.42,18525.933,19001.69,58704.0,99.5607,18.054,4.8,9.7,143210.0,284000.0,34.6,25.37,6012.0,62.7,0.34,0.36,0.906,2.1,2.882,1.194,1.874,7.529999999999999,1.8219999999999998,3.92,12518.5,2440.0,1963.8478,3419760.04,903594.77,177.244,1092.0,1171.0,,5.6,92.0,439466.0,12478.0,6.1,-40044.0,115.31884,24.592,,-0.3146,0.7747,19264939.0,-441960.0,55163.28851489,41.3,,3.5,,
2016-01-22,237.652,244.955,97.496,97.567,248.353,185.235,2.5,1.1225,1.3325,18525.933,19001.69,58704.0,99.5607,18.054,4.8,9.7,143210.0,290000.0,34.6,25.37,6012.0,62.7,0.34,0.3657142857142857,0.8625,2.04,2.8025,1.1775,1.7625,8.010000000000002,1.9439999999999997,3.81,12518.5,2440.0,1963.8478,3419760.04,903594.77,177.244,1092.0,1171.0,,5.6,92.0,439466.0,12478.0,6.1,-40044.0,116.04953333333333,25.6675,,-0.30441,0.8665,19264939.0,-441960.0,55163.28851489,41.3,,3.5,,
2016-01-29,237.652,244.955,97.496,97.567,248.353,185.235,2.5,1.178,1.386,18525.933,19001.69,58704.0,99.5607,18.054,4.8,9.7,143210.0,269000.0,34.6,25.37,6012.0,62.7,0.34,0.3671428571428571,0.8320000000000001,2.0,2.786,1.168,1.6759999999999997,7.790000000000001,2.0,3.79,12518.5,2440.0,1963.8478,3419760.04,903594.77,177.244,1092.0,1171.0,,5.6,92.0,439466.0,12478.0,6.1,-40044.0,115.43473333333333,22.476,,-0.29777,0.38,19264939.0,-441960.0,55163.28851489,41.3,,3.5,,
2016-02-05,237.336,245.51,97.445,97.736,248.606,176.401,2.5,1.14,1.366,18525.933,19001.69,58704.0,99.0445,18.096,4.9,9.6,143406.0,282000.0,34.4,25.38,5770.0,62.8,0.38,0.35428571428571426,0.744,1.89,2.7039999999999997,1.1460000000000001,1.568,7.95,2.058333333333333,3.72,12603.9,2510.9,1987.1478,3438515.07,907604.18,177.625,1225.0,1172.0,,5.5,91.7,443117.0,12554.5,5.6,-43306.0,114.67904000000001,21.766,,-0.29415,0.5843,19264939.0,-441960.0,-192614.00170636,41.3,,3.5,,
2016-02-12,237.336,245.51,97.445,97.736,248.606,176.401,2.5,0.9640000000000001,1.216,18525.933,19001.69,58704.0,99.0445,18.096,4.9,9.6,143406.0,266000.0,34.4,25.38,5770.0,62.8,0.38,0.38,0.682,1.714,2.548,1.032,1.412,8.634,2.1719999999999997,3.65,12603.9,2510.9,1987.1478,3438515.07,907604.18,177.625,1225.0,1172.0,,5.5,91.7,443117.0,12554.5,5.6,-43306.0,114.26669999999999,26.474,,-0.2943,1.1291,19264939.0,-441960.0,-192614.00170636,41.3,,3.5,,
2016-02-19,237.336,245.51,97.445,97.736,248.606,176.401,2.5,1.0375,1.2575,18525.933,19001.69,58704.0,99.0445,18.096,4.9,9.6,143406.0,262000.0,34.4,25.38,5770.0,62.8,0.38,0.37857142857142856,0.7375,1.775,2.6375,1.0375,1.4725,8.33,2.1740000000000004,3.65,12603.9,2510.9,1987.1478,3438515.07,907604.18,177.625,1225.0,1172.0,,5.5,91.7,443117.0,12554.5,5.6,-43306.0,114.04984999999999,22.1475,,-0.30283,0.4052,19264939.0,-441960.0,-192614.00170636,41.3,,3.5,,
2016-02-26,237.336,245.51,97.445,97.736,248.606,176.401,2.5,1.154,1.358,18525.933,19001.69,58704.0,99.0445,18.096,4.9,9.6,143406.0,270000.0,34.4,25.38,5770.0,62.8,0.38,0.37714285714285717,0.762,1.746,2.6079999999999997,0.984,1.42,8.048,2.134,3.62,12603.9,2510.9,1987.1478,3438515.07,907604.18,177.625,1225.0,1172.0,,5.5,91.7,443117.0,12554.5,5.6,-43306.0,114.09295999999999,20.0,,-0.31566,0.3907,19264939.0,-441960.0,-192614.00170636,41.3,,3.5,,
2016-03-04,238.08,245.913,97.673,97.876,248.029,182.234,2.7,1.316,1.49,18525.933,19001.69,58704.0,98.3096,17.291,5.0,9.8,143662.0,269000.0,34.4,25.45,6129.0,63.0,0.36,0.3557142857142857,0.842,1.8240000000000003,2.67,0.982,1.506,7.376,1.998,3.64,12661.8,2519.7,2017.6235,3466202.59,919221.85,178.143,1111.0,1118.0,,5.5,91.0,441856.0,12537.0,5.9,-36801.0,113.57033999999999,17.78,,-0.33124,0.0747,19264939.0,-441960.0,-108042.73073878,41.3,,3.5,,
2016-03-11,238.08,245.913,97.673,97.876,248.029,182.234,2.7,1.364,1.494,18525.933,19001.69,58704.0,98.3096,17.291,5.0,9.8,143662.0,255000.0,34.4,25.45,6129.0,63.0,0.36,0.36,0.9179999999999999,1.9100000000000001,2.694,0.992,1.598,7.036,1.9,3.68,12661.8,2519.7,2017.6235,3466202.59,919221.85,178.143,1111.0,1118.0,,5.5,91.0,441856.0,12537.0,5.9,-36801.0,112.41105999999999,17.782,,-0.34677,0.1215,19264939.0,-441960.0,-108042.73073878,41.3,,3.5,,
2016-03-18,238.08,245.913,97.673,97.876,248.029,182.234,2.7,1.422,1.556,18525.933,19001.69,58704.0,98.3096,17.291,5.0,9.8,143662.0,263000.0,34.4,25.45,6129.0,63.0,0.36,0.3657142857142857,0.906,1.934,2.714,1.028,1.6179999999999999,6.81,1.7899999999999998,3.73,12661.8,2519.7,2017.6235,3466202.59,919221.85,178.143,1111.0,1118.0,,5.5,91.0,441856.0,12537.0,5.9,-36801.0,111.66887999999999,15.442000000000002,,-0.36077,0.02,19264939.0,-441960.0,-108042.73073878,41.3,,3.3,,
2016-03-25,238.08,245.913,97.673,97.876,248.029,182.234,2.7,1.46,1.605,18525.933,19001.69,58704.0,98.3096,17.291,5.0,9.8,143662.0,264000.0,34.4,25.45,6129.0,63.0,0.36,0.37,0.885,1.9124999999999999,2.69,1.0275,1.61,6.765000000000001,1.7275,3.71,12661.8,2519.7,2017.6235,3466202.59,919221.85,178.143,1111.0,1118.0,,5.5,91.0,441856.0,12537.0,5.9,-36801.0,111.33156,14.41,,-0.37028,0.0378,19264939.0,-441960.0,-108042.73073878,41.3,,3.3,,
2016-04-01,238.992,246.551,97.993,98.117,248.235,186.713,2.8,1.474,1.612,18711.702,19062.709,58787.0,98.6421,17.669,5.1,9.9,143854.0,271000.0,34.4,25.53,5803.0,62.9,0.37,0.3528571428571428,0.784,1.8199999999999998,2.628,1.036,1.588,7.052,1.714,3.71,12743.2,2487.0,2033.446,3486177.34,924099.12,178.743,1163.0,1160.0,,5.0,89.0,444254.0,12611.5,5.5,-38048.0,110.63566,13.934000000000001,2057.706,-0.37709,0.3019,19381591.0,-441960.0,106451.87183668,41.3,,3.3,,
2016-04-08,238.992,246.551,97.993,98.117,248.235,186.713,2.8,1.436,1.596,18711.702,19062.709,58787.0,98.6421,17.669,5.1,9.9,143854.0,273000.0,34.4,25.53,5803.0,62.9,0.37,0.37,0.72,1.738,2.558,1.018,1.508,7.0680000000000005,1.6919999999999997,3.59,12743.2,2487.0,2033.446,3486177.34,924099.12,178.743,1163.0,1160.0,,5.0,89.0,444254.0,12611.5,5.5,-38048.0,110.63802000000001,15.030000000000001,2053.4939999999997,-0.38073,0.2425,19381591.0,-441960.0,106451.87183668,41.3,,3.3,,
2016-04-15,238.992,246.551,97.993,98.117,248.235,186.713,2.8,1.414,1.562,18711.702,19062.709,58787.0,98.6421,17.669,5.1,9.9,143854.0,263000.0,34.4,25.53,5803.0,62.9,0.37,0.37,0.74,1.77,2.584,1.03,1.546,6.76,1.6619999999999997,3.58,12743.2,2487.0,2033.446,3486177.34,924099.12,178.743,1163.0,1160.0,,5.0,89.0,444254.0,12611.5,5.5,-38048.0,110.05956,14.458000000000002,2069.928,-0.38345,-0.0158,19381591.0,-441960.0,106451.87183668,41.3,,3.3,,
2016-04-22,238.992,246.551,97.993,98.117,248.235,186.713,2.8,1.496,1.614,18711.702,19062.709,58787.0,98.6421,17.669,5.1,9.9,143854.0,257000.0,34.4,25.53,5803.0,62.9,0.37,0.37,0.796,1.8379999999999999,2.646,1.042,1.614,6.394,1.5859999999999999,3.59,12743.2,2487.0,2033.446,3486177.34,924099.12,178.743,1163.0,1160.0,,5.0,89.0,444254.0,12611.5,5.5,-38048.0,109.74928,13.407999999999998,2096.12,-0.38519,-0.1336,19381591.0,-441960.0,106451.87183668,41.3,,3.3,,
2016-04-29,238.992,246.551,97.993,98.117,248.235,186.713,2.8,1.58,1.686,18711.702,19062.709,58787.0,98.6421,17.669,5.1,9.9,143854.0,259000.0,34.4,25.53,5803.0,62.9,0.37,0.36,0.818,1.8780000000000001,2.7060000000000004,1.06,1.6440000000000001,6.252000000000001,1.528,3.66,12743.2,2487.0,2033.446,3486177.34,924099.12,178.743,1163.0,1160.0,,5.0,89.0,444254.0,12611.5,5.5,-38048.0,109.56532,14.546000000000001,2083.15,-0.3851,-0.0317,19381591.0,-441960.0,106451.87183668,41.3,,3.3,,
2016-05-06,239.557,247.137,98.153,98.284,247.856,188.596,2.4,1.534,1.638,18711.702,19062.709,58787.0,98.4184,17.695,4.8,9.9,143900.0,278000.0,34.4,25.58,5777.0,62.7,0.37,0.35000000000000003,0.752,1.8059999999999998,2.646,1.054,1.6039999999999999,6.328333333333333,1.5366666666666668,3.61,12802.0,2443.8,2048.1212,3503680.59,926988.16,179.403,1148.0,1205.0,,5.1,94.7,445490.0,12652.7,5.3,-39032.0,109.72986,15.392,2060.738,-0.38354,0.1999,19381591.0,-441960.0,-52507.41284454,41.3,,3.3,,
2016-05-13,239.557,247.137,98.153,98.284,247.856,188.596,2.4,1.522,1.596,18711.702,19062.709,58787.0,98.4184,17.695,4.8,9.9,143900.0,289000.0,34.4,25.58,5777.0,62.7,0.37,0.37,0.74,1.746,2.59,1.006,1.486,6.432,1.564,3.57,12802.0,2443.8,2048.1212,3503680.59,926988.16,179.403,1148.0,1205.0,,5.1,94.7,445490.0,12652.7,5.3,-39032.0,110.79906000000001,14.468,2063.652,-0.38162,0.0733,19381591.0,-441960.0,-52507.41284454,41.3,,3.3,,
2016-05-20,239.557,247.137,98.153,98.284,247.856,188.596,2.4,1.53,1.588,18711.702,19062.709,58787.0,98.4184,17.695,4.8,9.9,143900.0,279000.0,34.4,25.58,5777.0,62.7,0.37,0.37,0.858,1.816,2.6239999999999997,0.958,1.516,6.246,1.558,3.58,12802.0,2443.8,2048.1212,3503680.59,926988.16,179.403,1148.0,1205.0,,5.1,94.7,445490.0,12652.7,5.3,-39032.0,111.62464,15.545999999999998,2050.772,-0.37854,-0.0448,19381591.0,-441960.0,-52507.41284454,41.3,,3.3,,
2016-05-27,239.557,247.137,98.153,98.284,247.856,188.596,2.4,1.506,1.566,18711.702,19062.709,58787.0,98.4184,17.695,4.8,9.9,143900.0,267000.0,34.4,25.58,5777.0,62.7,0.37,0.37,0.9040000000000001,1.85,2.648,0.946,1.518,6.108,1.548,3.64,12802.0,2443.8,2048.1212,3503680.59,926988.16,179.403,1148.0,1205.0,,5.1,94.7,445490.0,12652.7,5.3,-39032.0,112.15108000000001,14.138,2080.7599999999998,-0.37396,-0.1038,19381591.0,-441960.0,-52507.41284454,41.3,,3.3,,
2016-06-03,240.222,247.54,98.325,98.386,247.683,192.899,2.6,1.4675,1.5350000000000001,18711.702,19062.709,58787.0,98.8833,17.735,4.9,9.5,144147.0,263000.0,34.4,25.62,5742.0,62.7,0.38,0.35857142857142854,0.8625,1.8025,2.5925000000000002,0.94,1.495,6.029999999999999,1.544,3.66,12852.5,2427.5,2050.7824,3524010.3,934770.98,180.068,1203.0,1208.0,,5.3,93.5,450237.0,12731.2,4.9,-41719.0,112.19777500000001,13.8725,2100.17,-0.36772,0.0322,19381591.0,-441960.0,6251.98744016,41.3,,3.3,,
2016-06-10,240.222,247.54,98.325,98.386,247.683,192.899,2.6,1.512,1.556,18711.702,19062.709,58787.0,98.8833,17.735,4.9,9.5,144147.0,265000.0,34.4,25.62,5742.0,62.7,0.38,0.37,0.772,1.6960000000000002,2.504,0.924,1.432,5.916,1.546,3.6,12852.5,2427.5,2050.7824,3524010.3,934770.98,180.068,1203.0,1208.0,,5.3,93.5,450237.0,12731.2,4.9,-41719.0,110.79567999999999,14.690000000000001,2110.442,-0.36074,0.0567,19381591.0,-441960.0,6251.98744016,41.3,,3.3,,
2016-06-17,240.222,247.54,98.325,98.386,247.683,192.899,2.6,1.444,1.446,18711.702,19062.709,58787.0,98.8833,17.735,4.9,9.5,144147.0,273000.0,34.4,25.62,5742.0,62.7,0.38,0.37285714285714283,0.712,1.6060000000000003,2.422,0.8939999999999999,1.338,6.194,1.594,3.54,12852.5,2427.5,2050.7824,3524010.3,934770.98,180.068,1203.0,1208.0,,5.3,93.5,450237.0,12731.2,4.9,-41719.0,111.80424000000001,20.078,2075.018,-0.35291,0.4669,19381591.0,-441960.0,6251.98744016,41.3,,3.0,,
2016-06-24,240.222,247.54,98.325,98.386,247.683,192.899,2.6,1.416,1.444,18711.702,19062.709,58787.0,98.8833,17.735,4.9,9.5,144147.0,261000.0,34.4,25.62,5742.0,62.7,0.38,0.3842857142857143,0.734,1.6759999999999997,2.488,0.942,1.396,6.024,1.572,3.56,12852.5,2427.5,2050.7824,3524010.3,934770.98,180.068,1203.0,1208.0,,5.3,93.5,450237.0,12731.2,4.9,-41719.0,111.00852,20.206,2081.666,-0.34777,0.1301,19381591.0,-441960.0,6251.98744016,41.3,,3.0,,
2016-07-01,240.101,247.829,98.342,98.529,247.658,189.046,2.7,1.3519999999999999,1.388,18892.639,19197.938,59084.0,98.9992,18.109,4.8,9.6,144520.0,262000.0,34.5,25.69,5962.0,62.8,0.39,0.3914285714285714,0.602,1.474,2.278,0.8720000000000001,1.208,6.328,1.624,3.48,12911.9,2371.2,2057.7702,3542768.11,940192.76,180.838,1239.0,1198.0,,4.5,90.0,449789.0,12756.7,5.1,-39931.0,112.3114,17.928,2061.8419999999996,-0.34463,0.4883,19573445.0,-441960.0,-112815.2385045,41.3,,3.0,,
2016-07-08,240.101,247.829,98.342,98.529,247.658,189.046,2.7,1.4,1.4224999999999999,18892.639,19197.938,59084.0,98.9992,18.109,4.8,9.6,144520.0,255000.0,34.5,25.69,5962.0,62.8,0.39,0.4042857142857143,0.5825,1.38,2.1325000000000003,0.7975,1.1,6.064,1.596,3.41,12911.9,2371.2,2057.7702,3542768.11,940192.76,180.838,1239.0,1198.0,,4.5,90.0,449789.0,12756.7,5.1,-39931.0,112.485175,14.625,2104.02,-0.34572,0.0883,19573445.0,-441960.0,-112815.2385045,41.3,,3.0,,
2016-07-15,240.101,247.829,98.342,98.529,247.658,189.046,2.7,1.436,1.454,18892.639,19197.938,59084.0,98.9992,18.109,4.8,9.6,144520.0,252000.0,34.5,25.69,5962.0,62.8,0.39,0.4,0.6839999999999999,1.514,2.222,0.8300000000000001,1.204,5.5120000000000005,1.516,3.42,12911.9,2371.2,2057.7702,3542768.11,940192.76,180.838,1239.0,1198.0,,4.5,90.0,449789.0,12756.7,5.1,-39931.0,112.14294,13.124,2153.444,-0.34981,-0.2554,19573445.0,-441960.0,-112815.2385045,41.3,,3.0,,
2016-07-22,240.101,247.829,98.342,98.529,247.658,189.046,2.7,1.388,1.484,18892.639,19197.938,59084.0,98.9992,18.109,4.8,9.6,144520.0,260000.0,34.5,25.69,5962.0,62.8,0.39,0.4,0.704,1.576,2.29,0.8720000000000001,1.256,5.418,1.48,3.45,12911.9,2371.2,2057.7702,3542768.11,940192.76,180.838,1239.0,1198.0,,4.5,90.0,449789.0,12756.7,5.1,-39931.0,112.63430000000001,12.187999999999999,2168.778,-0.35407,-0.0422,19573445.0,-441960.0,-112815.2385045,41.3,,3.0,,
2016-07-29,240.101,247.829,98.342,98.529,247.658,189.046,2.7,1.324,1.5,18892.639,19197.938,59084.0,98.9992,18.109,4.8,9.6,144520.0,264000.0,34.5,25.69,5962.0,62.8,0.39,0.38571428571428573,0.718,1.53,2.242,0.812,1.236,5.5,1.48,3.48,12911.9,2371.2,2057.7702,3542768.11,940192.76,180.838,1239.0,1198.0,,4.5,90.0,449789.0,12756.7,5.1,-39931.0,112.8136,12.668000000000001,2169.58,-0.35838,0.12,19573445.0,-441960.0,-112815.2385045,41.3,,3.0,,
2016-08-05,240.545,248.423,98.479,98.703,247.746,188.772,2.5,1.286,1.466,18892.639,19197.938,59084.0,98.85,17.927,4.9,9.6,144661.0,266000.0,34.3,25.71,5677.0,62.9,0.4,0.37142857142857144,0.674,1.542,2.278,0.868,1.262,5.656666666666666,1.5016666666666667,3.43,12989.7,2413.5,2051.3597,3565415.37,945126.03,181.823,1171.0,1201.0,,5.0,89.8,449946.0,12788.1,5.1,-40146.0,111.98076,12.495999999999999,2167.7560000000003,-0.36065,0.2402,19573445.0,-441960.0,-107111.57568004,41.3,,3.0,,
2016-08-12,240.545,248.423,98.479,98.703,247.746,188.772,2.5,1.304,1.47,18892.639,19197.938,59084.0,98.85,17.927,4.9,9.6,144661.0,265000.0,34.3,25.71,5677.0,62.9,0.4,0.4,0.722,1.544,2.258,0.8220000000000001,1.254,5.362,1.46,3.45,12989.7,2413.5,2051.3597,3565415.37,945126.03,181.823,1171.0,1201.0,,5.0,89.8,449946.0,12788.1,5.1,-40146.0,111.51310000000001,11.687999999999999,2181.5919999999996,-0.36091,0.0646,19573445.0,-441960.0,-107111.57568004,41.3,,3.0,,
2016-08-19,240.545,248.423,98.479,98.703,247.746,188.772,2.5,1.31,1.462,18892.639,19197.938,59084.0,98.85,17.927,4.9,9.6,144661.0,264000.0,34.3,25.71,5677.0,62.9,0.4,0.4,0.738,1.558,2.276,0.82,1.262,5.188000000000001,1.422,3.43,12989.7,2413.5,2051.3597,3565415.37,945126.03,181.823,1171.0,1201.0,,5.0,89.8,449946.0,12788.1,5.1,-40146.0,110.68526,11.882,2184.282,-0.35859,0.0465,19573445.0,-441960.0,-107111.57568004,41.3,,3.0,,
2016-08-26,240.545,248.423,98.479,98.703,247.746,188.772,2.5,1.328,1.478,18892.639,19197.938,59084.0,98.85,17.927,4.9,9.6,144661.0,264000.0,34.3,25.71,5677.0,62.9,0.4,0.4,0.776,1.572,2.2560000000000002,0.796,1.258,5.1259999999999994,1.396,3.43,12989.7,2413.5,2051.3597,3565415.37,945126.03,181.823,1171.0,1201.0,,5.0,89.8,449946.0,12788.1,5.1,-40146.0,111.1226,13.075999999999999,2177.298,-0.35348,0.1385,19573445.0,-441960.0,-107111.57568004,41.3,,3.0,,
2016-09-02,241.176,248.842,98.666,98.834,247.772,192.243,2.4,1.272,1.462,18892.639,19197.938,59084.0,98.7457,17.956,5.0,9.7,144967.0,261000.0,34.4,25.77,5868.0,62.9,0.4,0.38571428571428573,0.798,1.578,2.238,0.78,1.248,5.096,1.386,3.46,13054.9,2325.1,2070.3166,3586384.17,949069.8,182.796,1068.0,1303.0,,5.2,91.2,453056.0,12846.6,5.1,-37004.0,112.14962,12.988,2175.6580000000004,-0.34645,0.1521,19573445.0,-441960.0,33359.49405496,41.3,,3.0,,
2016-09-09,241.176,248.842,98.666,98.834,247.772,192.243,2.4,1.3125,1.505,18892.639,19197.938,59084.0,98.7457,17.956,5.0,9.7,144967.0,257000.0,34.4,25.77,5868.0,62.9,0.4,0.4,0.7625,1.5925,2.295,0.8300000000000001,1.2525,5.068,1.398,3.44,13054.9,2325.1,2070.3166,3586384.17,949069.8,182.796,1068.0,1303.0,,5.2,91.2,453056.0,12846.6,5.1,-37004.0,111.29545,13.4925,2170.4375,-0.34055,0.1581,19573445.0,-441960.0,33359.49405496,41.3,,3.0,,
2016-09-16,241.176,248.842,98.666,98.834,247.772,192.243,2.4,1.318,1.498,18892.639,19197.938,59084.0,98.7457,17.956,5.0,9.7,144967.0,252000.0,34.4,25.77,5868.0,62.9,0.4,0.4,0.774,1.704,2.446,0.93,1.374,5.242,1.426,3.5,13054.9,2325.1,2070.3166,3586384.17,949069.8,182.796,1068.0,1303.0,,5.2,91.2,453056.0,12846.6,5.1,-37004.0,112.55838000000001,16.564,2139.65,-0.33616,0.3517,19573445.0,-441960.0,33359.49405496,41.3,,3.0,,
2016-09-23,241.176,248.842,98.666,98.834,247.772,192.243,2.4,1.374,1.524,18892.639,19197.938,59084.0,98.7457,17.956,5.0,9.7,144967.0,250000.0,34.4,25.77,5868.0,62.9,0.4,0.4,0.786,1.6600000000000001,2.3899999999999997,0.874,1.424,5.18,1.416,3.48,13054.9,2325.1,2070.3166,3586384.17,949069.8,182.796,1068.0,1303.0,,5.2,91.2,453056.0,12846.6,5.1,-37004.0,112.80956,13.812000000000001,2156.774,-0.33494,0.2212,19573445.0,-441960.0,33359.49405496,41.3,,2.9,,
2016-09-30,241.176,248.842,98.666,98.834,247.772,192.243,2.4,1.422,1.552,18892.639,19197.938,59084.0,98.7457,17.956,5.0,9.7,144967.0,247000.0,34.4,25.77,5868.0,62.9,0.4,0.3842857142857143,0.752,1.576,2.2979999999999996,0.8240000000000001,1.31,5.108,1.428,3.42,13054.9,2325.1,2070.3166,3586384.17,949069.8,182.796,1068.0,1303.0,,5.2,91.2,453056.0,12846.6,5.1,-37004.0,112.49168,13.459999999999999,2159.3599999999997,-0.3381,0.1871,19573445.0,-584650.0,33359.49405496,41.3,,2.9,,
2016-10-07,241.741,249.142,98.868,98.961,247.812,195.979,2.4,1.478,1.6280000000000001,19089.379,19304.352,59296.0,98.7611,17.954,4.9,9.6,145065.0,245000.0,34.4,25.9,5591.0,62.8,0.4,0.3685714285714286,0.8320000000000001,1.704,2.42,0.8720000000000001,1.378,4.814,1.4,3.42,13122.8,2156.1,2086.261,3601496.03,949948.18,183.722,1313.0,1254.0,,5.2,87.2,453847.0,12867.0,5.3,-38555.0,112.85166,13.302000000000001,2157.186,-0.34526,-0.071,19976827.0,-584650.0,-44192.20097674,41.3,,2.9,,
2016-10-14,241.741,249.142,98.868,98.961,247.812,195.979,2.4,1.5125,1.645,19089.379,19304.352,59296.0,98.7611,17.954,4.9,9.6,145065.0,250000.0,34.4,25.9,5591.0,62.8,0.4,0.4057142857142857,0.8574999999999999,1.7775,2.51,0.92,1.4425,4.76,1.37,3.47,13122.8,2156.1,2086.261,3601496.03,949948.18,183.722,1313.0,1254.0,,5.2,87.2,453847.0,12867.0,5.3,-38555.0,113.6315,15.492,2141.02,-0.35442,0.0754,19976827.0,-584650.0,-44192.20097674,41.3,,2.9,,
2016-10-21,241.741,249.142,98.868,98.961,247.812,195.979,2.4,1.554,1.674,19089.379,19304.352,59296.0,98.7611,17.954,4.9,9.6,145065.0,263000.0,34.4,25.9,5591.0,62.8,0.4,0.41,0.8240000000000001,1.7559999999999998,2.504,0.932,1.412,4.676,1.356,3.52,13122.8,2156.1,2086.261,3601496.03,949948.18,183.722,1313.0,1254.0,,5.2,87.2,453847.0,12867.0,5.3,-38555.0,113.40952,14.597999999999999,2138.578,-0.36569,0.0537,19976827.0,-584650.0,-44192.20097674,41.3,,2.9,,
2016-10-28,241.741,249.142,98.868,98.961,247.812,195.979,2.4,1.57,1.704,19089.379,19304.352,59296.0,98.7611,17.954,4.9,9.6,145065.0,256000.0,34.4,25.9,5591.0,62.8,0.4,0.41,0.858,1.8080000000000003,2.554,0.95,1.488,4.662,1.358,3.47,13122.8,2156.1,2086.261,3601496.03,949948.18,183.722,1313.0,1254.0,,5.2,87.2,453847.0,12867.0,5.3,-38555.0,113.92864,14.454000000000002,2138.674,-0.37875,-0.0032,19976827.0,-584650.0,-44192.20097674,41.3,,2.9,,
2016-11-04,242.026,249.481,98.901,99.005,247.741,196.372,2.4,1.554,1.702,19089.379,19304.352,59296.0,98.3491,17.792,4.7,9.4,145183.0,265000.0,34.4,25.9,5971.0,62.7,0.41,0.39571428571428574,0.8220000000000001,1.818,2.576,0.9960000000000001,1.454,5.0920000000000005,1.398,3.54,13208.7,2201.7,2089.4401,3618234.46,954415.47,184.73,1140.0,1230.0,,5.2,93.8,453892.0,12893.0,5.4,-43896.0,113.85601999999999,19.906,2101.93,-0.3909,0.3911,19976827.0,-584650.0,-136650.57490356,41.3,,2.9,,
2016-11-11,242.026,249.481,98.901,99.005,247.741,196.372,2.4,1.625,1.785,19089.379,19304.352,59296.0,98.3491,17.792,4.7,9.4,145183.0,250000.0,34.4,25.9,5971.0,62.7,0.41,0.41,0.8775,1.9825,2.7625,1.105,1.54,4.974,1.376,3.57,13208.7,2201.7,2089.4401,3618234.46,954415.47,184.73,1140.0,1230.0,,5.2,93.8,453892.0,12893.0,5.4,-43896.0,114.369775,16.148,2153.254,-0.40494,-0.1687,19976827.0,-584650.0,-136650.57490356,41.3,,2.9,,
2016-11-18,242.026,249.481,98.901,99.005,247.741,196.372,2.4,1.686,1.85,19089.379,19304.352,59296.0,98.3491,17.792,4.7,9.4,145183.0,232000.0,34.4,25.9,5971.0,62.7,0.41,0.41,1.026,2.262,2.98,1.236,1.78,4.936,1.354,3.94,13208.7,2201.7,2089.4401,3618234.46,954415.47,184.73,1140.0,1230.0,,5.2,93.8,453892.0,12893.0,5.4,-43896.0,117.05838000000001,13.553999999999998,2178.1099999999997,-0.41779,-0.1894,19976827.0,-584650.0,-136650.57490356,41.3,,2.9,,
2016-11-25,242.026,249.481,98.901,99.005,247.741,196.372,2.4,1.7425,1.9049999999999998,19089.379,19304.352,59296.0,98.3491,17.792,4.7,9.4,145183.0,246000.0,34.4,25.9,5971.0,62.7,0.41,0.41,1.0975000000000001,2.34,3.0075,1.2425,1.8525,4.688000000000001,1.362,4.03,13208.7,2201.7,2089.4401,3618234.46,954415.47,184.73,1140.0,1230.0,,5.2,93.8,453892.0,12893.0,5.4,-43896.0,117.74565,12.4,2204.7974999999997,-0.42909,-0.2503,19976827.0,-584650.0,-136650.57490356,41.3,,2.9,,
2016-12-02,242.637,249.92,99.071,99.12,247.725,199.513,2.2,1.7440000000000002,1.906,19089.379,19304.352,59296.0,99.0214,18.277,4.7,9.2,145408.0,255000.0,34.4,25.93,5964.0,62.7,0.54,0.39571428571428574,1.112,2.368,3.028,1.256,1.886,4.656000000000001,1.356,4.08,13234.9,2095.3,2083.6422,3636437.75,960095.49,185.695,1252.0,1248.0,,5.4,98.2,459305.0,13005.9,5.0,-40976.0,117.62224,13.514,2197.644,-0.43897,-0.1116,19976827.0,-584650.0,-27515.79855866,41.3,,2.9,,
2016-12-09,242.637,249.92,99.071,99.12,247.725,199.513,2.2,1.8060000000000003,1.9439999999999997,19089.379,19304.352,59296.0,99.0214,18.277,4.7,9.2,145408.0,248000.0,34.4,25.93,5964.0,62.7,0.54,0.41,1.124,2.398,3.082,1.274,1.888,4.432,1.338,4.13,13234.9,2095.3,2083.6422,3636437.75,960095.49,185.695,1252.0,1248.0,,5.4,98.2,459305.0,13005.9,5.0,-40976.0,117.00228,12.108,2232.802,-0.44779,-0.3671,19976827.0,-584650.0,-27515.79855866,41.3,,2.9,,
2016-12-16,242.637,249.92,99.071,99.12,247.725,199.513,2.2,1.814,1.9259999999999997,19089.379,19304.352,59296.0,99.0214,18.277,4.7,9.2,145408.0,252000.0,34.4,25.93,5964.0,62.7,0.54,0.48142857142857143,1.232,2.5420000000000003,3.1580000000000004,1.31,2.018,4.196,1.306,4.16,13234.9,2095.3,2083.6422,3636437.75,960095.49,185.695,1252.0,1248.0,,5.4,98.2,459305.0,13005.9,5.0,-40976.0,117.52356,12.708,2260.4120000000003,-0.45467,-0.2705,19976827.0,-584650.0,-27515.79855866,41.3,,3.0,,
2016-12-23,242.637,249.92,99.071,99.12,247.725,199.513,2.2,1.796,1.918,19089.379,19304.352,59296.0,99.0214,18.277,4.7,9.2,145408.0,260000.0,34.4,25.93,5964.0,62.7,0.54,0.66,1.228,2.552,3.1260000000000003,1.324,2.034,4.19,1.292,4.3,13234.9,2095.3,2083.6422,3636437.75,960095.49,185.695,1252.0,1248.0,,5.4,98.2,459305.0,13005.9,5.0,-40976.0,118.641,11.459999999999999,2264.6440000000002,-0.46047,-0.1969,19976827.0,-584650.0,-27515.79855866,41.3,,3.0,,
2016-12-30,242.637,249.92,99.071,99.12,247.725,199.513,2.2,1.845,1.9575,19089.379,19304.352,59296.0,99.0214,18.277,4.7,9.2,145408.0,257000.0,34.4,25.93,5964.0,62.7,0.54,0.6442857142857142,1.24,2.505,3.0925000000000002,1.2650000000000001,2.0,4.1625,1.2825,4.32,13234.9,2095.3,2083.6422,3636437.75,960095.49,185.695,1252.0,1248.0,,5.4,98.2,459305.0,13005.9,5.0,-40976.0,118.79785,13.087499999999999,2251.7225,-0.46683,-0.1438,19976827.0,-584650.0,-27515.79855866,41.3,,3.0,,
2017-01-06,243.618,250.467,99.451,99.385,248.065,205.369,2.6,1.8475000000000001,1.97,19280.084,19398.343,59494.0,98.7611,17.652,4.7,9.2,145628.0,244000.0,34.4,26.0,5617.0,62.8,0.65,0.6128571428571429,1.2125,2.425,3.0125,1.2125,1.8975,4.078,1.286,4.2,13315.7,2158.5,2082.1871,3653343.88,963467.38,186.776,1190.0,1303.0,,5.4,98.5,464412.0,13063.7,5.3,-43556.0,118.58,11.9225,2268.64,-0.47252,-0.1819,19846420.0,-584650.0,51257.177643,41.4,,3.0,,
2017-01-13,243.618,250.467,99.451,99.385,248.065,205.369,2.6,1.8519999999999999,1.972,19280.084,19398.343,59494.0,98.7611,17.652,4.7,9.2,145628.0,245000.0,34.4,26.0,5617.0,62.8,0.65,0.66,1.198,2.38,2.98,1.182,1.862,4.023999999999999,1.288,4.12,13315.7,2158.5,2082.1871,3653343.88,963467.38,186.776,1190.0,1303.0,,5.4,98.5,464412.0,13063.7,5.3,-43556.0,118.35202,11.416,2271.6400000000003,-0.47829,-0.1929,19846420.0,-584650.0,51257.177643,41.4,,3.0,,
2017-01-20,243.618,250.467,99.451,99.385,248.065,205.369,2.6,1.88,2.0125,19280.084,19398.343,59494.0,98.7611,17.652,4.7,9.2,145628.0,240000.0,34.4,26.0,5617.0,62.8,0.65,0.66,1.2125,2.425,3.005,1.2125,1.9,4.016,1.282,4.09,13315.7,2158.5,2082.1871,3653343.88,963467.38,186.776,1190.0,1303.0,,5.4,98.5,464412.0,13063.7,5.3,-43556.0,117.76933333333334,12.1675,2268.6949999999997,-0.48309,-0.1751,19846420.0,-584650.0,51257.177643,41.4,,3.0,,
2017-01-27,243.618,250.467,99.451,99.385,248.065,205.369,2.6,1.9300000000000002,2.064,19280.084,19398.343,59494.0,98.7611,17.652,4.7,9.2,145628.0,250000.0,34.4,26.0,5617.0,62.8,0.65,0.66,1.206,2.482,3.056,1.276,1.972,3.982,1.268,4.19,13315.7,2158.5,2082.1871,3653343.88,963467.38,186.776,1190.0,1303.0,,5.4,98.5,464412.0,13063.7,5.3,-43556.0,117.11702,10.972,2287.002,-0.48675,-0.2767,19846420.0,-584650.0,51257.177643,41.4,,3.0,,
2017-02-03,244.006,250.998,99.586,99.561,248.735,204.133,2.7,1.9300000000000002,2.054,19280.084,19398.343,59494.0,98.3646,17.699,4.6,9.0,145846.0,241000.0,34.3,26.07,5923.0,62.9,0.66,0.6457142857142858,1.21,2.478,3.082,1.268,1.964,3.94,1.274,4.19,13394.8,2302.9,2082.5725,3670001.71,969320.82,187.292,1271.0,1234.0,,5.3,96.3,464284.0,13088.4,5.6,-39785.0,116.17537999999999,11.716,2283.518,-0.48909,-0.2101,19846420.0,-584650.0,-192044.46533546,41.4,,3.0,,
2017-02-10,244.006,250.998,99.586,99.561,248.735,204.133,2.7,1.866,1.996,19280.084,19398.343,59494.0,98.3646,17.699,4.6,9.0,145846.0,230000.0,34.3,26.07,5923.0,62.9,0.66,0.66,1.174,2.3939999999999997,3.0119999999999996,1.22,1.8560000000000003,3.9299999999999997,1.276,4.17,13394.8,2302.9,2082.5725,3670001.71,969320.82,187.292,1271.0,1234.0,,5.3,96.3,464284.0,13088.4,5.6,-39785.0,116.21016,11.168,2300.8559999999998,-0.49034,-0.2627,19846420.0,-584650.0,-192044.46533546,41.4,,3.0,,
2017-02-17,244.006,250.998,99.586,99.561,248.735,204.133,2.7,1.884,2.02,19280.084,19398.343,59494.0,98.3646,17.699,4.6,9.0,145846.0,233000.0,34.3,26.07,5923.0,62.9,0.66,0.66,1.23,2.4560000000000004,3.054,1.226,1.924,3.8240000000000003,1.242,4.15,13394.8,2302.9,2082.5725,3670001.71,969320.82,187.292,1271.0,1234.0,,5.3,96.3,464284.0,13088.4,5.6,-39785.0,116.2728,11.406,2342.692,-0.48973,-0.3822,19846420.0,-584650.0,-192044.46533546,41.4,,3.0,,
2017-02-24,244.006,250.998,99.586,99.561,248.735,204.133,2.7,1.8975,2.025,19280.084,19398.343,59494.0,98.3646,17.699,4.6,9.0,145846.0,237000.0,34.3,26.07,5923.0,62.9,0.66,0.66,1.185,2.385,3.0125,1.2,1.865,3.812,1.234,4.16,13394.8,2302.9,2082.5725,3670001.71,969320.82,187.292,1271.0,1234.0,,5.3,96.3,464284.0,13088.4,5.6,-39785.0,116.068175,11.6225,2364.8375,-0.48757,-0.2715,19846420.0,-584650.0,-192044.46533546,41.4,,3.0,,
2017-03-03,243.892,250.944,99.535,99.519,249.244,202.528,2.5,1.8699999999999999,2.022,19280.084,19398.343,59494.0,99.0137,17.061,4.4,8.8,145970.0,221000.0,34.3,26.11,5811.0,62.9,0.79,0.6471428571428571,1.27,2.432,3.036,1.162,1.8240000000000003,3.6420000000000003,1.196,4.1,13463.6,2387.8,2064.8393,3685313.86,973860.13,187.971,1190.0,1272.0,,5.0,96.9,463674.0,13139.9,5.6,-41124.0,116.32086,12.064,2378.8779999999997,-0.48562,-0.4538,19846420.0,-584650.0,-176232.32530805,41.4,,3.0,,
2017-03-10,243.892,250.944,99.535,99.519,249.244,202.528,2.5,1.902,2.0119999999999996,19280.084,19398.343,59494.0,99.0137,17.061,4.4,8.8,145970.0,236000.0,34.3,26.11,5811.0,62.9,0.79,0.66,1.344,2.552,3.1420000000000003,1.208,1.81,3.79,1.196,4.21,13463.6,2387.8,2064.8393,3685313.86,973860.13,187.971,1190.0,1272.0,,5.0,96.9,463674.0,13139.9,5.6,-41124.0,116.6697,11.702,2368.83,-0.48304,-0.4878,19846420.0,-584650.0,-176232.32530805,41.4,,3.0,,
2017-03-17,243.892,250.944,99.535,99.519,249.244,202.528,2.5,1.8679999999999999,2.008,19280.084,19398.343,59494.0,99.0137,17.061,4.4,8.8,145970.0,228000.0,34.3,26.11,5811.0,62.9,0.79,0.7314285714285714,1.362,2.552,3.146,1.19,1.8,3.9599999999999995,1.22,4.3,13463.6,2387.8,2064.8393,3685313.86,973860.13,187.971,1190.0,1272.0,,5.0,96.9,463674.0,13139.9,5.6,-41124.0,116.00945999999999,11.554,2376.7619999999997,-0.48069,-0.4305,19846420.0,-584650.0,-176232.32530805,41.4,,3.0,,
2017-03-24,243.892,250.944,99.535,99.519,249.244,202.528,2.5,1.786,1.9759999999999998,19280.084,19398.343,59494.0,99.0137,17.061,4.4,8.8,145970.0,235000.0,34.3,26.11,5811.0,62.9,0.79,0.91,1.272,2.4219999999999997,3.032,1.15,1.654,4.07,1.226,4.23,13463.6,2387.8,2064.8393,3685313.86,973860.13,187.971,1190.0,1272.0,,5.0,96.9,463674.0,13139.9,5.6,-41124.0,114.81505999999999,12.540000000000001,2351.176,-0.47919,-0.2927,19846420.0,-584650.0,-176232.32530805,41.4,,3.0,,
2017-03-31,243.892,250.944,99.535,99.519,249.244,202.528,2.5,1.7719999999999998,1.97,19280.084,19398.343,59494.0,99.0137,17.061,4.4,8.8,145970.0,236000.0,34.3,26.11,5811.0,62.9,0.79,0.8971428571428571,1.276,2.402,3.008,1.126,1.626,3.968,1.226,4.14,13463.6,2387.8,2064.8393,3685313.86,973860.13,187.971,1190.0,1272.0,,5.0,96.9,463674.0,13139.9,5.6,-41124.0,114.53774000000001,11.872,2358.4139999999998,-0.48055,-0.4776,19846420.0,-584650.0,-176232.32530805,41.4,,3.0,,
2017-04-07,244.193,251.227,99.725,99.723,249.589,202.954,2.5,1.736,1.956,19438.643,19506.949,59736.0,100.0224,17.166,4.4,8.6,146175.0,216000.0,34.4,26.18,6091.0,63.0,0.9,0.8842857142857143,1.252,2.354,2.9880000000000004,1.102,1.556,3.932,1.238,4.1,13521.7,2344.8,2067.5158,3699276.18,976395.93,188.702,1146.0,1251.0,,5.4,97.0,465276.0,13169.2,5.7,-44227.0,114.97988000000001,12.464,2356.996,-0.48388,-0.4415,19844554.0,-584650.0,182428.05764871,41.4,,3.0,,
2017-04-14,244.193,251.227,99.725,99.723,249.589,202.954,2.5,1.705,1.915,19438.643,19506.949,59736.0,100.0224,17.166,4.4,8.6,146175.0,222000.0,34.4,26.18,6091.0,63.0,0.9,0.91,1.245,2.3025,2.9325,1.0575,1.4875,3.9475,1.24,4.08,13521.7,2344.8,2067.5158,3699276.18,976395.93,188.702,1146.0,1251.0,,5.4,97.0,465276.0,13169.2,5.7,-44227.0,114.81558,15.2125,2346.205,-0.48961,-0.3215,19844554.0,-584650.0,182428.05764871,41.4,,3.0,,
2017-04-21,244.193,251.227,99.725,99.723,249.589,202.954,2.5,1.722,1.8539999999999999,19438.643,19506.949,59736.0,100.0224,17.166,4.4,8.6,146175.0,231000.0,34.4,26.18,6091.0,63.0,0.9,0.91,1.198,2.226,2.882,1.028,1.418,4.006,1.248,3.97,13521.7,2344.8,2067.5158,3699276.18,976395.93,188.702,1146.0,1251.0,,5.4,97.0,465276.0,13169.2,5.7,-44227.0,114.56228000000002,14.558000000000002,2346.78,-0.49738,-0.305,19844554.0,-584650.0,182428.05764871,41.4,,3.0,,
2017-04-28,244.193,251.227,99.725,99.723,249.589,202.954,2.5,1.8219999999999998,1.902,19438.643,19506.949,59736.0,100.0224,17.166,4.4,8.6,146175.0,238000.0,34.4,26.18,6091.0,63.0,0.9,0.8985714285714286,1.27,2.308,2.962,1.038,1.494,3.786,1.228,4.03,13521.7,2344.8,2067.5158,3699276.18,976395.93,188.702,1146.0,1251.0,,5.4,97.0,465276.0,13169.2,5.7,-44227.0,114.72144,10.725999999999999,2384.636,-0.50753,-0.638,19844554.0,-584650.0,182428.05764871,41.4,,3.0,,
2017-05-05,244.004,251.43,99.682,99.803,249.972,198.449,2.6,1.7600000000000002,1.8780000000000001,19438.643,19506.949,59736.0,100.1408,17.081,4.4,8.5,146380.0,232000.0,34.4,26.21,5826.0,62.8,0.91,0.8871428571428571,1.298,2.334,2.9859999999999998,1.036,1.482,3.793333333333333,1.22,4.02,13568.9,2288.9,2071.7385,3713355.62,980809.9,189.588,1157.0,1208.0,,5.1,97.1,462754.0,13171.9,6.3,-43985.0,114.72301999999999,10.482,2391.288,-0.51769,-0.5538,19844554.0,-584650.0,-88425.99436618,41.4,,3.0,,
2017-05-12,244.004,251.43,99.682,99.803,249.972,198.449,2.6,1.768,1.858,19438.643,19506.949,59736.0,100.1408,17.081,4.4,8.5,146380.0,233000.0,34.4,26.21,5826.0,62.8,0.91,0.91,1.338,2.3880000000000003,3.02,1.05,1.49,3.75,1.188,4.05,13568.9,2288.9,2071.7385,3713355.62,980809.9,189.588,1157.0,1208.0,,5.1,97.1,462754.0,13171.9,6.3,-43985.0,115.08242,10.187999999999999,2396.254,-0.52769,-0.6707,19844554.0,-584650.0,-88425.99436618,41.4,,3.0,,
2017-05-19,244.004,251.43,99.682,99.803,249.972,198.449,2.6,1.73,1.8080000000000003,19438.643,19506.949,59736.0,100.1408,17.081,4.4,8.5,146380.0,234000.0,34.4,26.21,5826.0,62.8,0.91,0.91,1.282,2.27,2.94,0.9879999999999999,1.3599999999999999,3.78,1.178,4.02,13568.9,2288.9,2071.7385,3713355.62,980809.9,189.588,1157.0,1208.0,,5.1,97.1,462754.0,13171.9,6.3,-43985.0,114.01234,12.672,2381.494,-0.53655,-0.521,19844554.0,-584650.0,-88425.99436618,41.4,,3.0,,
2017-05-26,244.004,251.43,99.682,99.803,249.972,198.449,2.6,1.736,1.814,19438.643,19506.949,59736.0,100.1408,17.081,4.4,8.5,146380.0,236000.0,34.4,26.21,5826.0,62.8,0.91,0.91,1.298,2.2600000000000002,2.9240000000000004,0.962,1.328,3.682,1.178,3.95,13568.9,2288.9,2071.7385,3713355.62,980809.9,189.588,1157.0,1208.0,,5.1,97.1,462754.0,13171.9,6.3,-43985.0,113.55224000000001,10.294,2405.5440000000003,-0.54561,-0.7069,19844554.0,-584650.0,-88425.99436618,41.4,,3.0,,
2017-06-02,244.163,251.746,99.766,99.937,249.77,197.808,2.6,1.725,1.8050000000000002,19438.643,19506.949,59736.0,100.3471,17.13,4.3,8.5,146583.0,253000.0,34.4,26.26,6305.0,62.8,1.04,0.8985714285714286,1.28,2.195,2.855,0.915,1.2275,3.694,1.184,3.94,13580.5,2269.7,2072.9162,3729019.93,984955.36,190.478,1249.0,1353.0,,5.3,95.0,465130.0,13225.2,6.0,-42579.0,113.335825,10.1075,2423.46,-0.5528,-0.6649,19844554.0,-584650.0,-90233.19107067,41.4,,3.0,,
2017-06-09,244.163,251.746,99.766,99.937,249.77,197.808,2.6,1.698,1.78,19438.643,19506.949,59736.0,100.3471,17.13,4.3,8.5,146583.0,251000.0,34.4,26.26,6305.0,62.8,1.04,0.91,1.324,2.18,2.84,0.8560000000000001,1.19,3.724,1.19,3.89,13580.5,2269.7,2072.9162,3729019.93,984955.36,190.478,1249.0,1353.0,,5.3,95.0,465130.0,13225.2,6.0,-42579.0,112.85907999999999,10.354,2432.826,-0.5586,-0.7576,19844554.0,-584650.0,-90233.19107067,41.4,,3.0,,
2017-06-16,244.163,251.746,99.766,99.937,249.77,197.808,2.6,1.61,1.7100000000000002,19438.643,19506.949,59736.0,100.3471,17.13,4.3,8.5,146583.0,245000.0,34.4,26.26,6305.0,62.8,1.04,0.9814285714285714,1.35,2.178,2.816,0.828,1.17,3.714,1.18,3.91,13580.5,2269.7,2072.9162,3729019.93,984955.36,190.478,1249.0,1353.0,,5.3,95.0,465130.0,13225.2,6.0,-42579.0,112.63409999999999,10.760000000000002,2434.654,-0.56302,-0.7548,19844554.0,-584650.0,-90233.19107067,41.4,,3.0,,
2017-06-23,244.163,251.746,99.766,99.937,249.77,197.808,2.6,1.56,1.6759999999999997,19438.643,19506.949,59736.0,100.3471,17.13,4.3,8.5,146583.0,249000.0,34.4,26.26,6305.0,62.8,1.04,1.16,1.352,2.162,2.7380000000000004,0.8099999999999999,1.172,3.81,1.174,3.9,13580.5,2269.7,2072.9162,3729019.93,984955.36,190.478,1249.0,1353.0,,5.3,95.0,465130.0,13225.2,6.0,-42579.0,113.07840000000002,10.495999999999999,2439.78,-0.56608,-0.5099,19844554.0,-584650.0,-90233.19107067,41.4,,3.0,,
2017-06-30,244.163,251.746,99.766,99.937,249.77,197.808,2.6,1.6260000000000001,1.72,19438.643,19506.949,59736.0,100.3471,17.13,4.3,8.5,146583.0,247000.0,34.4,26.26,6305.0,62.8,1.04,1.1457142857142857,1.3679999999999999,2.23,2.776,0.8620000000000001,1.214,3.78,1.158,3.88,13580.5,2269.7,2072.9162,3729019.93,984955.36,190.478,1249.0,1353.0,,5.3,95.0,465130.0,13225.2,6.0,-42579.0,112.27511999999999,10.722,2428.45,-0.56936,-0.6118,19844554.0,-584650.0,-90233.19107067,41.4,,3.0,,
2017-07-07,244.243,251.985,99.803,100.01,250.185,195.994,2.6,1.65,1.7475,19692.595,19660.766,60099.0,100.1068,17.237,4.3,8.5,146772.0,256000.0,34.4,26.35,6238.0,62.9,1.15,1.1314285714285715,1.4049999999999998,2.3600000000000003,2.885,0.955,1.31,3.7560000000000002,1.134,3.96,13643.1,2296.9,2076.081,3744877.31,987546.57,191.437,1206.0,1256.0,,5.8,93.4,465089.0,13263.3,6.0,-43854.0,112.45345,11.504999999999999,2424.12,-0.57247,-0.6587,20244900.0,-584650.0,-42939.37760097,41.4,,3.0,,
2017-07-14,244.243,251.985,99.803,100.01,250.185,195.994,2.6,1.6199999999999999,1.752,19692.595,19660.766,60099.0,100.1068,17.237,4.3,8.5,146772.0,259000.0,34.4,26.35,6238.0,62.9,1.15,1.16,1.3679999999999999,2.352,2.914,0.984,1.306,3.7980000000000005,1.116,4.03,13643.1,2296.9,2076.081,3744877.31,987546.57,191.437,1206.0,1256.0,,5.8,93.4,465089.0,13263.3,6.0,-43854.0,111.6673,10.342,2440.662,-0.5757,-0.62,20244900.0,-584650.0,-42939.37760097,41.4,,3.0,,
2017-07-21,244.243,251.985,99.803,100.01,250.185,195.994,2.6,1.6300000000000001,1.764,19692.595,19660.766,60099.0,100.1068,17.237,4.3,8.5,146772.0,245000.0,34.4,26.35,6238.0,62.9,1.15,1.16,1.364,2.272,2.846,0.908,1.16,3.654,1.1,3.96,13643.1,2296.9,2076.081,3744877.31,987546.57,191.437,1206.0,1256.0,,5.8,93.4,465089.0,13263.3,6.0,-43854.0,110.44841999999998,9.687999999999999,2467.9139999999998,-0.5779,-0.7794,20244900.0,-584650.0,-42939.37760097,41.4,,3.0,,
2017-07-28,244.243,251.985,99.803,100.01,250.185,195.994,2.6,1.6620000000000001,1.81,19692.595,19660.766,60099.0,100.1068,17.237,4.3,8.5,146772.0,249000.0,34.4,26.35,6238.0,62.9,1.15,1.16,1.366,2.3,2.89,0.9339999999999999,1.166,3.5759999999999996,1.082,3.92,13643.1,2296.9,2076.081,3744877.31,987546.57,191.437,1206.0,1256.0,,5.8,93.4,465089.0,13263.3,6.0,-43854.0,110.2002,9.772,2474.478,-0.57753,-0.8249,20244900.0,-584650.0,-42939.37760097,41.4,,3.0,,
2017-08-04,245.183,252.535,100.027,100.118,250.469,201.45,2.6,1.638,1.796,19692.595,19660.766,60099.0,99.6925,17.051,4.4,8.6,146919.0,245000.0,34.4,26.37,6276.0,62.9,1.16,1.147142857142857,1.348,2.268,2.85,0.9199999999999999,1.19,3.6119999999999997,1.086,3.93,13697.7,2407.2,2084.0958,3758495.85,992084.83,192.621,1159.0,1319.0,,6.1,96.8,466020.0,13294.6,6.1,-41391.0,109.90630000000002,10.219999999999999,2474.642,-0.57445,-0.6938,20244900.0,-584650.0,-107688.77677988,41.4,,3.0,,
2017-08-11,245.183,252.535,100.027,100.118,250.469,201.45,2.6,1.672,1.8080000000000003,19692.595,19660.766,60099.0,99.6925,17.051,4.4,8.6,146919.0,254000.0,34.4,26.37,6276.0,62.9,1.16,1.16,1.336,2.2359999999999998,2.82,0.9,1.192,3.8019999999999996,1.124,3.9,13697.7,2407.2,2084.0958,3758495.85,992084.83,192.621,1159.0,1319.0,,6.1,96.8,466020.0,13294.6,6.1,-41391.0,110.27338,12.709999999999999,2461.876,-0.56919,-0.5142,20244900.0,-584650.0,-107688.77677988,41.4,,3.0,,
2017-08-18,245.183,252.535,100.027,100.118,250.469,201.45,2.6,1.612,1.7719999999999998,19692.595,19660.766,60099.0,99.6925,17.051,4.4,8.6,146919.0,245000.0,34.4,26.37,6276.0,62.9,1.16,1.16,1.332,2.2199999999999998,2.804,0.8880000000000001,1.2,3.91,1.144,3.89,13697.7,2407.2,2084.0958,3758495.85,992084.83,192.621,1159.0,1319.0,,6.1,96.8,466020.0,13294.6,6.1,-41391.0,110.24546000000001,13.184000000000001,2450.824,-0.56379,-0.4901,20244900.0,-584650.0,-107688.77677988,41.4,,3.0,,
2017-08-25,245.183,252.535,100.027,100.118,250.469,201.45,2.6,1.59,1.754,19692.595,19660.766,60099.0,99.6925,17.051,4.4,8.6,146919.0,245000.0,34.4,26.37,6276.0,62.9,1.16,1.16,1.33,2.186,2.766,0.8560000000000001,1.176,3.936,1.148,3.86,13697.7,2407.2,2084.0958,3758495.85,992084.83,192.621,1159.0,1319.0,,6.1,96.8,466020.0,13294.6,6.1,-41391.0,109.69538,12.059999999999999,2441.388,-0.55976,-0.5097,20244900.0,-584650.0,-107688.77677988,41.4,,3.0,,
2017-09-01,246.435,252.812,100.4,100.24,250.826,212.723,2.7,1.576,1.7600000000000002,19692.595,19660.766,60099.0,99.7954,18.313,4.3,8.3,147008.0,247000.0,34.4,26.49,6320.0,63.1,1.15,1.147142857142857,1.334,2.144,2.75,0.8099999999999999,1.1300000000000001,3.8619999999999997,1.15,3.82,13745.1,2357.9,2102.9052,3773286.65,997799.58,193.715,1181.0,1273.0,,5.3,95.1,475724.0,13417.3,5.9,-41593.0,109.22005999999999,10.992,2459.266,-0.55761,-0.5555,20244900.0,-584650.0,8000.08293523,41.4,,3.0,,
2017-09-08,246.435,252.812,100.4,100.24,250.826,212.723,2.7,1.605,1.7875,19692.595,19660.766,60099.0,99.7954,18.313,4.3,8.3,147008.0,297000.0,34.4,26.49,6320.0,63.1,1.15,1.16,1.2850000000000001,2.07,2.685,0.785,1.0225,3.874,1.162,3.78,13745.1,2357.9,2102.9052,3773286.65,997799.58,193.715,1181.0,1273.0,,5.3,95.1,475724.0,13417.3,5.9,-41593.0,108.271625,11.8825,2462.48,-0.55728,-0.4831,20244900.0,-584650.0,8000.08293523,41.4,,3.0,,
2017-09-15,246.435,252.812,100.4,100.24,250.826,212.723,2.7,1.6800000000000002,1.844,19692.595,19660.766,60099.0,99.7954,18.313,4.3,8.3,147008.0,280000.0,34.4,26.49,6320.0,63.1,1.15,1.16,1.3519999999999999,2.182,2.772,0.8300000000000001,1.138,3.782,1.154,3.78,13745.1,2357.9,2102.9052,3773286.65,997799.58,193.715,1181.0,1273.0,,5.3,95.1,475724.0,13417.3,5.9,-41593.0,108.41448,10.484,2495.7619999999997,-0.56014,-0.7438,20244900.0,-584650.0,8000.08293523,41.4,,3.0,,
2017-09-22,246.435,252.812,100.4,100.24,250.826,212.723,2.7,1.72,1.8519999999999999,19692.595,19660.766,60099.0,99.7954,18.313,4.3,8.3,147008.0,261000.0,34.4,26.49,6320.0,63.1,1.15,1.16,1.432,2.256,2.806,0.8240000000000001,1.216,3.6399999999999997,1.116,3.83,13745.1,2357.9,2102.9052,3773286.65,997799.58,193.715,1181.0,1273.0,,5.3,95.1,475724.0,13417.3,5.9,-41593.0,108.67362,9.873999999999999,2504.316,-0.56453,-0.778,20244900.0,-584650.0,8000.08293523,41.4,,2.8,,
2017-09-29,246.435,252.812,100.4,100.24,250.826,212.723,2.7,1.718,1.8519999999999999,19692.595,19660.766,60099.0,99.7954,18.313,4.3,8.3,147008.0,264000.0,34.4,26.49,6320.0,63.1,1.15,1.1457142857142857,1.456,2.282,2.8259999999999996,0.826,1.222,3.592,1.088,3.83,13745.1,2357.9,2102.9052,3773286.65,997799.58,193.715,1181.0,1273.0,,5.3,95.1,475724.0,13417.3,5.9,-41593.0,109.90149999999998,9.862,2505.9919999999997,-0.57001,-0.7185,20244900.0,-584650.0,8000.08293523,41.4,,2.8,,
2017-10-06,246.626,253.526,100.531,100.486,251.048,208.328,2.4,1.732,1.85,20037.088,19882.352,60674.0,101.0247,18.482,4.2,8.1,147149.0,260000.0,34.4,26.5,6408.0,62.7,1.15,1.1314285714285715,1.492,2.3440000000000003,2.882,0.852,1.284,3.5399999999999996,1.05,3.85,13800.1,2310.9,2112.9422,3796951.2,1006228.68,194.762,1257.0,1356.0,,5.5,100.7,476107.0,13447.5,6.0,-42848.0,110.46112000000001,9.486,2540.568,-0.57687,-0.7533,20492747.0,-665450.0,-63214.01796695,41.4,,2.8,,
2017-10-13,246.626,253.526,100.531,100.486,251.048,208.328,2.4,1.75,1.8775,20037.088,19882.352,60674.0,101.0247,18.482,4.2,8.1,147149.0,252000.0,34.4,26.5,6408.0,62.7,1.15,1.16,1.51,2.3275,2.8575,0.8175,1.2375,3.5420000000000003,1.032,3.91,13800.1,2310.9,2112.9422,3796951.2,1006228.68,194.762,1257.0,1356.0,,5.5,100.7,476107.0,13447.5,6.0,-42848.0,110.2973,9.956,2550.942,-0.58395,-0.7165,20492747.0,-665450.0,-63214.01796695,41.4,,2.8,,
2017-10-20,246.626,253.526,100.531,100.486,251.048,208.328,2.4,1.6919999999999997,1.842,20037.088,19882.352,60674.0,101.0247,18.482,4.2,8.1,147149.0,235000.0,34.4,26.5,6408.0,62.7,1.15,1.16,1.57,2.332,2.838,0.762,1.234,3.478,1.022,3.88,13800.1,2310.9,2112.9422,3796951.2,1006228.68,194.762,1257.0,1356.0,,5.5,100.7,476107.0,13447.5,6.0,-42848.0,110.73478,10.062000000000001,2563.114,-0.59079,-0.785,20492747.0,-665450.0,-63214.01796695,41.4,,2.8,,
2017-10-27,246.626,253.526,100.531,100.486,251.048,208.328,2.4,1.736,1.876,20037.088,19882.352,60674.0,101.0247,18.482,4.2,8.1,147149.0,241000.0,34.4,26.5,6408.0,62.7,1.15,1.16,1.6019999999999999,2.424,2.93,0.8219999999999998,1.316,3.41,1.002,3.94,13800.1,2310.9,2112.9422,3796951.2,1006228.68,194.762,1257.0,1356.0,,5.5,100.7,476107.0,13447.5,6.0,-42848.0,111.55956,10.912,2566.546,-0.59617,-0.7805,20492747.0,-665450.0,-63214.01796695,41.4,,2.8,,
2017-11-03,247.284,253.816,100.675,100.535,251.195,213.047,2.5,1.7600000000000002,1.8719999999999999,20037.088,19882.352,60674.0,101.2664,18.003,4.2,8.0,147372.0,241000.0,34.5,26.54,6271.0,62.7,1.16,1.147142857142857,1.6060000000000003,2.362,2.852,0.756,1.202,3.504,1.012,3.94,13843.5,2378.3,2106.2299,3816268.18,1012316.89,195.914,1273.0,1299.0,,4.8,98.5,480949.0,13540.6,5.6,-45463.0,111.79722,9.99,2579.028,-0.60038,-0.743,20492747.0,-665450.0,-138547.43781759,41.4,,2.8,,
2017-11-10,247.284,253.816,100.675,100.535,251.195,213.047,2.5,1.784,1.8719999999999999,20037.088,19882.352,60674.0,101.2664,18.003,4.2,8.0,147372.0,248000.0,34.5,26.54,6271.0,62.7,1.16,1.16,1.638,2.338,2.81,0.7,1.116,3.668,1.044,3.9,13843.5,2378.3,2106.2299,3816268.18,1012316.89,195.914,1273.0,1299.0,,4.8,98.5,480949.0,13540.6,5.6,-45463.0,111.7301,10.172,2588.614,-0.60254,-0.7355,20492747.0,-665450.0,-138547.43781759,41.4,,2.8,,
2017-11-17,247.284,253.816,100.675,100.535,251.195,213.047,2.5,1.78,1.86,20037.088,19882.352,60674.0,101.2664,18.003,4.2,8.0,147372.0,254000.0,34.5,26.54,6271.0,62.7,1.16,1.16,1.702,2.366,2.814,0.6639999999999999,1.104,3.8259999999999996,1.064,3.95,13843.5,2378.3,2106.2299,3816268.18,1012316.89,195.914,1273.0,1299.0,,4.8,98.5,480949.0,13540.6,5.6,-45463.0,111.40646,11.882,2578.564,-0.60366,-0.7487,20492747.0,-665450.0,-138547.43781759,41.4,,2.8,,
2017-11-24,247.284,253.816,100.675,100.535,251.195,213.047,2.5,1.7375,1.8425,20037.088,19882.352,60674.0,101.2664,18.003,4.2,8.0,147372.0,246000.0,34.5,26.54,6271.0,62.7,1.16,1.16,1.7575,2.3475,2.7624999999999997,0.59,1.0525,3.686,1.05,3.92,13843.5,2378.3,2106.2299,3816268.18,1012316.89,195.914,1273.0,1299.0,,4.8,98.5,480949.0,13540.6,5.6,-45463.0,110.70779999999999,9.9825,2595.1675,-0.60457,-0.9172,20492747.0,-665450.0,-138547.43781759,41.4,,2.8,,
2017-12-01,247.805,254.344,100.821,100.683,251.716,213.574,2.7,1.704,1.846,20037.088,19882.352,60674.0,101.4644,17.887,4.1,8.1,147523.0,243000.0,34.5,26.63,6336.0,62.7,1.3,1.147142857142857,1.766,2.364,2.786,0.598,1.084,3.6420000000000003,1.034,3.9,13881.7,2309.8,2105.3574,3830784.99,1016806.6,197.136,1177.0,1311.0,,5.6,95.9,483586.0,13666.1,5.0,-46535.0,110.2696,10.661999999999999,2628.866,-0.60566,-0.8541,20492747.0,-665450.0,-23193.55948872,41.4,,2.8,,
2017-12-08,247.805,254.344,100.821,100.683,251.716,213.574,2.7,1.7280000000000002,1.8679999999999999,20037.088,19882.352,60674.0,101.4644,17.887,4.1,8.1,147523.0,241000.0,34.5,26.63,6336.0,62.7,1.3,1.16,1.802,2.362,2.748,0.5599999999999999,1.07,3.6079999999999997,1.02,3.94,13881.7,2309.8,2105.3574,3830784.99,1016806.6,197.136,1177.0,1311.0,,5.6,95.9,483586.0,13666.1,5.0,-46535.0,110.80073999999999,10.754,2637.352,-0.60694,-0.779,20492747.0,-665450.0,-23193.55948872,41.4,,2.8,,
2017-12-15,247.805,254.344,100.821,100.683,251.716,213.574,2.7,1.762,1.8800000000000001,20037.088,19882.352,60674.0,101.4644,17.887,4.1,8.1,147523.0,229000.0,34.5,26.63,6336.0,62.7,1.3,1.2342857142857142,1.8199999999999998,2.37,2.7380000000000004,0.55,1.05,3.62,1.01,3.93,13881.7,2309.8,2105.3574,3830784.99,1016806.6,197.136,1177.0,1311.0,,5.6,95.9,483586.0,13666.1,5.0,-46535.0,111.21958,9.870000000000001,2662.954,-0.60964,-0.7321,20492747.0,-665450.0,-23193.55948872,41.4,,2.8,,
2017-12-22,247.805,254.344,100.821,100.683,251.716,213.574,2.7,1.77,1.918,20037.088,19882.352,60674.0,101.4644,17.887,4.1,8.1,147523.0,244000.0,34.5,26.63,6336.0,62.7,1.3,1.417142857142857,1.8760000000000001,2.46,2.822,0.584,1.098,3.59,0.992,3.94,13881.7,2309.8,2105.3574,3830784.99,1016806.6,197.136,1177.0,1311.0,,5.6,95.9,483586.0,13666.1,5.0,-46535.0,110.96970000000002,9.76,2683.7580000000003,-0.61344,-0.7287,20492747.0,-665450.0,-23193.55948872,41.4,,2.8,,
2017-12-29,247.805,254.344,100.821,100.683,251.716,213.574,2.7,1.8250000000000002,1.95,20037.088,19882.352,60674.0,101.4644,17.887,4.1,8.1,147523.0,251000.0,34.5,26.63,6336.0,62.7,1.3,1.407142857142857,1.9024999999999999,2.43,2.765,0.5275000000000001,1.0075,3.5725,0.985,3.99,13881.7,2309.8,2105.3574,3830784.99,1016806.6,197.136,1177.0,1311.0,,5.6,95.9,483586.0,13666.1,5.0,-46535.0,110.6062,10.485,2681.0675,-0.61708,-0.6431,20492747.0,-665450.0,-23193.55948872,41.4,,2.8,,
2018-01-05,248.859,255.204,101.199,101.007,252.377,216.855,2.7,1.91,2.0,20328.553,20044.077,61093.0,101.4625,17.176,4.0,8.0,147660.0,248000.0,34.4,26.72,6621.0,62.7,1.41,1.3814285714285715,1.9449999999999998,2.4575,2.7975,0.5125,1.045,3.4839999999999995,0.984,3.95,13900.3,2281.0,2109.5759,3847835.29,1022731.0,198.281,1299.0,1317.0,,6.0,95.7,481414.0,13703.3,5.7,-46993.0,109.53672499999999,9.34,2719.0025,-0.6207,-0.7491,21089643.0,-665450.0,49235.72070792,41.8,,2.8,,
2018-01-12,248.859,255.204,101.199,101.007,252.377,216.855,2.7,1.922,2.018,20328.553,20044.077,61093.0,101.4625,17.176,4.0,8.0,147660.0,252000.0,34.4,26.72,6621.0,62.7,1.41,1.42,1.9780000000000002,2.536,2.866,0.558,1.1019999999999999,3.374,0.9559999999999998,3.99,13900.3,2281.0,2109.5759,3847835.29,1022731.0,198.281,1299.0,1317.0,,6.0,95.7,481414.0,13703.3,5.7,-46993.0,109.49767999999999,9.892,2760.2059999999997,-0.62071,-0.8216,21089643.0,-665450.0,49235.72070792,41.8,,2.8,,
2018-01-19,248.859,255.204,101.199,101.007,252.377,216.855,2.7,1.9575,2.045,20328.553,20044.077,61093.0,101.4625,17.176,4.0,8.0,147660.0,230000.0,34.4,26.72,6621.0,62.7,1.41,1.42,2.0475,2.5925000000000002,2.87,0.5449999999999999,1.1475,3.346,0.942,4.04,13900.3,2281.0,2109.5759,3847835.29,1022731.0,198.281,1299.0,1317.0,,6.0,95.7,481414.0,13703.3,5.7,-46993.0,108.12135,11.765,2796.8275000000003,-0.61631,-0.7682,21089643.0,-665450.0,49235.72070792,41.8,,2.8,,
2018-01-26,248.859,255.204,101.199,101.007,252.377,216.855,2.7,1.9439999999999997,2.07,20328.553,20044.077,61093.0,101.4625,17.176,4.0,8.0,147660.0,231000.0,34.4,26.72,6621.0,62.7,1.41,1.42,2.086,2.646,2.912,0.5599999999999999,1.218,3.284,0.9339999999999999,4.15,13900.3,2281.0,2109.5759,3847835.29,1022731.0,198.281,1299.0,1317.0,,6.0,95.7,481414.0,13703.3,5.7,-46993.0,107.27628,11.251999999999999,2844.352,-0.60745,-0.7493,21089643.0,-665450.0,49235.72070792,41.8,,2.8,,
2018-02-02,249.529,255.711,101.416,101.198,252.264,220.141,2.7,1.9460000000000002,2.1100000000000003,20328.553,20044.077,61093.0,101.7085,17.447,4.1,8.1,148054.0,228000.0,34.5,26.74,6552.0,63.0,1.42,1.4085714285714286,2.138,2.754,2.992,0.616,1.294,3.306,0.908,4.22,13949.3,2305.3,2112.0245,3863797.02,1024980.99,199.209,1277.0,1321.0,,5.7,99.7,484031.0,13738.7,5.8,-48714.0,106.9186,14.589999999999998,2816.7760000000003,-0.59377,-0.5985,21089643.0,-665450.0,-215248.1724224,41.8,,2.8,,
2018-02-09,249.529,255.711,101.416,101.198,252.264,220.141,2.7,1.89,2.088,20328.553,20044.077,61093.0,101.7085,17.447,4.1,8.1,148054.0,224000.0,34.5,26.74,6552.0,63.0,1.42,1.42,2.102,2.816,3.1,0.714,1.28,3.59,0.932,4.32,13949.3,2305.3,2112.0245,3863797.02,1024980.99,199.209,1277.0,1321.0,,5.7,99.7,484031.0,13738.7,5.8,-48714.0,107.82572,31.51,2645.2580000000003,-0.57616,-0.009,21089643.0,-665450.0,-215248.1724224,41.8,,2.8,,
2018-02-16,249.529,255.711,101.416,101.198,252.264,220.141,2.7,1.9259999999999997,2.082,20328.553,20044.077,61093.0,101.7085,17.447,4.1,8.1,148054.0,225000.0,34.5,26.74,6552.0,63.0,1.42,1.42,2.152,2.874,3.1420000000000003,0.722,1.276,3.65,0.984,4.38,13949.3,2305.3,2112.0245,3863797.02,1024980.99,199.209,1277.0,1321.0,,5.7,99.7,484031.0,13738.7,5.8,-48714.0,107.45645999999999,21.686,2696.198,-0.56045,-0.3989,21089643.0,-665450.0,-215248.1724224,41.8,,2.8,,
2018-02-23,249.529,255.711,101.416,101.198,252.264,220.141,2.7,2.05,2.1125,20328.553,20044.077,61093.0,101.7085,17.447,4.1,8.1,148054.0,219000.0,34.5,26.74,6552.0,63.0,1.42,1.42,2.2525,2.905,3.185,0.6525000000000001,1.2625,3.5100000000000002,0.986,4.4,13949.3,2305.3,2112.0245,3863797.02,1024980.99,199.209,1277.0,1321.0,,5.7,99.7,484031.0,13738.7,5.8,-48714.0,107.76,18.9575,2717.2125,-0.54555,-0.5252,21089643.0,-665450.0,-215248.1724224,41.8,,2.8,,
2018-03-02,249.577,256.271,101.524,101.419,252.365,215.72,2.8,2.052,2.12,20328.553,20044.077,61093.0,102.2067,17.662,4.0,8.0,148280.0,216000.0,34.5,26.85,6818.0,62.9,1.51,1.41,2.242,2.8600000000000003,3.136,0.618,1.21,3.536,1.02,4.43,14012.7,2230.9,2123.2264,3876055.41,1028817.4,199.945,1318.0,1385.0,,5.2,101.4,484110.0,13793.2,5.9,-43514.0,108.20847499999999,19.259999999999998,2721.326,-0.53114,-0.2472,21089643.0,-665450.0,-208743.24980988,41.8,,2.8,,
2018-03-09,249.577,256.271,101.524,101.419,252.365,215.72,2.8,2.058,2.122,20328.553,20044.077,61093.0,102.2067,17.662,4.0,8.0,148280.0,228000.0,34.5,26.85,6818.0,62.9,1.51,1.42,2.252,2.882,3.148,0.63,1.202,3.554,1.05,4.46,14012.7,2230.9,2123.2264,3876055.41,1028817.4,199.945,1318.0,1385.0,,5.2,101.4,484110.0,13793.2,5.9,-43514.0,108.08789999999999,17.206,2740.2799999999997,-0.51795,-0.2796,21089643.0,-665450.0,-208743.24980988,41.8,,2.8,,
2018-03-16,249.577,256.271,101.524,101.419,252.365,215.72,2.8,2.0460000000000003,2.084,20328.553,20044.077,61093.0,102.2067,17.662,4.0,8.0,148280.0,223000.0,34.5,26.85,6818.0,62.9,1.51,1.4228571428571428,2.278,2.838,3.082,0.5599999999999999,1.088,3.594,1.088,4.44,14012.7,2230.9,2123.2264,3876055.41,1028817.4,199.945,1318.0,1385.0,,5.2,101.4,484110.0,13793.2,5.9,-43514.0,108.03617999999999,16.35,2759.43,-0.50742,-0.245,21089643.0,-665450.0,-208743.24980988,41.8,,2.8,,
2018-03-23,249.577,256.271,101.524,101.419,252.365,215.72,2.8,2.018,2.08,20328.553,20044.077,61093.0,102.2067,17.662,4.0,8.0,148280.0,225000.0,34.5,26.85,6818.0,62.9,1.51,1.5042857142857142,2.306,2.8560000000000003,3.09,0.55,1.094,3.6620000000000004,1.122,4.45,14012.7,2230.9,2123.2264,3876055.41,1028817.4,199.945,1318.0,1385.0,,5.2,101.4,484110.0,13793.2,5.9,-43514.0,108.1382,20.657999999999998,2674.748,-0.49992,0.0303,21089643.0,-665450.0,-208743.24980988,41.8,,2.9,,
2018-03-30,249.577,256.271,101.524,101.419,252.365,215.72,2.8,1.9449999999999998,2.0625,20328.553,20044.077,61093.0,102.2067,17.662,4.0,8.0,148280.0,221000.0,34.5,26.85,6818.0,62.9,1.51,1.6785714285714286,2.285,2.785,3.0225,0.5,1.03,3.76,1.16,4.44,14012.7,2230.9,2123.2264,3876055.41,1028817.4,199.945,1318.0,1385.0,,5.2,101.4,484110.0,13793.2,5.9,-43514.0,107.4469,21.5925,2629.26,-0.49832,0.1011,21089643.0,-665450.0,-208743.24980988,41.8,,2.9,,
2018-04-06,250.227,256.63,101.766,101.602,252.867,219.165,2.7,1.9920000000000002,2.072,20580.912,20150.476,61336.0,103.3329,17.584,4.0,7.9,148420.0,232000.0,34.5,26.91,6877.0,62.9,1.69,1.6828571428571428,2.276,2.782,3.02,0.506,1.046,3.69,1.1566666666666665,4.4,14035.9,2151.0,2167.1125,3883468.11,1024656.62,200.633,1276.0,1378.0,,5.6,98.8,484154.0,13838.4,6.0,-46306.0,107.6837,21.042,2621.666,-0.50198,0.1105,21195070.0,-665450.0,214255.11366731,41.8,,2.9,,
2018-04-13,250.227,256.63,101.766,101.602,252.867,219.165,2.7,2.028,2.104,20580.912,20150.476,61336.0,103.3329,17.584,4.0,7.9,148420.0,234000.0,34.5,26.91,6877.0,62.9,1.69,1.69,2.3280000000000003,2.804,3.022,0.476,1.056,3.4859999999999998,1.126,4.42,14035.9,2151.0,2167.1125,3883468.11,1024656.62,200.633,1276.0,1378.0,,5.6,98.8,484154.0,13838.4,6.0,-46306.0,107.30944,19.676,2646.502,-0.51206,-0.0847,21195070.0,-665450.0,214255.11366731,41.8,,2.9,,
2018-04-20,250.227,256.63,101.766,101.602,252.867,219.165,2.7,2.07,2.152,20580.912,20150.476,61336.0,103.3329,17.584,4.0,7.9,148420.0,236000.0,34.5,26.91,6877.0,62.9,1.69,1.6914285714285715,2.4240000000000004,2.88,3.068,0.45599999999999996,1.074,3.304,1.102,4.47,14035.9,2151.0,2167.1125,3883468.11,1024656.62,200.633,1276.0,1378.0,,5.6,98.8,484154.0,13838.4,6.0,-46306.0,107.38038000000002,16.05,2691.228,-0.52633,-0.2983,21195070.0,-665450.0,214255.11366731,41.8,,2.9,,
2018-04-27,250.227,256.63,101.766,101.602,252.867,219.165,2.7,2.098,2.1740000000000004,20580.912,20150.476,61336.0,103.3329,17.584,4.0,7.9,148420.0,207000.0,34.5,26.91,6877.0,62.9,1.69,1.7,2.4880000000000004,2.9939999999999998,3.17,0.506,1.1480000000000001,3.4219999999999997,1.114,4.58,14035.9,2151.0,2167.1125,3883468.11,1024656.62,200.633,1276.0,1378.0,,5.6,98.8,484154.0,13838.4,6.0,-46306.0,109.12132,16.77,2656.2200000000003,-0.53985,-0.237,21195070.0,-665450.0,214255.11366731,41.8,,2.9,,
2018-05-04,250.792,257.145,101.941,101.78,252.864,221.045,2.8,2.0919999999999996,2.164,20580.912,20150.476,61336.0,102.4024,17.829,3.8,7.8,148742.0,209000.0,34.5,26.98,7016.0,62.9,1.7,1.6985714285714286,2.496,2.9560000000000004,3.124,0.45999999999999996,1.108,3.474,1.154,4.55,14092.4,2086.6,2173.6766,3900522.44,1027724.28,201.393,1357.0,1338.0,,5.5,98.0,491960.0,13905.0,6.0,-41635.0,109.93472,15.612,2646.334,-0.55184,-0.1723,21195070.0,-665450.0,-146796.44336556,41.8,,2.9,,
2018-05-11,250.792,257.145,101.941,101.78,252.864,221.045,2.8,2.118,2.166,20580.912,20150.476,61336.0,102.4024,17.829,3.8,7.8,148742.0,211000.0,34.5,26.98,7016.0,62.9,1.7,1.7,2.524,2.9720000000000004,3.1260000000000003,0.44800000000000006,1.086,3.432,1.164,4.55,14092.4,2086.6,2173.6766,3900522.44,1027724.28,201.393,1357.0,1338.0,,5.5,98.0,491960.0,13905.0,6.0,-41635.0,110.64132,13.752,2698.626,-0.561,-0.4287,21195070.0,-665450.0,-146796.44336556,41.8,,2.9,,
2018-05-18,250.792,257.145,101.941,101.78,252.864,221.045,2.8,2.146,2.162,20580.912,20150.476,61336.0,102.4024,17.829,3.8,7.8,148742.0,222000.0,34.5,26.98,7016.0,62.9,1.7,1.7,2.566,3.068,3.198,0.502,1.1480000000000001,3.374,1.14,4.61,14092.4,2086.6,2173.6766,3900522.44,1027724.28,201.393,1357.0,1338.0,,5.5,98.0,491960.0,13905.0,6.0,-41635.0,111.20316,13.565999999999999,2719.428,-0.56585,-0.4937,21195070.0,-665450.0,-146796.44336556,41.8,,2.9,,
2018-05-25,250.792,257.145,101.941,101.78,252.864,221.045,2.8,2.1100000000000003,2.132,20580.912,20150.476,61336.0,102.4024,17.829,3.8,7.8,148742.0,230000.0,34.5,26.98,7016.0,62.9,1.7,1.7,2.536,3.008,3.16,0.472,1.09,3.4579999999999997,1.148,4.66,14092.4,2086.6,2173.6766,3900522.44,1027724.28,201.393,1357.0,1338.0,,5.5,98.0,491960.0,13905.0,6.0,-41635.0,111.52000000000001,12.925999999999998,2727.966,-0.56548,-0.4176,21195070.0,-665450.0,-146796.44336556,41.8,,2.9,,
2018-06-01,251.018,257.399,102.029,101.872,253.167,220.947,3.0,2.0175,2.065,20580.912,20150.476,61336.0,103.198,17.743,4.0,7.8,148960.0,222000.0,34.5,27.03,7230.0,63.0,1.82,1.7,2.4025,2.8325,3.0025,0.43,0.9025,3.62,1.198,4.56,14137.2,2052.7,2191.1233,3902512.72,1025345.59,202.18,1192.0,1345.0,,5.8,98.2,490228.0,13930.4,6.3,-44928.0,111.925425,15.2125,2713.44,-0.56062,-0.1087,21195070.0,-665450.0,-74857.99046356,41.8,,2.9,,
2018-06-08,251.018,257.399,102.029,101.872,253.167,220.947,3.0,2.0620000000000003,2.126,20580.912,20150.476,61336.0,103.198,17.743,4.0,7.8,148960.0,223000.0,34.5,27.03,7230.0,63.0,1.82,1.7,2.5060000000000002,2.938,3.088,0.43200000000000005,0.998,3.464,1.21,4.54,14137.2,2052.7,2191.1233,3902512.72,1025345.59,202.18,1192.0,1345.0,,5.8,98.2,490228.0,13930.4,6.3,-44928.0,112.00406000000001,12.218,2763.484,-0.55483,-0.5814,21195070.0,-665450.0,-74857.99046356,41.8,,2.9,,
2018-06-15,251.018,257.399,102.029,101.872,253.167,220.947,3.0,2.0780000000000003,2.124,20580.912,20150.476,61336.0,103.198,17.743,4.0,7.8,148960.0,222000.0,34.5,27.03,7230.0,63.0,1.82,1.757142857142857,2.558,2.9539999999999997,3.0780000000000003,0.396,1.018,3.3480000000000003,1.214,4.62,14137.2,2052.7,2191.1233,3902512.72,1025345.59,202.18,1192.0,1345.0,,5.8,98.2,490228.0,13930.4,6.3,-44928.0,112.55586000000001,12.346,2781.326,-0.54801,-0.5079,21195070.0,-665450.0,-74857.99046356,41.8,,2.9,,
2018-06-22,251.018,257.399,102.029,101.872,253.167,220.947,3.0,2.066,2.118,20580.912,20150.476,61336.0,103.198,17.743,4.0,7.8,148960.0,218000.0,34.5,27.03,7230.0,63.0,1.82,1.91,2.556,2.908,3.0420000000000003,0.352,0.97,3.372,1.248,4.57,14137.2,2052.7,2191.1233,3902512.72,1025345.59,202.18,1192.0,1345.0,,5.8,98.2,490228.0,13930.4,6.3,-44928.0,113.50457999999999,13.372,2761.6600000000003,-0.54219,-0.4413,21195070.0,-665450.0,-74857.99046356,41.8,,2.9,,
2018-06-29,251.018,257.399,102.029,101.872,253.167,220.947,3.0,2.066,2.1079999999999997,20580.912,20150.476,61336.0,103.198,17.743,4.0,7.8,148960.0,222000.0,34.5,27.03,7230.0,63.0,1.82,1.9157142857142857,2.526,2.854,2.994,0.328,0.924,3.5520000000000005,1.292,4.55,14137.2,2052.7,2191.1233,3902512.72,1025345.59,202.18,1192.0,1345.0,,5.8,98.2,490228.0,13930.4,6.3,-44928.0,113.51676,16.82,2714.888,-0.53903,-0.2208,21195070.0,-665450.0,-74857.99046356,41.8,,2.9,,
2018-07-06,251.214,257.699,102.137,102.006,253.598,219.929,2.9,2.0825,2.1275,20798.73,20276.154,61622.0,103.3646,17.629,3.8,7.5,149020.0,228000.0,34.5,27.1,7190.0,63.0,1.91,1.91,2.545,2.84,2.96,0.295,0.8674999999999999,3.751666666666667,1.2950000000000002,4.52,14174.6,2014.6,2204.0928,3924685.82,1035337.56,202.873,1208.0,1334.0,,6.0,97.9,493142.0,13974.8,6.5,-49560.0,113.27705,15.02,2734.09,-0.54024,-0.3703,21516058.0,-665450.0,-76865.22967062,41.8,,2.9,,
2018-07-13,251.214,257.699,102.137,102.006,253.598,219.929,2.9,2.0780000000000003,2.116,20798.73,20276.154,61622.0,103.3646,17.629,3.8,7.5,149020.0,216000.0,34.5,27.1,7190.0,63.0,1.91,1.91,2.586,2.852,2.9539999999999997,0.266,0.8720000000000001,3.626,1.252,4.53,14174.6,2014.6,2204.0928,3924685.82,1035337.56,202.873,1208.0,1334.0,,6.0,97.9,493142.0,13974.8,6.5,-49560.0,112.78591999999999,12.744,2790.326,-0.54567,-0.6173,21516058.0,-665450.0,-76865.22967062,41.8,,2.9,,
2018-07-20,251.214,257.699,102.137,102.006,253.598,219.929,2.9,2.0279999999999996,2.096,20798.73,20276.154,61622.0,103.3646,17.629,3.8,7.5,149020.0,205000.0,34.5,27.1,7190.0,63.0,1.91,1.91,2.602,2.864,2.982,0.262,0.86,3.5740000000000003,1.228,4.52,14174.6,2014.6,2204.0928,3924685.82,1035337.56,202.873,1208.0,1334.0,,6.0,97.9,493142.0,13974.8,6.5,-49560.0,113.3193,12.544,2805.984,-0.55368,-0.629,21516058.0,-665450.0,-76865.22967062,41.8,,2.9,,
2018-07-27,251.214,257.699,102.137,102.006,253.598,219.929,2.9,2.004,2.116,20798.73,20276.154,61622.0,103.3646,17.629,3.8,7.5,149020.0,210000.0,34.5,27.1,7190.0,63.0,1.91,1.91,2.658,2.9579999999999997,3.086,0.3,0.9560000000000001,3.4579999999999997,1.186,4.54,14174.6,2014.6,2204.0928,3924685.82,1035337.56,202.873,1208.0,1334.0,,6.0,97.9,493142.0,13974.8,6.5,-49560.0,113.05632,12.498,2825.942,-0.56283,-0.7066,21516058.0,-665450.0,-76865.22967062,41.8,,2.9,,
2018-08-03,251.663,257.891,102.208,102.016,253.949,222.781,3.0,2.0,2.124,20798.73,20276.154,61622.0,104.0327,17.564,3.8,7.4,149277.0,207000.0,34.5,27.21,7208.0,62.6,1.91,1.91,2.658,2.974,3.106,0.316,0.9480000000000001,3.436,1.158,4.6,14223.2,1976.1,2209.5556,3945881.92,1042014.05,203.635,1288.0,1273.0,,6.5,96.2,493445.0,14014.0,6.6,-49301.0,112.88082,12.813999999999998,2819.964,-0.57202,-0.5975,21516058.0,-665450.0,-214147.52548064,41.8,,2.9,,
2018-08-10,251.663,257.891,102.208,102.016,253.949,222.781,3.0,1.982,2.11,20798.73,20276.154,61622.0,104.0327,17.564,3.8,7.4,149277.0,210000.0,34.5,27.21,7208.0,62.6,1.91,1.91,2.65,2.936,3.086,0.286,0.8800000000000001,3.406,1.156,4.59,14223.2,1976.1,2209.5556,3945881.92,1042014.05,203.635,1288.0,1273.0,,6.5,96.2,493445.0,14014.0,6.6,-49301.0,113.40542,11.495999999999999,2850.682,-0.58112,-0.6901,21516058.0,-665450.0,-214147.52548064,41.8,,2.9,,
2018-08-17,251.663,257.891,102.208,102.016,253.949,222.781,3.0,1.9759999999999998,2.086,20798.73,20276.154,61622.0,104.0327,17.564,3.8,7.4,149277.0,206000.0,34.5,27.21,7208.0,62.6,1.91,1.9128571428571426,2.618,2.874,3.04,0.256,0.808,3.5060000000000002,1.19,4.53,14223.2,1976.1,2209.5556,3945881.92,1042014.05,203.635,1288.0,1273.0,,6.5,96.2,493445.0,14014.0,6.6,-49301.0,114.76741999999999,13.764,2834.216,-0.58815,-0.5519,21516058.0,-665450.0,-214147.52548064,41.8,,2.9,,
2018-08-24,251.663,257.891,102.208,102.016,253.949,222.781,3.0,1.972,2.082,20798.73,20276.154,61622.0,104.0327,17.564,3.8,7.4,149277.0,207000.0,34.5,27.21,7208.0,62.6,1.91,1.92,2.6100000000000003,2.8259999999999996,2.9840000000000004,0.21600000000000003,0.746,3.482,1.188,4.51,14223.2,1976.1,2209.5556,3945881.92,1042014.05,203.635,1288.0,1273.0,,6.5,96.2,493445.0,14014.0,6.6,-49301.0,113.91309999999999,12.4,2862.7,-0.59396,-0.7677,21516058.0,-665450.0,-214147.52548064,41.8,,2.9,,
2018-08-31,251.663,257.891,102.208,102.016,253.949,222.781,3.0,1.9920000000000002,2.104,20798.73,20276.154,61622.0,104.0327,17.564,3.8,7.4,149277.0,211000.0,34.5,27.21,7208.0,62.6,1.91,1.9185714285714286,2.654,2.868,3.0140000000000002,0.21400000000000002,0.748,3.4299999999999997,1.19,4.52,14223.2,1976.1,2209.5556,3945881.92,1042014.05,203.635,1288.0,1273.0,,6.5,96.2,493445.0,14014.0,6.6,-49301.0,113.72559999999999,12.66,2902.19,-0.59799,-0.8021,21516058.0,-665450.0,-214147.52548064,41.8,,2.9,,
2018-09-07,252.182,258.368,102.418,102.205,254.302,223.955,2.7,1.98,2.0925000000000002,20798.73,20276.154,61622.0,104.1004,17.776,3.7,7.5,149358.0,201000.0,34.4,27.32,7411.0,62.8,1.95,1.9157142857142857,2.6675,2.905,3.08,0.2375,0.77,3.4880000000000004,1.208,4.54,14245.5,1938.0,2225.8849,3957685.36,1043901.27,204.294,1250.0,1314.0,,6.6,100.1,491507.0,14017.8,6.8,-50245.0,114.7089,14.15,2883.7625,-0.60016,-0.7131,21516058.0,-665450.0,119116.00888032,41.8,,2.9,,
2018-09-14,252.182,258.368,102.418,102.205,254.302,223.955,2.7,1.998,2.108,20798.73,20276.154,61622.0,104.1004,17.776,3.7,7.5,149358.0,204000.0,34.4,27.32,7411.0,62.8,1.95,1.92,2.754,2.97,3.114,0.21600000000000003,0.818,3.376,1.18,4.6,14245.5,1938.0,2225.8849,3957685.36,1043901.27,204.294,1250.0,1314.0,,6.6,100.1,491507.0,14017.8,6.8,-50245.0,114.3194,12.992,2892.62,-0.60046,-0.856,21516058.0,-665450.0,119116.00888032,41.8,,2.9,,
2018-09-21,252.182,258.368,102.418,102.205,254.302,223.955,2.7,2.012,2.136,20798.73,20276.154,61622.0,104.1004,17.776,3.7,7.5,149358.0,206000.0,34.4,27.32,7411.0,62.8,1.95,1.92,2.804,3.052,3.194,0.248,0.884,3.254,1.14,4.65,14245.5,1938.0,2225.8849,3957685.36,1043901.27,204.294,1250.0,1314.0,,6.6,100.1,491507.0,14017.8,6.8,-50245.0,113.67034000000001,12.34,2912.296,-0.59781,-0.9561,21516058.0,-665450.0,119116.00888032,41.8,,2.9,,
2018-09-28,252.182,258.368,102.418,102.205,254.302,223.955,2.7,2.038,2.15,20798.73,20276.154,61622.0,104.1004,17.776,3.7,7.5,149358.0,205000.0,34.4,27.32,7411.0,62.8,1.95,1.9985714285714287,2.826,3.07,3.2019999999999995,0.244,0.8699999999999999,3.2600000000000002,1.12,4.72,14245.5,1938.0,2225.8849,3957685.36,1043901.27,204.294,1250.0,1314.0,,6.6,100.1,491507.0,14017.8,6.8,-50245.0,113.74206,12.408,2913.776,-0.59339,-0.8779,21516058.0,-665450.0,119116.00888032,41.8,,3.0,,
2018-10-05,252.772,258.917,102.595,102.366,254.17,226.022,2.9,2.05,2.148,20917.867,20304.874,61619.0,103.9856,17.991,3.8,7.5,149527.0,210000.0,34.5,27.37,7304.0,62.9,2.19,2.18,2.848,3.142,3.2980000000000005,0.294,0.914,3.2483333333333335,1.125,4.71,14256.6,1895.8,2250.5491,3976272.51,1050366.36,205.062,1221.0,1272.0,,7.2,98.6,496416.0,14083.1,6.7,-52160.0,114.22470000000001,12.940000000000001,2912.1420000000003,-0.58662,-0.8924,21974096.0,-779074.0,-100491.14254473,41.8,,3.0,,
2018-10-12,252.772,258.917,102.595,102.366,254.17,226.022,2.9,2.0175,2.1425,20917.867,20304.874,61619.0,103.9856,17.991,3.8,7.5,149527.0,211000.0,34.5,27.37,7304.0,62.9,2.19,2.18,2.865,3.18,3.35,0.315,0.9125,3.472,1.142,4.9,14256.6,1895.8,2250.5491,3976272.51,1050366.36,205.062,1221.0,1272.0,,7.2,98.6,496416.0,14083.1,6.7,-52160.0,114.51050000000001,20.178,2809.19,-0.57662,-0.5467,21974096.0,-779074.0,-100491.14254473,41.8,,3.0,,
2018-10-19,252.772,258.917,102.595,102.366,254.17,226.022,2.9,1.996,2.12,20917.867,20304.874,61619.0,103.9856,17.991,3.8,7.5,149527.0,208000.0,34.5,27.37,7304.0,62.9,2.19,2.1842857142857146,2.88,3.176,3.35,0.296,0.866,3.482,1.162,4.85,14256.6,1895.8,2250.5491,3976272.51,1050366.36,205.062,1221.0,1272.0,,7.2,98.6,496416.0,14083.1,6.7,-52160.0,114.35798,19.253999999999998,2781.296,-0.56541,-0.6473,21974096.0,-779074.0,-100491.14254473,41.8,,3.0,,
2018-10-26,252.772,258.917,102.595,102.366,254.17,226.022,2.9,1.938,2.0759999999999996,20917.867,20304.874,61619.0,103.9856,17.991,3.8,7.5,149527.0,217000.0,34.5,27.37,7304.0,62.9,2.19,2.1957142857142857,2.864,3.1380000000000003,3.35,0.274,0.8019999999999999,3.684,1.204,4.86,14256.6,1895.8,2250.5491,3976272.51,1050366.36,205.062,1221.0,1272.0,,7.2,98.6,496416.0,14083.1,6.7,-52160.0,115.33498,22.792,2703.386,-0.55196,-0.3484,21974096.0,-779074.0,-100491.14254473,41.8,,3.0,,
2018-11-02,252.594,259.439,102.63,102.556,254.887,218.5,2.8,1.904,2.048,20917.867,20304.874,61619.0,104.0681,18.061,3.8,7.6,149617.0,216000.0,34.4,27.44,7594.0,62.9,2.2,2.198571428571429,2.854,3.1420000000000003,3.3840000000000003,0.288,0.8099999999999999,3.814,1.246,4.83,14282.8,1840.8,2274.048,3991704.17,1052545.16,205.636,1181.0,1340.0,,6.4,97.5,498854.0,14162.9,6.5,-49143.0,116.03322,21.625999999999998,2699.81,-0.53684,-0.3681,21974096.0,-779074.0,-204902.55739878,41.8,,3.0,,
2018-11-09,252.594,259.439,102.63,102.556,254.887,218.5,2.8,1.916,2.062,20917.867,20304.874,61619.0,104.0681,18.061,3.8,7.6,149617.0,218000.0,34.4,27.44,7594.0,62.9,2.2,2.1957142857142857,2.944,3.214,3.4240000000000004,0.27,0.8560000000000001,3.656,1.23,4.94,14282.8,1840.8,2274.048,3991704.17,1052545.16,205.636,1181.0,1340.0,,6.4,97.5,498854.0,14162.9,6.5,-49143.0,115.72854,18.062,2779.098,-0.52093,-0.6493,21974096.0,-779074.0,-204902.55739878,41.8,,3.0,,
2018-11-16,252.594,259.439,102.63,102.556,254.887,218.5,2.8,1.865,2.01,20917.867,20304.874,61619.0,104.0681,18.061,3.8,7.6,149617.0,221000.0,34.4,27.44,7594.0,62.9,2.2,2.1957142857142857,2.855,3.1125,3.35,0.2575,0.74,3.9760000000000004,1.29,4.94,14282.8,1840.8,2274.048,3991704.17,1052545.16,205.636,1181.0,1340.0,,6.4,97.5,498854.0,14162.9,6.5,-49143.0,116.36982499999999,19.968,2723.29,-0.50169,-0.153,21974096.0,-779074.0,-204902.55739878,41.8,,3.0,,
2018-11-23,252.594,259.439,102.63,102.556,254.887,218.5,2.8,1.8125,1.9725,20917.867,20304.874,61619.0,104.0681,18.061,3.8,7.6,149617.0,225000.0,34.4,27.44,7594.0,62.9,2.2,2.2,2.8,3.0575,3.3125,0.2575,0.66,4.272,1.378,4.81,14282.8,1840.8,2274.048,3991704.17,1052545.16,205.636,1181.0,1340.0,,6.4,97.5,498854.0,14162.9,6.5,-49143.0,116.19647499999999,21.225,2653.7775,-0.48062,-0.099,21974096.0,-779074.0,-204902.55739878,41.8,,3.0,,
2018-11-30,252.594,259.439,102.63,102.556,254.887,218.5,2.8,1.762,1.952,20917.867,20304.874,61619.0,104.0681,18.061,3.8,7.6,149617.0,237000.0,34.4,27.44,7594.0,62.9,2.2,2.2,2.818,3.0460000000000003,3.322,0.22800000000000004,0.654,4.266,1.412,4.81,14282.8,1840.8,2274.048,3991704.17,1052545.16,205.636,1181.0,1340.0,,6.4,97.5,498854.0,14162.9,6.5,-49143.0,116.59286,18.654,2719.468,-0.46052,-0.3174,21974096.0,-779074.0,-204902.55739878,41.8,,3.0,,
2018-12-07,252.767,260.063,102.701,102.735,255.877,213.63,2.7,1.7175,1.9224999999999999,20917.867,20304.874,61619.0,104.0936,18.077,3.9,7.6,149809.0,232000.0,34.5,27.56,7489.0,63.0,2.27,2.197142857142857,2.775,2.9025,3.1775,0.1275,0.5,4.356,1.476,4.75,14386.8,1759.9,2303.6527,4007041.95,1053847.44,206.127,1095.0,1317.0,,7.6,98.3,489113.0,14051.6,8.4,-54997.0,116.098075,20.4,2704.865,-0.44155,0.0215,21974096.0,-779074.0,-13539.35862905,41.8,,3.0,,
2018-12-14,252.767,260.063,102.701,102.735,255.877,213.63,2.7,1.6219999999999999,1.834,20917.867,20304.874,61619.0,104.0936,18.077,3.9,7.6,149809.0,208000.0,34.5,27.56,7489.0,63.0,2.27,2.1914285714285713,2.75,2.89,3.1420000000000003,0.13999999999999999,0.47000000000000003,4.458,1.498,4.63,14386.8,1759.9,2303.6527,4007041.95,1053847.44,206.127,1095.0,1317.0,,7.6,98.3,489113.0,14051.6,8.4,-54997.0,116.56796,21.628,2635.212,-0.42825,0.0676,21974096.0,-779074.0,-13539.35862905,41.8,,3.0,,
2018-12-21,252.767,260.063,102.701,102.735,255.877,213.63,2.7,1.56,1.7899999999999998,20917.867,20304.874,61619.0,104.0936,18.077,3.9,7.6,149809.0,217000.0,34.5,27.56,7489.0,63.0,2.27,2.2542857142857144,2.6559999999999997,2.806,3.0460000000000003,0.15,0.41200000000000003,4.894,1.504,4.62,14386.8,1759.9,2303.6527,4007041.95,1053847.44,206.127,1095.0,1317.0,,7.6,98.3,489113.0,14051.6,8.4,-54997.0,116.2349,26.833999999999996,2496.62,-0.4223,0.375,21974096.0,-779074.0,-13539.35862905,41.8,,2.8,,
2018-12-28,252.767,260.063,102.701,102.735,255.877,213.63,2.7,1.5350000000000001,1.7475,20917.867,20304.874,61619.0,104.0936,18.077,3.9,7.6,149809.0,228000.0,34.5,27.56,7489.0,63.0,2.27,2.4,2.56,2.7600000000000002,3.0375,0.2,0.33499999999999996,5.35,1.565,4.55,14386.8,1759.9,2303.6527,4007041.95,1053847.44,206.127,1095.0,1317.0,,7.6,98.3,489113.0,14051.6,8.4,-54997.0,116.012575,31.195,2448.3424999999997,-0.42569,0.4969,21974096.0,-779074.0,-13539.35862905,41.8,,2.8,,
2019-01-04,252.561,260.766,102.648,102.87,256.533,204.34,2.7,1.5175,1.7125,21111.6,20431.641,61939.0,103.4021,16.97,4.0,8.0,150060.0,238000.0,34.5,27.59,7502.0,63.1,2.4,2.4,2.4675000000000002,2.645,2.9725,0.1775,0.22,5.2925,1.61,4.51,14459.7,1707.3,2325.3631,4027115.1,1061026.63,206.516,1226.0,1254.0,,7.0,91.2,490440.0,14084.6,8.4,-48785.0,115.44515,23.8675,2499.1775,-0.43864,0.1154,22027880.0,-779074.0,8682.86661098,41.9,,2.8,,
2019-01-11,252.561,260.766,102.648,102.87,256.533,204.34,2.7,1.652,1.814,21111.6,20431.641,61939.0,103.4021,16.97,4.0,8.0,150060.0,225000.0,34.5,27.59,7502.0,63.1,2.4,2.4,2.556,2.724,3.024,0.16799999999999998,0.27999999999999997,4.618,1.566,4.45,14459.7,1707.3,2325.3631,4027115.1,1061026.63,206.516,1226.0,1254.0,,7.0,91.2,490440.0,14084.6,8.4,-48785.0,114.30430000000001,19.907999999999998,2580.392,-0.45852,-0.4022,22027880.0,-779074.0,8682.86661098,41.9,,2.8,,
2019-01-18,252.561,260.766,102.648,102.87,256.533,204.34,2.7,1.6439999999999997,1.812,21111.6,20431.641,61939.0,103.4021,16.97,4.0,8.0,150060.0,218000.0,34.5,27.59,7502.0,63.1,2.4,2.4,2.558,2.7399999999999998,3.074,0.182,0.308,4.452,1.512,4.45,14459.7,1707.3,2325.3631,4027115.1,1061026.63,206.516,1226.0,1254.0,,7.0,91.2,490440.0,14084.6,8.4,-48785.0,114.361675,18.514,2623.136,-0.482,-0.3363,22027880.0,-779074.0,8682.86661098,41.9,,2.8,,
2019-01-25,252.561,260.766,102.648,102.87,256.533,204.34,2.7,1.6324999999999998,1.7875,21111.6,20431.641,61939.0,103.4021,16.97,4.0,8.0,150060.0,214000.0,34.5,27.59,7502.0,63.1,2.4,2.4,2.58,2.745,3.0575,0.165,0.345,4.372,1.438,4.45,14459.7,1707.3,2325.3631,4027115.1,1061026.63,206.516,1226.0,1254.0,,7.0,91.2,490440.0,14084.6,8.4,-48785.0,114.491675,19.1575,2644.6725,-0.50635,-0.296,22027880.0,-779074.0,8682.86661098,41.9,,2.8,,
2019-02-01,253.319,261.186,102.836,102.963,257.253,208.144,2.6,1.668,1.826,21111.6,20431.641,61939.0,102.8371,16.962,3.8,7.2,150067.0,234000.0,34.4,27.69,7066.0,63.1,2.4,2.4,2.5300000000000002,2.7,3.036,0.16999999999999998,0.28600000000000003,4.3660000000000005,1.384,4.46,14506.3,1713.7,2332.0383,4039700.24,1063376.27,206.835,1121.0,1286.0,,6.3,93.8,491751.0,14117.4,8.5,-47570.0,113.8913,17.674,2675.106,-0.53024,-0.3038,22027880.0,-779074.0,-233977.2488268,41.9,,2.8,,
2019-02-08,253.319,261.186,102.836,102.963,257.253,208.144,2.6,1.706,1.8519999999999999,21111.6,20431.641,61939.0,102.8371,16.962,3.8,7.2,150067.0,232000.0,34.4,27.69,7066.0,63.1,2.4,2.4,2.502,2.684,3.018,0.182,0.262,4.228,1.334,4.41,14506.3,1713.7,2332.0383,4039700.24,1063376.27,206.835,1121.0,1286.0,,6.3,93.8,491751.0,14117.4,8.5,-47570.0,114.21687999999999,15.754000000000001,2721.6220000000003,-0.55082,-0.4543,22027880.0,-779074.0,-233977.2488268,41.9,,2.8,,
2019-02-15,253.319,261.186,102.836,102.963,257.253,208.144,2.6,1.73,1.844,21111.6,20431.641,61939.0,102.8371,16.962,3.8,7.2,150067.0,226000.0,34.4,27.69,7066.0,63.1,2.4,2.4,2.506,2.6719999999999997,3.0140000000000002,0.166,0.23600000000000004,4.172,1.328,4.37,14506.3,1713.7,2332.0383,4039700.24,1063376.27,206.835,1121.0,1286.0,,6.3,93.8,491751.0,14117.4,8.5,-47570.0,114.95888,15.636000000000001,2745.778,-0.56818,-0.5256,22027880.0,-779074.0,-233977.2488268,41.9,,2.8,,
2019-02-22,253.319,261.186,102.836,102.963,257.253,208.144,2.6,1.7925,1.895,21111.6,20431.641,61939.0,102.8371,16.962,3.8,7.2,150067.0,211000.0,34.4,27.69,7066.0,63.1,2.4,2.4,2.5025,2.66,3.015,0.1575,0.20750000000000002,4.08,1.32,4.35,14506.3,1713.7,2332.0383,4039700.24,1063376.27,206.835,1121.0,1286.0,,6.3,93.8,491751.0,14117.4,8.5,-47570.0,114.45023333333334,14.217500000000001,2783.0025,-0.5816,-0.6838,22027880.0,-779074.0,-233977.2488268,41.9,,2.8,,
2019-03-01,254.277,261.567,103.069,103.058,257.681,214.934,2.5,1.834,1.936,21111.6,20431.641,61939.0,102.8757,17.842,3.8,7.4,150295.0,221000.0,34.5,27.77,7317.0,63.0,2.41,2.4,2.5119999999999996,2.698,3.066,0.186,0.246,3.946,1.298,4.35,14557.5,1725.9,2337.5318,4051968.06,1064354.25,207.053,1191.0,1295.0,,5.6,98.4,499292.0,14248.6,7.9,-48154.0,114.19736,14.613999999999999,2794.114,-0.59066,-0.7345,22027880.0,-779074.0,-146944.76565389,41.9,,2.8,,
2019-03-08,254.277,261.567,103.069,103.058,257.681,214.934,2.5,1.816,1.916,21111.6,20431.641,61939.0,102.8757,17.842,3.8,7.4,150295.0,216000.0,34.5,27.77,7317.0,63.0,2.41,2.4,2.508,2.678,3.052,0.17,0.21800000000000003,4.014,1.28,4.41,14557.5,1725.9,2337.5318,4051968.06,1064354.25,207.053,1191.0,1295.0,,5.6,98.4,499292.0,14248.6,7.9,-48154.0,115.06394,15.55,2769.182,-0.59599,-0.6081,22027880.0,-779074.0,-146944.76565389,41.9,,2.8,,
2019-03-15,254.277,261.567,103.069,103.058,257.681,214.934,2.5,1.8359999999999999,1.922,21111.6,20431.641,61939.0,102.8757,17.842,3.8,7.4,150295.0,218000.0,34.5,27.77,7317.0,63.0,2.41,2.4,2.4520000000000004,2.616,3.022,0.164,0.162,4.018,1.276,4.31,14557.5,1725.9,2337.5318,4051968.06,1064354.25,207.053,1191.0,1295.0,,5.6,98.4,499292.0,14248.6,7.9,-48154.0,114.86887999999999,13.578,2803.34,-0.59992,-0.7067,22027880.0,-779074.0,-146944.76565389,41.9,,2.8,,
2019-03-22,254.277,261.567,103.069,103.058,257.681,214.934,2.5,1.8539999999999999,1.9460000000000002,21111.6,20431.641,61939.0,102.8757,17.842,3.8,7.4,150295.0,212000.0,34.5,27.77,7317.0,63.0,2.41,2.404285714285714,2.406,2.5460000000000003,2.9699999999999998,0.13999999999999999,0.08,3.9560000000000004,1.254,4.28,14557.5,1725.9,2337.5318,4051968.06,1064354.25,207.053,1191.0,1295.0,,5.6,98.4,499292.0,14248.6,7.9,-48154.0,114.33496,14.136000000000001,2829.066,-0.60384,-0.7277,22027880.0,-779074.0,-146944.76565389,41.9,,2.8,,
2019-03-29,254.277,261.567,103.069,103.058,257.681,214.934,2.5,1.752,1.8579999999999999,21111.6,20431.641,61939.0,102.8757,17.842,3.8,7.4,150295.0,210000.0,34.5,27.77,7317.0,63.0,2.41,2.41,2.244,2.406,2.836,0.162,-0.032,4.076,1.25,4.06,14557.5,1725.9,2337.5318,4051968.06,1064354.25,207.053,1191.0,1295.0,,5.6,98.4,499292.0,14248.6,7.9,-48154.0,114.9156,14.86,2814.406,-0.60655,-0.4344,22027880.0,-779074.0,-146944.76565389,41.9,,2.8,,
2019-04-05,255.233,261.997,103.36,103.265,257.325,222.42,2.5,1.8080000000000003,1.902,21397.938,20602.275,62385.0,102.274,16.968,3.7,7.4,150591.0,203000.0,34.4,27.79,7272.0,62.8,2.42,2.415714285714286,2.3280000000000003,2.5,2.906,0.172,0.066,3.9333333333333336,1.2466666666666668,4.08,14594.7,1623.9,2329.449,4068537.58,1070714.69,207.505,1272.0,1322.0,,5.7,97.2,499343.0,14290.0,7.6,-49769.0,114.94338,13.38,2875.9919999999997,-0.61059,-0.8176,22023283.0,-779074.0,160304.50890986,41.9,,2.8,,
2019-04-12,255.233,261.997,103.36,103.265,257.325,222.42,2.5,1.8240000000000003,1.9300000000000002,21397.938,20602.275,62385.0,102.274,16.968,3.7,7.4,150591.0,196000.0,34.4,27.79,7272.0,62.8,2.42,2.41,2.354,2.516,2.932,0.162,0.086,3.806,1.206,4.12,14594.7,1623.9,2329.449,4068537.58,1070714.69,207.505,1272.0,1322.0,,5.7,97.2,499343.0,14290.0,7.6,-49769.0,114.52634,13.157999999999998,2891.582,-0.61383,-0.7876,22023283.0,-779074.0,160304.50890986,41.9,,2.8,,
2019-04-19,255.233,261.997,103.36,103.265,257.325,222.42,2.5,1.8525,1.9475,21397.938,20602.275,62385.0,102.274,16.968,3.7,7.4,150591.0,197000.0,34.4,27.79,7272.0,62.8,2.42,2.4185714285714286,2.3975,2.5774999999999997,2.975,0.18,0.1475,3.68,1.165,4.17,14594.7,1623.9,2329.449,4068537.58,1070714.69,207.505,1272.0,1322.0,,5.7,97.2,499343.0,14290.0,7.6,-49769.0,114.61794,12.2975,2904.5299999999997,-0.6158,-0.9023,22023283.0,-779074.0,160304.50890986,41.9,,2.8,,
2019-04-26,255.233,261.997,103.36,103.265,257.325,222.42,2.5,1.866,1.9620000000000002,21397.938,20602.275,62385.0,102.274,16.968,3.7,7.4,150591.0,222000.0,34.4,27.79,7272.0,62.8,2.42,2.44,2.334,2.5479999999999996,2.9539999999999997,0.21400000000000002,0.11199999999999999,3.7380000000000004,1.17,4.2,14594.7,1623.9,2329.449,4068537.58,1070714.69,207.505,1272.0,1322.0,,5.7,97.2,499343.0,14290.0,7.6,-49769.0,115.31869999999999,12.764,2926.9900000000002,-0.61484,-0.7486,22023283.0,-779074.0,160304.50890986,41.9,,2.8,,
2019-05-03,255.296,262.217,103.435,103.371,257.818,220.523,2.9,1.8240000000000003,1.9280000000000002,21397.938,20602.275,62385.0,102.392,17.967,3.6,7.1,150618.0,224000.0,34.4,27.88,7275.0,62.9,2.39,2.434285714285714,2.3120000000000003,2.532,2.936,0.22000000000000003,0.092,3.726,1.172,4.14,14704.4,1576.3,2334.1018,4083364.56,1073802.25,208.113,1293.0,1347.0,,6.5,100.0,504741.0,14353.3,7.3,-51047.0,115.33586,13.663999999999998,2935.15,-0.61148,-0.8011,22023283.0,-779074.0,-207768.39134666,41.9,,2.8,,
2019-05-10,255.296,262.217,103.435,103.371,257.818,220.523,2.9,1.7600000000000002,1.8760000000000001,21397.938,20602.275,62385.0,102.392,17.967,3.6,7.1,150618.0,225000.0,34.4,27.88,7275.0,62.9,2.39,2.392857142857143,2.282,2.474,2.884,0.192,0.042,3.9159999999999995,1.202,4.1,14704.4,1576.3,2334.1018,4083364.56,1073802.25,208.113,1293.0,1347.0,,6.5,100.0,504741.0,14353.3,7.3,-51047.0,115.57706,17.86,2889.612,-0.60473,-0.5011,22023283.0,-779074.0,-207768.39134666,41.9,,2.8,,
2019-05-17,255.296,262.217,103.435,103.371,257.818,220.523,2.9,1.736,1.8380000000000003,21397.938,20602.275,62385.0,102.392,17.967,3.6,7.1,150618.0,212000.0,34.4,27.88,7275.0,62.9,2.39,2.3857142857142857,2.188,2.396,2.834,0.20800000000000002,-0.01,4.1259999999999994,1.24,4.07,14704.4,1576.3,2334.1018,4083364.56,1073802.25,208.113,1293.0,1347.0,,6.5,100.0,504741.0,14353.3,7.3,-51047.0,116.03932,17.259999999999998,2846.618,-0.59658,-0.4684,22023283.0,-779074.0,-207768.39134666,41.9,,2.8,,
2019-05-24,255.296,262.217,103.435,103.371,257.818,220.523,2.9,1.67,1.784,21397.938,20602.275,62385.0,102.392,17.967,3.6,7.1,150618.0,215000.0,34.4,27.88,7275.0,62.9,2.39,2.3857142857142857,2.196,2.372,2.798,0.176,-0.003999999999999998,4.0920000000000005,1.256,4.06,14704.4,1576.3,2334.1018,4083364.56,1073802.25,208.113,1293.0,1347.0,,6.5,100.0,504741.0,14353.3,7.3,-51047.0,116.23098,15.756,2841.832,-0.58856,-0.5836,22023283.0,-779074.0,-207768.39134666,41.9,,2.8,,
2019-05-31,255.296,262.217,103.435,103.371,257.818,220.523,2.9,1.585,1.74,21397.938,20602.275,62385.0,102.392,17.967,3.6,7.1,150618.0,222000.0,34.4,27.88,7275.0,62.9,2.39,2.3871428571428575,2.055,2.2175000000000002,2.6550000000000002,0.1625,-0.15,4.3260000000000005,1.308,3.99,14704.4,1576.3,2334.1018,4083364.56,1073802.25,208.113,1293.0,1347.0,,6.5,100.0,504741.0,14353.3,7.3,-51047.0,116.499275,17.8525,2781.5825,-0.58064,-0.2698,22023283.0,-779074.0,-207768.39134666,41.9,,2.8,,
2019-06-07,255.213,262.739,103.484,103.56,257.952,214.926,2.7,1.586,1.738,21397.938,20602.275,62385.0,102.4375,17.781,3.6,7.2,150838.0,223000.0,34.4,27.97,7194.0,63.0,2.38,2.382857142857143,1.8519999999999999,2.104,2.59,0.252,-0.22800000000000004,4.5,1.346,3.82,14802.8,1601.3,2338.7658,4093992.14,1071552.07,208.567,1243.0,1299.0,,5.4,98.2,505251.0,14408.7,7.1,-48703.0,116.06226,16.830000000000002,2818.1400000000003,-0.57529,-0.3137,22023283.0,-779074.0,-8476.31845422,41.9,,2.8,,
2019-06-14,255.213,262.739,103.484,103.56,257.952,214.926,2.7,1.538,1.6939999999999997,21397.938,20602.275,62385.0,102.4375,17.781,3.6,7.2,150838.0,226000.0,34.4,27.97,7194.0,63.0,2.38,2.3685714285714288,1.876,2.1239999999999997,2.612,0.248,-0.11400000000000002,4.224,1.32,3.82,14802.8,1601.3,2338.7658,4093992.14,1071552.07,208.567,1243.0,1299.0,,5.4,98.2,505251.0,14408.7,7.1,-48703.0,115.57014,15.788,2886.182,-0.57313,-0.5512,22023283.0,-779074.0,-8476.31845422,41.9,,2.8,,
2019-06-21,255.213,262.739,103.484,103.56,257.952,214.926,2.7,1.53,1.6780000000000002,21397.938,20602.275,62385.0,102.4375,17.781,3.6,7.2,150838.0,217000.0,34.4,27.97,7194.0,63.0,2.38,2.37,1.7899999999999998,2.052,2.558,0.262,-0.124,4.102,1.29,3.84,14802.8,1601.3,2338.7658,4093992.14,1071552.07,208.567,1243.0,1299.0,,5.4,98.2,505251.0,14408.7,7.1,-48703.0,115.45586,14.996,2927.704,-0.57297,-0.4374,22023283.0,-779074.0,-8476.31845422,41.9,,2.5,,
2019-06-28,255.213,262.739,103.484,103.56,257.952,214.926,2.7,1.542,1.69,21397.938,20602.275,62385.0,102.4375,17.781,3.6,7.2,150838.0,234000.0,34.4,27.97,7194.0,63.0,2.38,2.382857142857143,1.738,2.016,2.538,0.278,-0.11600000000000002,4.0600000000000005,1.23,3.73,14802.8,1601.3,2338.7658,4093992.14,1071552.07,208.567,1243.0,1299.0,,5.4,98.2,505251.0,14408.7,7.1,-48703.0,114.62002,15.73,2928.638,-0.57525,-0.4334,22023283.0,-779074.0,-8476.31845422,41.9,,2.5,,
2019-07-05,255.802,263.28,103.622,103.678,258.059,216.696,2.6,1.5225,1.67,21717.171,20843.322,63022.0,101.9408,17.682,3.7,6.9,150937.0,226000.0,34.4,28.03,7042.0,63.1,2.4,2.404285714285714,1.7975,2.0025,2.5175,0.20500000000000002,-0.21,4.0200000000000005,1.2033333333333334,3.75,14886.8,1578.6,2345.4666,4117712.6,1082456.83,209.188,1240.0,1379.0,,6.1,98.4,509091.0,14496.0,6.8,-48436.0,114.8691,13.21,2980.8925,-0.5792,-0.6676,22719402.0,-779074.0,-119695.80619346,41.9,,2.5,,
2019-07-12,255.802,263.28,103.622,103.678,258.059,216.696,2.6,1.59,1.738,21717.171,20843.322,63022.0,101.9408,17.682,3.7,6.9,150937.0,215000.0,34.4,28.03,7042.0,63.1,2.4,2.4071428571428575,1.862,2.088,2.586,0.22600000000000003,-0.118,4.012,1.192,3.75,14886.8,1578.6,2345.4666,4117712.6,1082456.83,209.188,1240.0,1379.0,,6.1,98.4,509091.0,14496.0,6.8,-48436.0,114.96392,13.280000000000001,2992.466,-0.58114,-0.6096,22719402.0,-779074.0,-119695.80619346,41.9,,2.5,,
2019-07-19,255.802,263.28,103.622,103.678,258.059,216.696,2.6,1.608,1.782,21717.171,20843.322,63022.0,101.9408,17.682,3.7,6.9,150937.0,211000.0,34.4,28.03,7042.0,63.1,2.4,2.4,1.8199999999999998,2.074,2.588,0.254,-0.038,4.029999999999999,1.182,3.81,14886.8,1578.6,2345.4666,4117712.6,1082456.83,209.188,1240.0,1379.0,,6.1,98.4,509091.0,14496.0,6.8,-48436.0,114.86376,13.498,2994.8959999999997,-0.58098,-0.5064,22719402.0,-779074.0,-119695.80619346,41.9,,2.5,,
2019-07-26,255.802,263.28,103.622,103.678,258.059,216.696,2.6,1.592,1.794,21717.171,20843.322,63022.0,101.9408,17.682,3.7,6.9,150937.0,202000.0,34.4,28.03,7042.0,63.1,2.4,2.402857142857143,1.8359999999999999,2.068,2.592,0.23199999999999998,-0.026000000000000002,3.97,1.156,3.75,14886.8,1578.6,2345.4666,4117712.6,1082456.83,209.188,1240.0,1379.0,,6.1,98.4,509091.0,14496.0,6.8,-48436.0,115.2776,12.622,3007.918,-0.57767,-0.6268,22719402.0,-779074.0,-119695.80619346,41.9,,2.5,,
2019-08-02,256.036,263.877,103.67,103.797,258.288,213.847,2.7,1.526,1.734,21717.171,20843.322,63022.0,102.639,17.882,3.6,7.2,151169.0,206000.0,34.4,28.14,7178.0,63.1,2.13,2.3242857142857143,1.8079999999999998,1.98,2.506,0.172,-0.10200000000000001,4.024,1.154,3.75,14974.4,1586.8,2363.8488,4134319.33,1084000.01,210.01,1375.0,1482.0,,5.5,89.8,512561.0,14558.2,6.9,-48676.0,115.78810000000001,15.674000000000001,2980.028,-0.56993,-0.3973,22719402.0,-779074.0,-200344.34892913,41.9,,2.5,,
2019-08-09,256.036,263.877,103.67,103.797,258.288,213.847,2.7,1.408,1.6300000000000001,21717.171,20843.322,63022.0,102.639,17.882,3.6,7.2,151169.0,208000.0,34.4,28.14,7178.0,63.1,2.13,2.1285714285714286,1.6060000000000003,1.73,2.256,0.124,-0.298,4.426,1.256,3.6,14974.4,1586.8,2363.8488,4134319.33,1084000.01,210.01,1375.0,1482.0,,5.5,89.8,512561.0,14558.2,6.9,-48676.0,116.59801999999999,19.826,2893.446,-0.55906,0.1173,22719402.0,-779074.0,-200344.34892913,41.9,,2.5,,
2019-08-16,256.036,263.877,103.67,103.797,258.288,213.847,2.7,1.374,1.578,21717.171,20843.322,63022.0,102.639,17.882,3.6,7.2,151169.0,212000.0,34.4,28.14,7178.0,63.1,2.13,2.1228571428571428,1.556,1.598,2.062,0.042,-0.35,4.426,1.288,3.6,14974.4,1586.8,2363.8488,4134319.33,1084000.01,210.01,1375.0,1482.0,,5.5,89.8,512561.0,14558.2,6.9,-48676.0,116.97506000000001,20.072,2877.3900000000003,-0.54745,0.0561,22719402.0,-779074.0,-200344.34892913,41.9,,2.5,,
2019-08-23,256.036,263.877,103.67,103.797,258.288,213.847,2.7,1.348,1.544,21717.171,20843.322,63022.0,102.639,17.882,3.6,7.2,151169.0,207000.0,34.4,28.14,7178.0,63.1,2.13,2.1257142857142854,1.542,1.576,2.064,0.034,-0.388,4.266,1.266,3.55,14974.4,1586.8,2363.8488,4134319.33,1084000.01,210.01,1375.0,1482.0,,5.5,89.8,512561.0,14558.2,6.9,-48676.0,117.31886,17.346,2903.73,-0.53714,-0.2536,22719402.0,-779074.0,-200344.34892913,41.9,,2.5,,
2019-08-30,256.036,263.877,103.67,103.797,258.288,213.847,2.7,1.36,1.556,21717.171,20843.322,63022.0,102.639,17.882,3.6,7.2,151169.0,213000.0,34.4,28.14,7178.0,63.1,2.13,2.1214285714285714,1.52,1.5,1.9759999999999998,-0.02,-0.492,4.15,1.254,3.58,14974.4,1586.8,2363.8488,4134319.33,1084000.01,210.01,1375.0,1482.0,,5.5,89.8,512561.0,14558.2,6.9,-48676.0,117.9025,19.168,2897.304,-0.52765,-0.2302,22719402.0,-779074.0,-200344.34892913,41.9,,2.5,,
2019-09-06,256.43,264.388,103.733,103.873,258.865,213.015,2.8,1.3250000000000002,1.5275,21717.171,20843.322,63022.0,102.2917,17.72,3.5,6.9,151365.0,215000.0,34.4,28.16,7124.0,63.2,2.04,2.1285714285714286,1.495,1.5150000000000001,2.0,0.02,-0.455,4.14,1.2633333333333334,3.49,15047.0,1504.8,2370.4403,4146326.69,1084190.0,210.817,1311.0,1469.0,,5.4,93.2,509282.0,14590.6,7.0,-44400.0,117.64775,17.064999999999998,2949.69,-0.52069,-0.2991,22719402.0,-779074.0,82767.65846478,41.9,,2.5,,
2019-09-13,256.43,264.388,103.733,103.873,258.865,213.015,2.8,1.414,1.614,21717.171,20843.322,63022.0,102.2917,17.72,3.5,6.9,151365.0,207000.0,34.4,28.16,7124.0,63.2,2.04,2.1285714285714286,1.688,1.7579999999999998,2.222,0.07,-0.198,3.8980000000000006,1.234,3.56,15047.0,1504.8,2370.4403,4146326.69,1084190.0,210.817,1311.0,1469.0,,5.4,93.2,509282.0,14590.6,7.0,-44400.0,117.0133,14.607999999999999,2995.142,-0.51526,-0.5683,22719402.0,-779074.0,82767.65846478,41.9,,2.5,,
2019-09-20,256.43,264.388,103.733,103.873,258.865,213.015,2.8,1.434,1.6280000000000001,21717.171,20843.322,63022.0,102.2917,17.72,3.5,6.9,151365.0,205000.0,34.4,28.16,7124.0,63.2,2.04,2.1257142857142854,1.732,1.796,2.244,0.064,-0.158,3.8019999999999996,1.2,3.73,15047.0,1504.8,2370.4403,4146326.69,1084190.0,210.817,1311.0,1469.0,,5.4,93.2,509282.0,14590.6,7.0,-44400.0,117.05046,14.486,3001.85,-0.5113,-0.3502,22719402.0,-779074.0,82767.65846478,41.9,,2.5,,
2019-09-27,256.43,264.388,103.733,103.873,258.865,213.015,2.8,1.396,1.578,21717.171,20843.322,63022.0,102.2917,17.72,3.5,6.9,151365.0,211000.0,34.4,28.16,7124.0,63.2,2.04,1.8828571428571428,1.65,1.6960000000000002,2.1420000000000003,0.046,-0.18,3.918,1.2,3.64,15047.0,1504.8,2370.4403,4146326.69,1084190.0,210.817,1311.0,1469.0,,5.4,93.2,509282.0,14590.6,7.0,-44400.0,117.52449999999999,16.242,2976.532,-0.51141,-0.0652,22719402.0,-779074.0,82767.65846478,41.9,,2.5,,
2019-10-04,257.155,264.97,103.917,104.028,259.434,215.268,2.5,1.298,1.506,21933.217,20985.448,63360.0,101.4281,17.049,3.6,6.9,151460.0,215000.0,34.4,28.24,7289.0,63.3,1.83,1.8485714285714285,1.492,1.598,2.074,0.10600000000000001,-0.182,4.232,1.242,3.65,15184.1,1547.1,2370.4462,4163620.6,1087314.72,211.72,1325.0,1523.0,,5.3,95.5,510648.0,14617.4,7.1,-41305.0,117.81246000000002,18.304,2933.448,-0.51515,0.2051,23201380.0,-983588.0,-134467.56493381,41.9,,2.5,,
2019-10-11,257.155,264.97,103.917,104.028,259.434,215.268,2.5,1.278,1.512,21933.217,20985.448,63360.0,101.4281,17.049,3.6,6.9,151460.0,209000.0,34.4,28.24,7289.0,63.3,1.83,1.82,1.502,1.624,2.1100000000000003,0.122,-0.08,4.276,1.246,3.57,15184.1,1547.1,2370.4462,4163620.6,1087314.72,211.72,1325.0,1523.0,,5.3,95.5,510648.0,14617.4,7.1,-41305.0,117.4163,17.986,2931.93,-0.52363,-0.0443,23201380.0,-983588.0,-134467.56493381,41.9,,2.5,,
2019-10-18,257.155,264.97,103.917,104.028,259.434,215.268,2.5,1.4300000000000002,1.58,21933.217,20985.448,63360.0,101.4281,17.049,3.6,6.9,151460.0,215000.0,34.4,28.24,7289.0,63.3,1.83,1.8514285714285716,1.5925,1.76,2.2375,0.1675,0.0975,4.023999999999999,1.198,3.69,15184.1,1547.1,2370.4462,4163620.6,1087314.72,211.72,1325.0,1523.0,,5.3,95.5,510648.0,14617.4,7.1,-41305.0,116.462375,13.966,2987.134,-0.53605,-0.3209,23201380.0,-983588.0,-134467.56493381,41.9,,2.5,,
2019-10-25,257.155,264.97,103.917,104.028,259.434,215.268,2.5,1.53,1.6199999999999999,21933.217,20985.448,63360.0,101.4281,17.049,3.6,6.9,151460.0,210000.0,34.4,28.24,7289.0,63.3,1.83,1.8471428571428572,1.6019999999999999,1.784,2.268,0.182,0.124,3.96,1.16,3.75,15184.1,1547.1,2370.4462,4163620.6,1087314.72,211.72,1325.0,1523.0,,5.3,95.5,510648.0,14617.4,7.1,-41305.0,116.05850000000001,13.766,3008.014,-0.54986,-0.322,23201380.0,-983588.0,-134467.56493381,41.9,,2.5,,
2019-11-01,257.879,265.548,104.024,104.092,260.048,217.488,2.5,1.49,1.59,21933.217,20985.448,63360.0,101.9372,17.549,3.6,6.8,151667.0,215000.0,34.3,28.34,6888.0,63.3,1.55,1.7542857142857144,1.5939999999999999,1.778,2.2619999999999996,0.184,0.186,3.982,1.146,3.78,15296.0,1595.2,2368.866,4164684.83,1077376.27,212.76,1353.0,1535.0,,5.4,96.8,514215.0,14711.0,6.9,-38786.0,115.96184000000001,12.831999999999999,3045.5099999999998,-0.56183,-0.2364,23201380.0,-983588.0,-208838.29445674,41.9,,2.5,,
2019-11-08,257.879,265.548,104.024,104.092,260.048,217.488,2.5,1.59,1.6759999999999997,21933.217,20985.448,63360.0,101.9372,17.549,3.6,6.8,151667.0,214000.0,34.3,28.34,6888.0,63.3,1.55,1.5585714285714285,1.64,1.864,2.348,0.22400000000000003,0.312,3.9880000000000004,1.126,3.69,15296.0,1595.2,2368.866,4164684.83,1077376.27,212.76,1353.0,1535.0,,5.4,96.8,514215.0,14711.0,6.9,-38786.0,116.10747999999998,12.67,3081.5860000000002,-0.57126,-0.2639,23201380.0,-983588.0,-208838.29445674,41.9,,2.5,,
2019-11-15,257.879,265.548,104.024,104.092,260.048,217.488,2.5,1.56,1.6524999999999999,21933.217,20985.448,63360.0,101.9372,17.549,3.6,6.8,151667.0,227000.0,34.3,28.34,6888.0,63.3,1.55,1.55,1.62,1.865,2.3425000000000002,0.245,0.29000000000000004,4.036,1.1179999999999999,3.75,15296.0,1595.2,2368.866,4164684.83,1077376.27,212.76,1353.0,1535.0,,5.4,96.8,514215.0,14711.0,6.9,-38786.0,116.666425,12.693999999999999,3097.996,-0.57619,-0.2813,23201380.0,-983588.0,-208838.29445674,41.9,,2.5,,
2019-11-22,257.879,265.548,104.024,104.092,260.048,217.488,2.5,1.528,1.6219999999999999,21933.217,20985.448,63360.0,101.9372,17.549,3.6,6.8,151667.0,229000.0,34.3,28.34,6888.0,63.3,1.55,1.55,1.594,1.7740000000000002,2.244,0.18,0.2,4.138,1.128,3.66,15296.0,1595.2,2368.866,4164684.83,1077376.27,212.76,1353.0,1535.0,,5.4,96.8,514215.0,14711.0,6.9,-38786.0,116.67736,12.714,3112.9,-0.57594,-0.2187,23201380.0,-983588.0,-208838.29445674,41.9,,2.5,,
2019-11-29,257.879,265.548,104.024,104.092,260.048,217.488,2.5,1.5225,1.62,21933.217,20985.448,63360.0,101.9372,17.549,3.6,6.8,151667.0,221000.0,34.3,28.34,6888.0,63.3,1.55,1.5514285714285714,1.6075,1.7625,2.1975,0.155,0.1575,4.0325,1.1150000000000002,3.68,15296.0,1595.2,2368.866,4164684.83,1077376.27,212.76,1353.0,1535.0,,5.4,96.8,514215.0,14711.0,6.9,-38786.0,117.0772,11.945,3142.1925,-0.57076,-0.3827,23201380.0,-983588.0,-208838.29445674,41.9,,2.5,,
2019-12-06,258.63,266.02,104.307,104.322,260.483,221.18,2.3,1.546,1.6599999999999997,21933.217,20985.448,63360.0,101.7003,17.491,3.6,6.8,151794.0,231000.0,34.3,28.38,6699.0,63.3,1.55,1.5542857142857145,1.582,1.7920000000000003,2.2399999999999998,0.21000000000000002,0.23399999999999999,4.016666666666667,1.1083333333333334,3.68,15347.5,1698.3,2357.6035,4192191.39,1091988.88,213.922,1548.0,1443.0,,5.5,99.3,515866.0,14774.8,6.2,-43639.0,116.69368,14.762,3116.634,-0.56164,-0.2546,23201380.0,-983588.0,-13272.55731642,41.9,,2.5,,
2019-12-13,258.63,266.02,104.307,104.322,260.483,221.18,2.3,1.6039999999999999,1.702,21933.217,20985.448,63360.0,101.7003,17.491,3.6,6.8,151794.0,247000.0,34.3,28.38,6699.0,63.3,1.55,1.55,1.6320000000000001,1.8379999999999999,2.268,0.20600000000000002,0.278,3.7920000000000003,1.066,3.73,15347.5,1698.3,2357.6035,4192191.39,1091988.88,213.922,1548.0,1443.0,,5.5,99.3,515866.0,14774.8,6.2,-43639.0,116.06022,14.62,3149.496,-0.55401,-0.4438,23201380.0,-983588.0,-13272.55731642,41.9,,2.5,,
2019-12-20,258.63,266.02,104.307,104.322,260.483,221.18,2.3,1.6640000000000001,1.7559999999999998,21933.217,20985.448,63360.0,101.7003,17.491,3.6,6.8,151794.0,236000.0,34.3,28.38,6699.0,63.3,1.55,1.5514285714285714,1.6320000000000001,1.908,2.33,0.27599999999999997,0.33999999999999997,3.556,1.022,3.73,15347.5,1698.3,2357.6035,4192191.39,1091988.88,213.922,1548.0,1443.0,,5.5,99.3,515866.0,14774.8,6.2,-43639.0,115.62614,12.404,3200.3399999999997,-0.54999,-0.5439,23201380.0,-983588.0,-13272.55731642,41.9,,2.5,,
2019-12-27,258.63,266.02,104.307,104.322,260.483,221.18,2.3,1.66,1.7425,21933.217,20985.448,63360.0,101.7003,17.491,3.6,6.8,151794.0,230000.0,34.3,28.38,6699.0,63.3,1.55,1.55,1.6225,1.9024999999999999,2.3325,0.28,0.3225,3.535,1.0025,3.74,15347.5,1698.3,2357.6035,4192191.39,1091988.88,213.922,1548.0,1443.0,,5.5,99.3,515866.0,14774.8,6.2,-43639.0,115.5533,12.84,3231.83,-0.55471,-0.3571,23201380.0,-983588.0,-13272.55731642,41.9,,2.5,,
2020-01-03,259.127,266.716,104.49,104.507,261.293,220.147,2.5,1.6875,1.7725,21751.238,20709.212,62463.0,101.0338,16.85,3.6,7.0,152031.0,231000.0,34.3,28.43,7124.0,63.3,1.55,1.55,1.5675000000000001,1.875,2.33,0.3075,0.33,3.5925000000000002,1.0125,3.72,15427.1,1715.2,2353.8701,4171798.04,1076357.79,215.004,1581.0,1495.0,,5.7,99.8,515119.0,14868.3,6.8,-43562.0,114.898325,13.7725,3236.1925,-0.56788,-0.3706,23223813.0,-983588.0,-32593.28000764,40.0,,2.5,,
2020-01-10,259.127,266.716,104.49,104.507,261.293,220.147,2.5,1.6759999999999997,1.748,21751.238,20709.212,62463.0,101.0338,16.85,3.6,7.0,152031.0,224000.0,34.3,28.43,7124.0,63.3,1.55,1.5485714285714285,1.56,1.8380000000000003,2.32,0.278,0.294,3.5159999999999996,1.026,3.64,15427.1,1715.2,2353.8701,4171798.04,1076357.79,215.004,1581.0,1495.0,,5.7,99.8,515119.0,14868.3,6.8,-43562.0,115.10740000000001,13.238,3255.312,-0.58786,-0.4812,23223813.0,-983588.0,-32593.28000764,40.0,,2.5,,
2020-01-17,259.127,266.716,104.49,104.507,261.293,220.147,2.5,1.686,1.7559999999999998,21751.238,20709.212,62463.0,101.0338,16.85,3.6,7.0,152031.0,207000.0,34.3,28.43,7124.0,63.3,1.55,1.5414285714285716,1.576,1.8219999999999998,2.27,0.246,0.258,3.436,1.01,3.65,15427.1,1715.2,2353.8701,4171798.04,1076357.79,215.004,1581.0,1495.0,,5.7,99.8,515119.0,14868.3,6.8,-43562.0,115.01541999999999,12.309999999999999,3301.4,-0.60927,-0.6538,23223813.0,-983588.0,-32593.28000764,40.0,,2.5,,
2020-01-24,259.127,266.716,104.49,104.507,261.293,220.147,2.5,1.64,1.71,21751.238,20709.212,62463.0,101.0338,16.85,3.6,7.0,152031.0,221000.0,34.3,28.43,7124.0,63.3,1.55,1.55,1.5150000000000001,1.7475,2.1925,0.23249999999999998,0.1975,3.5200000000000005,0.9960000000000001,3.6,15427.1,1715.2,2353.8701,4171798.04,1076357.79,215.004,1581.0,1495.0,,5.7,99.8,515119.0,14868.3,6.8,-43562.0,115.38125,13.325,3315.8875,-0.62277,-0.5183,23223813.0,-983588.0,-32593.28000764,40.0,,2.5,,
2020-01-31,259.127,266.716,104.49,104.507,261.293,220.147,2.5,1.584,1.642,21751.238,20709.212,62463.0,101.0338,16.85,3.6,7.0,152031.0,210000.0,34.3,28.43,7124.0,63.3,1.55,1.562857142857143,1.41,1.588,2.0460000000000003,0.178,0.028000000000000004,3.9400000000000004,1.054,3.51,15427.1,1715.2,2353.8701,4171798.04,1076357.79,215.004,1581.0,1495.0,,5.7,99.8,515119.0,14868.3,6.8,-43562.0,115.75336,17.046,3260.4900000000002,-0.6208,-0.2135,23223813.0,-983588.0,-32593.28000764,40.0,,2.5,,
2020-02-07,259.25,267.37,104.573,104.711,261.962,214.294,2.4,1.594,1.652,21751.238,20709.212,62463.0,101.3735,17.13,3.5,7.0,152293.0,207000.0,34.3,28.54,6966.0,63.3,1.58,1.5885714285714287,1.412,1.61,2.0780000000000003,0.198,0.042,3.804,1.052,3.45,15493.4,1726.9,2350.6023,4185445.34,1081958.19,215.852,1549.0,1455.0,,5.6,101.0,515330.0,14828.1,7.5,-39931.0,116.14313999999999,15.919999999999998,3310.9380000000006,-0.59528,-0.5776,23223813.0,-983588.0,-235335.21387457,40.0,,2.5,,
2020-02-14,259.25,267.37,104.573,104.711,261.962,214.294,2.4,1.6300000000000001,1.6599999999999997,21751.238,20709.212,62463.0,101.3735,17.13,3.5,7.0,152293.0,202000.0,34.3,28.54,6966.0,63.3,1.58,1.58,1.416,1.594,2.056,0.178,0.014000000000000002,3.624,1.028,3.47,15493.4,1726.9,2350.6023,4185445.34,1081958.19,215.852,1549.0,1455.0,,5.6,101.0,515330.0,14828.1,7.5,-39931.0,116.40624,14.357999999999999,3368.678,-0.53571,-0.69,23223813.0,-983588.0,-235335.21387457,40.0,,2.5,,
2020-02-21,259.25,267.37,104.573,104.711,261.962,214.294,2.4,1.63,1.635,21751.238,20709.212,62463.0,101.3735,17.13,3.5,7.0,152293.0,209000.0,34.3,28.54,6966.0,63.3,1.58,1.5842857142857143,1.39,1.5225,1.97,0.1325,-0.052500000000000005,3.604,1.03,3.49,15493.4,1726.9,2350.6023,4185445.34,1081958.19,215.852,1549.0,1455.0,,5.6,101.0,515330.0,14828.1,7.5,-39931.0,116.919875,15.4625,3366.855,-0.43562,-0.5539,23223813.0,-983588.0,-235335.21387457,40.0,,2.5,,
2020-02-28,259.25,267.37,104.573,104.711,261.962,214.294,2.4,1.48,1.52,21751.238,20709.212,62463.0,101.3735,17.13,3.5,7.0,152293.0,218000.0,34.3,28.54,6966.0,63.3,1.58,1.58,1.1179999999999999,1.294,1.778,0.176,-0.168,4.428,1.1800000000000002,3.45,15493.4,1726.9,2350.6023,4185445.34,1081958.19,215.852,1549.0,1455.0,,5.6,101.0,515330.0,14828.1,7.5,-39931.0,117.41478,31.941999999999997,3080.694,-0.29647,0.5975,23223813.0,-983588.0,-235335.21387457,40.0,,2.5,,
2020-03-06,258.076,267.054,104.271,104.632,262.622,201.681,2.2,1.284,1.406,21751.238,20709.212,62463.0,97.4078,11.825,4.4,8.8,150895.0,215000.0,34.1,28.73,5894.0,62.6,0.65,1.372857142857143,0.6599999999999999,0.96,1.5559999999999998,0.3,0.186,5.051666666666667,1.3516666666666666,3.29,16033.0,2099.4,2564.3082,4171393.21,1064082.5,216.404,1266.0,1346.0,,6.4,89.1,468324.0,13812.8,12.4,-42374.0,116.71822,36.757999999999996,3044.006,-0.1345,1.2537,23223813.0,-983588.0,-119125.16471802,40.0,,2.5,,
2020-03-13,258.076,267.054,104.271,104.632,262.622,201.681,2.2,0.6839999999999999,0.954,21751.238,20709.212,62463.0,97.4078,11.825,4.4,8.8,150895.0,208000.0,34.1,28.73,5894.0,62.6,0.65,1.092857142857143,0.47400000000000003,0.788,1.324,0.314,0.42800000000000005,6.88,2.044,3.36,16033.0,2099.4,2564.3082,4171393.21,1064082.5,216.404,1266.0,1346.0,,6.4,89.1,468324.0,13812.8,12.4,-42374.0,118.85347999999999,57.791999999999994,2712.366,0.0326,3.3351,23223813.0,-983588.0,-119125.16471802,40.0,,2.5,,
2020-03-20,258.076,267.054,104.271,104.632,262.622,201.681,2.2,0.21400000000000002,0.648,21751.238,20709.212,62463.0,97.4078,11.825,4.4,8.8,150895.0,273000.0,34.1,28.73,5894.0,62.6,0.65,0.4714285714285715,0.43600000000000005,0.994,1.614,0.558,0.8859999999999999,9.148,3.136,3.65,16033.0,2099.4,2564.3082,4171393.21,1064082.5,216.404,1266.0,1346.0,,6.4,89.1,468324.0,13812.8,12.4,-42374.0,123.5148,74.61800000000001,2405.546,0.17872,5.4035,23223813.0,-983588.0,-119125.16471802,40.0,,2.5,,
2020-03-27,258.076,267.054,104.271,104.632,262.622,201.681,2.2,0.5740000000000001,0.97,21751.238,20709.212,62463.0,97.4078,11.825,4.4,8.8,150895.0,2914000.0,34.1,28.73,5894.0,62.6,0.65,0.12428571428571429,0.31,0.806,1.376,0.496,0.7939999999999999,9.962,3.588,3.5,16033.0,2099.4,2564.3082,4171393.21,1064082.5,216.404,1266.0,1346.0,,6.4,89.1,468324.0,13812.8,12.4,-42374.0,124.24988,62.75,2466.366,0.27167,5.0694,23223813.0,-983588.0,-119125.16471802,40.0,,2.5,,
2020-04-03,256.032,265.746,103.838,104.293,266.37,182.586,2.1,0.626,0.968,19958.291,19077.992,57504.0,84.5619,8.919,14.8,22.9,130426.0,5946000.0,34.2,30.04,4606.0,60.1,0.05,0.07571428571428572,0.23000000000000004,0.654,1.286,0.42400000000000004,0.5519999999999999,9.059999999999999,3.0780000000000003,3.33,17065.3,2953.6,2920.8995,4106902.98,1006627.91,216.813,936.0,1076.0,,6.8,71.8,401028.0,12249.2,31.8,-51888.0,123.5237,53.077999999999996,2539.458,0.31003,2.6125,26477241.0,-983588.0,-737850.62107965,40.0,,2.5,,
2020-04-10,256.032,265.746,103.838,104.293,266.37,182.586,2.1,0.87,1.1824999999999999,19958.291,19077.992,57504.0,84.5619,8.919,14.8,22.9,130426.0,6137000.0,34.2,30.04,4606.0,60.1,0.05,0.05,0.2625,0.73,1.3275000000000001,0.4675,0.54,8.727500000000001,2.8475,3.33,17065.3,2953.6,2920.8995,4106902.98,1006627.91,216.813,936.0,1076.0,,6.8,71.8,401028.0,12249.2,31.8,-51888.0,123.02248,44.24,2715.7225,0.29633,2.0904,26477241.0,-983588.0,-737850.62107965,40.0,,2.5,,
2020-04-17,256.032,265.746,103.838,104.293,266.37,182.586,2.1,0.8240000000000001,1.1560000000000001,19958.291,19077.992,57504.0,84.5619,8.919,14.8,22.9,130426.0,4869000.0,34.2,30.04,4606.0,60.1,0.05,0.05,0.21600000000000003,0.682,1.31,0.466,0.51,7.516,2.378,3.31,17065.3,2953.6,2920.8995,4106902.98,1006627.91,216.813,936.0,1076.0,,6.8,71.8,401028.0,12249.2,31.8,-51888.0,122.80801999999998,39.606,2813.032,0.24066,1.3838,26477241.0,-983588.0,-737850.62107965,40.0,,2.5,,
2020-04-24,256.032,265.746,103.838,104.293,266.37,182.586,2.1,0.6439999999999999,1.024,19958.291,19077.992,57504.0,84.5619,8.919,14.8,22.9,130426.0,4201000.0,34.2,30.04,4606.0,60.1,0.05,0.04857142857142858,0.21200000000000002,0.61,1.194,0.398,0.49399999999999994,7.8340000000000005,2.376,3.33,17065.3,2953.6,2920.8995,4106902.98,1006627.91,216.813,936.0,1076.0,,6.8,71.8,401028.0,12249.2,31.8,-51888.0,123.77124,41.706,2798.714,0.16187,2.0249,26477241.0,-983588.0,-737850.62107965,40.0,,2.5,,
2020-05-01,255.802,265.412,103.942,104.402,268.086,180.04,3.2,0.744,1.116,19958.291,19077.992,57504.0,85.9604,12.543,13.2,21.1,133040.0,3446000.0,34.7,29.72,5612.0,60.8,0.05,0.045714285714285714,0.20800000000000002,0.64,1.248,0.43200000000000005,0.532,7.845999999999999,2.268,3.23,17932.9,3217.6,3035.7977,4090245.93,981248.2,216.942,1039.0,1250.0,,5.3,72.3,478449.0,13281.5,22.6,-53995.0,123.1016,33.886,2884.904,0.06449,0.9075,26477241.0,-983588.0,-398821.41365968,40.0,,2.5,,
2020-05-08,255.802,265.412,103.942,104.402,268.086,180.04,3.2,0.71,1.094,19958.291,19077.992,57504.0,85.9604,12.543,13.2,21.1,133040.0,2796000.0,34.7,29.72,5612.0,60.8,0.05,0.05,0.168,0.6679999999999999,1.3439999999999999,0.5,0.546,7.622,2.198,3.26,17932.9,3217.6,3035.7977,4090245.93,981248.2,216.942,1039.0,1250.0,,5.3,72.3,478449.0,13281.5,22.6,-53995.0,123.05729999999998,32.624,2874.118,-0.03503,0.6498,26477241.0,-983588.0,-398821.41365968,40.0,,2.5,,
2020-05-15,255.802,265.412,103.942,104.402,268.086,180.04,3.2,0.728,1.088,19958.291,19077.992,57504.0,85.9604,12.543,13.2,21.1,133040.0,2335000.0,34.7,29.72,5612.0,60.8,0.05,0.05,0.164,0.666,1.356,0.502,0.542,7.618,2.214,3.28,17932.9,3217.6,3035.7977,4090245.93,981248.2,216.942,1039.0,1250.0,,5.3,72.3,478449.0,13281.5,22.6,-53995.0,123.41506,32.077999999999996,2867.328,-0.12536,0.6533,26477241.0,-983588.0,-398821.41365968,40.0,,2.5,,
2020-05-22,255.802,265.412,103.942,104.402,268.086,180.04,3.2,0.82,1.1480000000000001,19958.291,19077.992,57504.0,85.9604,12.543,13.2,21.1,133040.0,2176000.0,34.7,29.72,5612.0,60.8,0.05,0.05,0.17,0.6900000000000001,1.408,0.52,0.5660000000000001,7.212000000000001,2.028,3.24,17932.9,3217.6,3035.7977,4090245.93,981248.2,216.942,1039.0,1250.0,,5.3,72.3,478449.0,13281.5,22.6,-53995.0,122.3751,29.101999999999997,2950.484,-0.20514,0.1584,26477241.0,-983588.0,-398821.41365968,40.0,,2.5,,
2020-05-29,255.802,265.412,103.942,104.402,268.086,180.04,3.2,0.8325,1.15,19958.291,19077.992,57504.0,85.9604,12.543,13.2,21.1,133040.0,1921000.0,34.7,29.72,5612.0,60.8,0.05,0.05,0.175,0.6799999999999999,1.4375,0.505,0.535,6.764,1.9,3.15,17932.9,3217.6,3035.7977,4090245.93,981248.2,216.942,1039.0,1250.0,,5.3,72.3,478449.0,13281.5,22.6,-53995.0,121.228425,27.9325,3025.485,-0.26864,-0.0803,26477241.0,-983588.0,-398821.41365968,40.0,,2.5,,
2020-06-05,257.042,265.849,104.27,104.565,269.553,188.734,3.0,0.8779999999999999,1.212,19958.291,19077.992,57504.0,91.5934,13.532,11.0,18.0,137671.0,1639000.0,34.6,29.38,6129.0,61.5,0.08,0.05714285714285715,0.182,0.768,1.558,0.586,0.618,6.046666666666667,1.7616666666666667,3.18,18184.3,3043.6,2925.2981,4102329.81,973899.96,217.488,1266.0,1334.0,,4.0,78.1,518038.0,14049.2,18.3,-49161.0,119.46495999999999,26.212,3113.1400000000003,-0.31526,-0.3645,26477241.0,-983588.0,-864074.06849171,40.0,,2.5,,
2020-06-12,257.042,265.849,104.27,104.565,269.553,188.734,3.0,0.9719999999999999,1.246,19958.291,19077.992,57504.0,91.5934,13.532,11.0,18.0,137671.0,1575000.0,34.6,29.38,6129.0,61.5,0.08,0.07428571428571429,0.194,0.768,1.526,0.5740000000000001,0.596,5.9719999999999995,1.6300000000000001,3.21,18184.3,3043.6,2925.2981,4102329.81,973899.96,217.488,1266.0,1334.0,,4.0,78.1,518038.0,14049.2,18.3,-49161.0,118.93474,31.565999999999995,3134.624,-0.3452,0.0371,26477241.0,-983588.0,-864074.06849171,40.0,,2.5,,
2020-06-19,257.042,265.849,104.27,104.565,269.553,188.734,3.0,1.038,1.268,19958.291,19077.992,57504.0,91.5934,13.532,11.0,18.0,137671.0,1473000.0,34.6,29.38,6129.0,61.5,0.08,0.08714285714285715,0.194,0.722,1.49,0.528,0.556,5.982,1.6,3.13,18184.3,3043.6,2925.2981,4102329.81,973899.96,217.488,1266.0,1334.0,,4.0,78.1,518038.0,14049.2,18.3,-49161.0,119.97346,33.92,3103.58,-0.36781,0.2577,26477241.0,-983588.0,-864074.06849171,40.0,,2.5,,
2020-06-26,257.042,265.849,104.27,104.565,269.553,188.734,3.0,1.114,1.34,19958.291,19077.992,57504.0,91.5934,13.532,11.0,18.0,137671.0,1467000.0,34.6,29.38,6129.0,61.5,0.08,0.08285714285714285,0.18,0.688,1.438,0.508,0.534,6.198,1.592,3.13,18184.3,3043.6,2925.2981,4102329.81,973899.96,217.488,1266.0,1334.0,,4.0,78.1,518038.0,14049.2,18.3,-49161.0,119.97776000000002,32.786,3078.458,-0.38597,0.2953,26477241.0,-983588.0,-864074.06849171,40.0,,2.5,,
2020-07-03,258.352,267.389,104.578,104.937,268.532,191.966,3.0,1.17,1.365,21704.437,20558.879,61936.0,95.0256,15.182,10.2,16.5,139255.0,1446000.0,34.6,29.39,6530.0,61.5,0.09,0.08285714285714285,0.1625,0.6675,1.415,0.505,0.5225,6.326,1.576,3.07,18335.4,2718.5,2856.1301,4118158.78,971278.7,219.205,1526.0,1546.0,,3.5,72.5,526304.0,14307.2,17.9,-58882.0,120.26675,29.6275,3099.85,-0.40305,0.2023,26945391.0,-983588.0,-62991.72639454,40.0,,2.5,,
2020-07-10,258.352,267.389,104.578,104.937,268.532,191.966,3.0,1.252,1.42,21704.437,20558.879,61936.0,95.0256,15.182,10.2,16.5,139255.0,1413000.0,34.6,29.39,6530.0,61.5,0.09,0.09,0.16,0.656,1.374,0.496,0.514,6.082,1.514,3.03,18335.4,2718.5,2856.1301,4118158.78,971278.7,219.205,1526.0,1546.0,,3.5,72.5,526304.0,14307.2,17.9,-58882.0,119.45464,28.4,3166.4139999999998,-0.42153,-0.0957,26945391.0,-983588.0,-62991.72639454,40.0,,2.5,,
2020-07-17,258.352,267.389,104.578,104.937,268.532,191.966,3.0,1.294,1.422,21704.437,20558.879,61936.0,95.0256,15.182,10.2,16.5,139255.0,1468000.0,34.6,29.39,6530.0,61.5,0.09,0.09285714285714286,0.152,0.634,1.32,0.48200000000000004,0.5,5.87,1.482,2.98,18335.4,2718.5,2856.1301,4118158.78,971278.7,219.205,1526.0,1546.0,,3.5,72.5,526304.0,14307.2,17.9,-58882.0,119.13276,28.630000000000003,3203.92,-0.4403,-0.1305,26945391.0,-983588.0,-62991.72639454,40.0,,2.5,,
2020-07-24,258.352,267.389,104.578,104.937,268.532,191.966,3.0,1.3780000000000001,1.484,21704.437,20558.879,61936.0,95.0256,15.182,10.2,16.5,139255.0,1393000.0,34.6,29.39,6530.0,61.5,0.09,0.09285714285714286,0.148,0.602,1.278,0.454,0.4779999999999999,5.34,1.404,3.01,18335.4,2718.5,2856.1301,4118158.78,971278.7,219.205,1526.0,1546.0,,3.5,72.5,526304.0,14307.2,17.9,-58882.0,118.35607999999999,25.107999999999997,3247.29,-0.45931,-0.4162,26945391.0,-983588.0,-62991.72639454,40.0,,2.5,,
2020-07-31,258.352,267.389,104.578,104.937,268.532,191.966,3.0,1.378,1.526,21704.437,20558.879,61936.0,95.0256,15.182,10.2,16.5,139255.0,1260000.0,34.6,29.39,6530.0,61.5,0.09,0.09714285714285716,0.126,0.5780000000000001,1.222,0.45199999999999996,0.476,5.192,1.402,2.99,18335.4,2718.5,2856.1301,4118158.78,971278.7,219.205,1526.0,1546.0,,3.5,72.5,526304.0,14307.2,17.9,-58882.0,117.30547999999999,24.7,3246.7259999999997,-0.47678,-0.2497,26945391.0,-983588.0,-62991.72639454,40.0,,2.5,,
2020-08-07,259.316,268.422,104.87,105.243,268.957,193.307,3.1,1.492,1.6,21704.437,20558.879,61936.0,95.9549,16.09,8.4,14.2,140821.0,1044000.0,34.7,29.49,6429.0,61.7,0.1,0.1,0.11400000000000002,0.55,1.214,0.43600000000000005,0.45199999999999996,5.074,1.376,2.88,18411.2,2799.7,2815.0439,4113990.24,961509.24,222.261,1396.0,1533.0,,3.4,74.1,530735.0,14462.2,13.9,-61843.0,117.42608,23.178,3325.8660000000004,-0.49049,-0.3675,26945391.0,-983588.0,-200095.01510766,40.0,,2.5,,
2020-08-14,259.316,268.422,104.87,105.243,268.957,193.307,3.1,1.528,1.6460000000000001,21704.437,20558.879,61936.0,95.9549,16.09,8.4,14.2,140821.0,884000.0,34.7,29.49,6429.0,61.7,0.1,0.1,0.152,0.6679999999999999,1.362,0.516,0.562,5.128,1.338,2.96,18411.2,2799.7,2815.0439,4113990.24,961509.24,222.261,1396.0,1533.0,,3.4,74.1,530735.0,14462.2,13.9,-61843.0,117.25498,22.524,3364.1580000000004,-0.50075,-0.4371,26945391.0,-983588.0,-200095.01510766,40.0,,2.5,,
2020-08-21,259.316,268.422,104.87,105.243,268.957,193.307,3.1,1.528,1.654,21704.437,20558.879,61936.0,95.9549,16.09,8.4,14.2,140821.0,927000.0,34.7,29.49,6429.0,61.7,0.1,0.09428571428571429,0.14200000000000002,0.666,1.396,0.524,0.564,5.266,1.372,2.99,18411.2,2799.7,2815.0439,4113990.24,961509.24,222.261,1396.0,1533.0,,3.4,74.1,530735.0,14462.2,13.9,-61843.0,116.74902,22.131999999999998,3385.858,-0.50689,-0.2209,26945391.0,-983588.0,-200095.01510766,40.0,,2.5,,
2020-08-28,259.316,268.422,104.87,105.243,268.957,193.307,3.1,1.626,1.718,21704.437,20558.879,61936.0,95.9549,16.09,8.4,14.2,140821.0,876000.0,34.7,29.49,6429.0,61.7,0.1,0.08857142857142856,0.15,0.702,1.434,0.5519999999999999,0.592,5.048,1.372,2.91,18411.2,2799.7,2815.0439,4113990.24,961509.24,222.261,1396.0,1533.0,,3.4,74.1,530735.0,14462.2,13.9,-61843.0,116.58866,23.02,3469.2380000000003,-0.5089,-0.4395,26945391.0,-983588.0,-200095.01510766,40.0,,2.5,,
2020-09-04,259.997,268.933,105.057,105.41,269.043,196.705,2.6,1.61,1.7280000000000002,21704.437,20558.879,61936.0,95.9669,16.713,7.8,12.8,141770.0,881000.0,34.8,29.51,6511.0,61.4,0.09,0.09,0.136,0.682,1.42,0.546,0.568,5.018,1.35,2.93,18602.5,2852.8,2759.992,4129452.39,964464.42,225.712,1473.0,1636.0,,3.5,80.4,541302.0,14668.1,13.3,-57002.0,115.89218000000001,28.689999999999998,3497.964,-0.50676,-0.2808,26945391.0,-983588.0,-124610.55841919,40.0,,2.5,,
2020-09-11,259.997,268.933,105.057,105.41,269.043,196.705,2.6,1.5475,1.6824999999999999,21704.437,20558.879,61936.0,95.9669,16.713,7.8,12.8,141770.0,892000.0,34.8,29.51,6511.0,61.4,0.09,0.09,0.1375,0.6875,1.4324999999999999,0.55,0.5675,5.182,1.366,2.86,18602.5,2852.8,2759.992,4129452.39,964464.42,225.712,1473.0,1636.0,,3.5,80.4,541302.0,14668.1,13.3,-57002.0,116.13952499999999,29.2125,3352.74,-0.5024,-0.1029,26945391.0,-983588.0,-124610.55841919,40.0,,2.5,,
2020-09-18,259.997,268.933,105.057,105.41,269.043,196.705,2.6,1.56,1.666,21704.437,20558.879,61936.0,95.9669,16.713,7.8,12.8,141770.0,861000.0,34.8,29.51,6511.0,61.4,0.09,0.09,0.138,0.688,1.436,0.55,0.582,5.138,1.354,2.87,18602.5,2852.8,2759.992,4129452.39,964464.42,225.712,1473.0,1636.0,,3.5,80.4,541302.0,14668.1,13.3,-57002.0,115.4532,25.954,3369.3419999999996,-0.49855,-0.3479,26945391.0,-983588.0,-124610.55841919,40.0,,2.5,,
2020-09-25,259.997,268.933,105.057,105.41,269.043,196.705,2.6,1.472,1.6,21704.437,20558.879,61936.0,95.9669,16.713,7.8,12.8,141770.0,859000.0,34.8,29.51,6511.0,61.4,0.09,0.09,0.134,0.674,1.414,0.54,0.572,5.523999999999999,1.404,2.9,18602.5,2852.8,2759.992,4129452.39,964464.42,225.712,1473.0,1636.0,,3.5,80.4,541302.0,14668.1,13.3,-57002.0,117.11792,27.622000000000003,3275.7200000000003,-0.49288,0.0348,26945391.0,-983588.0,-124610.55841919,40.0,,2.5,,
2020-10-02,260.319,269.306,105.151,105.507,269.653,196.113,2.6,1.486,1.6300000000000001,22087.16,20791.917,62605.0,96.7394,16.564,6.9,12.1,142460.0,795000.0,34.8,29.54,6798.0,61.7,0.09,0.09,0.13,0.6799999999999999,1.444,0.55,0.584,5.434,1.438,2.88,18757.6,2876.6,2698.3277,4134643.38,961074.18,229.656,1543.0,1613.0,,3.3,81.8,539114.0,14725.8,12.8,-61126.0,117.10891999999998,26.631999999999998,3355.862,-0.48975,-0.324,27747798.0,-3132456.0,-284070.53717284,40.0,,2.5,,
2020-10-09,260.319,269.306,105.151,105.507,269.653,196.113,2.6,1.538,1.7,22087.16,20791.917,62605.0,96.7394,16.564,6.9,12.1,142460.0,785000.0,34.8,29.54,6798.0,61.7,0.09,0.09,0.146,0.784,1.576,0.638,0.6859999999999999,5.029999999999999,1.3699999999999999,2.87,18757.6,2876.6,2698.3277,4134643.38,961074.18,229.656,1543.0,1613.0,,3.3,81.8,539114.0,14725.8,12.8,-61126.0,116.04618,27.372000000000003,3422.5979999999995,-0.4899,-0.484,27747798.0,-3132456.0,-284070.53717284,40.0,,2.5,,
2020-10-16,260.319,269.306,105.151,105.507,269.653,196.113,2.6,1.5225,1.6975,22087.16,20791.917,62605.0,96.7394,16.564,6.9,12.1,142460.0,839000.0,34.8,29.54,6798.0,61.7,0.09,0.09,0.14500000000000002,0.7424999999999999,1.5150000000000001,0.5974999999999999,0.63,4.928,1.334,2.81,18757.6,2876.6,2698.3277,4134643.38,961074.18,229.656,1543.0,1613.0,,3.3,81.8,539114.0,14725.8,12.8,-61126.0,115.86555,26.383999999999997,3500.3940000000002,-0.49241,-0.3157,27747798.0,-3132456.0,-284070.53717284,40.0,,2.5,,
2020-10-23,260.319,269.306,105.151,105.507,269.653,196.113,2.6,1.592,1.736,22087.16,20791.917,62605.0,96.7394,16.564,6.9,12.1,142460.0,804000.0,34.8,29.54,6798.0,61.7,0.09,0.09,0.156,0.828,1.616,0.6719999999999999,0.728,4.894,1.312,2.8,18757.6,2876.6,2698.3277,4134643.38,961074.18,229.656,1543.0,1613.0,,3.3,81.8,539114.0,14725.8,12.8,-61126.0,115.13816,28.568,3444.8959999999997,-0.49831,-0.2544,27747798.0,-3132456.0,-284070.53717284,40.0,,2.5,,
2020-10-30,260.319,269.306,105.151,105.507,269.653,196.113,2.6,1.616,1.7079999999999997,22087.16,20791.917,62605.0,96.7394,16.564,6.9,12.1,142460.0,776000.0,34.8,29.54,6798.0,61.7,0.09,0.09,0.156,0.8240000000000001,1.598,0.6679999999999999,0.726,5.176,1.316,2.81,18757.6,2876.6,2698.3277,4134643.38,961074.18,229.656,1543.0,1613.0,,3.3,81.8,539114.0,14725.8,12.8,-61126.0,115.70748,36.34,3328.55,-0.50683,0.1374,27747798.0,-3132456.0,-284070.53717284,40.0,,2.5,,
2020-11-06,260.911,269.981,105.258,105.605,269.636,197.017,2.8,1.574,1.6759999999999997,22087.16,20791.917,62605.0,97.0816,16.298,6.7,11.9,142733.0,773000.0,34.8,29.64,6820.0,61.5,0.09,0.09,0.154,0.834,1.596,0.6799999999999999,0.736,4.948333333333333,1.3016666666666667,2.78,18997.0,3034.7,2637.2822,4135719.78,953306.86,233.219,1543.0,1703.0,,3.9,76.9,533941.0,14701.6,12.0,-64349.0,115.0663,30.938,3428.546,-0.52041,-0.3507,27747798.0,-3132456.0,-145266.26352985,40.0,,2.5,,
2020-11-13,260.911,269.981,105.258,105.605,269.636,197.017,2.8,1.6475,1.73,22087.16,20791.917,62605.0,97.0816,16.298,6.7,11.9,142733.0,737000.0,34.8,29.64,6820.0,61.5,0.09,0.09,0.17500000000000002,0.9275,1.6925,0.7525,0.8275,4.442,1.196,2.84,18997.0,3034.7,2637.2822,4135719.78,953306.86,233.219,1543.0,1703.0,,3.9,76.9,533941.0,14701.6,12.0,-64349.0,114.1723,24.490000000000002,3558.1699999999996,-0.53708,-0.7946,27747798.0,-3132456.0,-145266.26352985,40.0,,2.5,,
2020-11-20,260.911,269.981,105.258,105.605,269.636,197.017,2.8,1.626,1.702,22087.16,20791.917,62605.0,97.0816,16.298,6.7,11.9,142733.0,738000.0,34.8,29.64,6820.0,61.5,0.09,0.08714285714285715,0.174,0.8699999999999999,1.6019999999999999,0.696,0.788,4.474,1.174,2.72,18997.0,3034.7,2637.2822,4135719.78,953306.86,233.219,1543.0,1703.0,,3.9,76.9,533941.0,14701.6,12.0,-64349.0,113.63124,23.162,3588.728,-0.55319,-0.4307,27747798.0,-3132456.0,-145266.26352985,40.0,,2.5,,
2020-11-27,260.911,269.981,105.258,105.605,269.636,197.017,2.8,1.6524999999999999,1.7375,22087.16,20791.917,62605.0,97.0816,16.298,6.7,11.9,142733.0,793000.0,34.8,29.64,6820.0,61.5,0.09,0.08,0.1625,0.865,1.5875000000000001,0.7025,0.7775000000000001,4.35,1.144,2.72,18997.0,3034.7,2637.2822,4135719.78,953306.86,233.219,1543.0,1703.0,,3.9,76.9,533941.0,14701.6,12.0,-64349.0,113.45623333333333,21.5975,3620.25,-0.56772,-0.6145,27747798.0,-3132456.0,-145266.26352985,40.0,,2.5,,
2020-12-04,262.045,270.341,105.699,105.896,270.781,205.67,2.5,1.754,1.8359999999999999,22087.16,20791.917,62605.0,98.363,16.906,6.7,11.7,142548.0,737000.0,34.8,29.91,6773.0,61.5,0.09,0.08714285714285715,0.162,0.9199999999999999,1.668,0.758,0.834,4.168,1.086,2.71,19115.7,3135.0,2590.6251,4149026.48,954603.43,236.543,1614.0,1752.0,,4.1,80.7,538548.0,14822.0,11.8,-61928.0,112.48895999999999,20.916,3663.786,-0.58057,-0.6537,27747798.0,-3132456.0,-143562.32743913,40.0,,2.5,,
2020-12-11,262.045,270.341,105.699,105.896,270.781,205.67,2.5,1.834,1.886,22087.16,20791.917,62605.0,98.363,16.906,6.7,11.7,142548.0,873000.0,34.8,29.91,6773.0,61.5,0.09,0.09,0.138,0.9259999999999999,1.666,0.788,0.844,4.062,1.094,2.71,19115.7,3135.0,2590.6251,4149026.48,954603.43,236.543,1614.0,1752.0,,4.1,80.7,538548.0,14822.0,11.8,-61928.0,111.97067999999999,22.016,3679.718,-0.59074,-0.5851,27747798.0,-3132456.0,-143562.32743913,40.0,,2.5,,
2020-12-18,262.045,270.341,105.699,105.896,270.781,205.67,2.5,1.884,1.92,22087.16,20791.917,62605.0,98.363,16.906,6.7,11.7,142548.0,886000.0,34.8,29.91,6773.0,61.5,0.09,0.09,0.126,0.9259999999999999,1.6640000000000001,0.8,0.842,4.054,1.086,2.67,19115.7,3135.0,2590.6251,4149026.48,954603.43,236.543,1614.0,1752.0,,4.1,80.7,538548.0,14822.0,11.8,-61928.0,111.71525999999999,22.722,3695.0339999999997,-0.59813,-0.5192,27747798.0,-3132456.0,-143562.32743913,40.0,,2.5,,
2020-12-25,262.045,270.341,105.699,105.896,270.781,205.67,2.5,1.9175,1.9575,22087.16,20791.917,62605.0,98.363,16.906,6.7,11.7,142548.0,815000.0,34.8,29.91,6773.0,61.5,0.09,0.09,0.13,0.945,1.6724999999999999,0.815,0.855,4.105,1.0675000000000001,2.66,19115.7,3135.0,2590.6251,4149026.48,954603.43,236.543,1614.0,1752.0,,4.1,80.7,538548.0,14822.0,11.8,-61928.0,112.03896666666667,23.5575,3693.8125,-0.60436,-0.5503,27747798.0,-3132456.0,-143562.32743913,40.0,,2.5,,
2021-01-01,262.687,270.387,106.147,106.281,271.195,212.47,3.0,1.9224999999999999,1.97,22680.693,21082.134,63490.0,98.8822,16.719,6.4,11.2,142863.0,773000.0,35.0,29.93,7162.0,61.4,0.09,0.09,0.125,0.935,1.6624999999999999,0.81,0.84,3.8675,1.04,2.67,19379.0,3153.8,2561.387,4157826.38,951790.91,239.642,1630.0,1855.0,,4.1,79.0,559230.0,15073.0,19.5,-62826.0,111.529425,22.575,3737.6275,-0.60967,-0.6651,28132570.0,-3132456.0,-162832.48946754,39.7,,2.5,,
2021-01-08,262.687,270.387,106.147,106.281,271.195,212.47,3.0,2.038,2.05,22680.693,21082.134,63490.0,98.8822,16.719,6.4,11.2,142863.0,803000.0,35.0,29.93,7162.0,61.4,0.09,0.09,0.132,1.028,1.778,0.8959999999999999,0.9400000000000001,3.8379999999999996,1.036,2.65,19379.0,3153.8,2561.387,4157826.38,951790.91,239.642,1630.0,1855.0,,4.1,79.0,559230.0,15073.0,19.5,-62826.0,111.1208,24.262,3760.8239999999996,-0.61421,-0.6651,28132570.0,-3132456.0,-162832.48946754,39.7,,2.5,,
2021-01-15,262.687,270.387,106.147,106.281,271.195,212.47,3.0,2.064,2.0780000000000003,22680.693,21082.134,63490.0,98.8822,16.719,6.4,11.2,142863.0,890000.0,35.0,29.93,7162.0,61.4,0.09,0.09,0.14200000000000002,1.1320000000000001,1.862,0.99,1.044,3.7920000000000003,1.002,2.79,19379.0,3153.8,2561.387,4157826.38,951790.91,239.642,1630.0,1855.0,,4.1,79.0,559230.0,15073.0,19.5,-62826.0,111.48106,23.442,3794.886,-0.61695,-0.7138,28132570.0,-3132456.0,-162832.48946754,39.7,,2.5,,
2021-01-22,262.687,270.387,106.147,106.281,271.195,212.47,3.0,2.1525,2.1025,22680.693,21082.134,63490.0,98.8822,16.719,6.4,11.2,142863.0,844000.0,35.0,29.93,7162.0,61.4,0.09,0.08714285714285715,0.1325,1.105,1.85,0.9724999999999999,1.02,3.7019999999999995,0.9960000000000001,2.77,19379.0,3153.8,2561.387,4157826.38,951790.91,239.642,1630.0,1855.0,,4.1,79.0,559230.0,15073.0,19.5,-62826.0,111.40053333333333,22.0125,3836.325,-0.61899,-0.7099,28132570.0,-3132456.0,-162832.48946754,39.7,,2.5,,
2021-01-29,262.687,270.387,106.147,106.281,271.195,212.47,3.0,2.168,2.1,22680.693,21082.134,63490.0,98.8822,16.719,6.4,11.2,142863.0,799000.0,35.0,29.93,7162.0,61.4,0.09,0.07714285714285715,0.118,1.064,1.814,0.9460000000000001,0.99,3.778,1.022,2.73,19379.0,3153.8,2561.387,4157826.38,951790.91,239.642,1630.0,1855.0,,4.1,79.0,559230.0,15073.0,19.5,-62826.0,111.91199999999999,29.344,3791.4739999999997,-0.6194,-0.4176,28132570.0,-3132456.0,-162832.48946754,39.7,,2.5,,
2021-02-05,263.579,270.793,106.5,106.501,271.425,219.242,3.3,2.242,2.166,22680.693,21082.134,63490.0,95.6149,16.146,6.2,11.1,143380.0,803000.0,34.6,30.05,7827.0,61.4,0.08,0.07714285714285715,0.10600000000000001,1.1400000000000001,1.906,1.034,1.09,3.72,1.0133333333333334,2.73,19641.8,3345.9,2586.5954,4177322.53,955872.65,242.358,1404.0,1711.0,,4.8,76.8,544891.0,14983.5,13.0,-65630.0,112.38932,24.27,3837.782,-0.6216,-0.7397,28132570.0,-3132456.0,-310921.94250467,39.7,,2.5,,
2021-02-12,263.579,270.793,106.5,106.501,271.425,219.242,3.3,2.32,2.212,22680.693,21082.134,63490.0,95.6149,16.146,6.2,11.1,143380.0,812000.0,34.6,30.05,7827.0,61.4,0.08,0.07857142857142858,0.11000000000000001,1.176,1.956,1.066,1.1300000000000001,3.508,0.978,2.73,19641.8,3345.9,2586.5954,4177322.53,955872.65,242.358,1404.0,1711.0,,4.8,76.8,544891.0,14983.5,13.0,-65630.0,111.68196,21.216,3917.582,-0.62335,-0.8907,28132570.0,-3132456.0,-310921.94250467,39.7,,2.5,,
2021-02-19,263.579,270.793,106.5,106.501,271.425,219.242,3.3,2.325,2.1875,22680.693,21082.134,63490.0,95.6149,16.146,6.2,11.1,143380.0,802000.0,34.6,30.05,7827.0,61.4,0.08,0.07714285714285715,0.115,1.3050000000000002,2.09,1.19,1.2675,3.438,0.9480000000000001,2.81,19641.8,3345.9,2586.5954,4177322.53,955872.65,242.358,1404.0,1711.0,,4.8,76.8,544891.0,14983.5,13.0,-65630.0,111.9186,21.875,3921.15,-0.62522,-0.7782,28132570.0,-3132456.0,-310921.94250467,39.7,,2.5,,
2021-02-26,263.579,270.793,106.5,106.501,271.425,219.242,3.3,2.362,2.156,22680.693,21082.134,63490.0,95.6149,16.146,6.2,11.1,143380.0,702000.0,34.6,30.05,7827.0,61.4,0.08,0.07,0.13,1.42,2.228,1.29,1.384,3.4539999999999997,0.9559999999999998,2.97,19641.8,3345.9,2586.5954,4177322.53,955872.65,242.358,1404.0,1711.0,,4.8,76.8,544891.0,14983.5,13.0,-65630.0,112.05864,24.948,3864.7580000000003,-0.62735,-0.5688,28132570.0,-3132456.0,-310921.94250467,39.7,,2.5,,
2021-03-05,264.961,271.459,107.054,106.933,271.636,229.617,3.1,2.428,2.198,22680.693,21082.134,63490.0,98.3856,18.451,6.1,10.8,144232.0,704000.0,34.9,30.03,8499.0,61.5,0.07,0.07,0.136,1.488,2.254,1.3519999999999999,1.444,3.5483333333333333,0.965,3.02,19873.2,3721.3,2586.7795,4190733.4,954267.4,245.458,1696.0,1756.0,,4.3,84.9,603581.0,15709.7,26.2,-65658.0,112.85491999999999,25.470000000000002,3840.4479999999994,-0.63158,-0.5425,28132570.0,-3132456.0,-659591.61844058,39.7,,2.5,,
2021-03-12,264.961,271.459,107.054,106.933,271.636,229.617,3.1,2.464,2.2439999999999998,22680.693,21082.134,63490.0,98.3856,18.451,6.1,10.8,144232.0,693000.0,34.9,30.03,8499.0,61.5,0.07,0.07,0.156,1.5699999999999998,2.3,1.4140000000000001,1.526,3.5780000000000003,1.028,3.05,19873.2,3721.3,2586.7795,4190733.4,954267.4,245.458,1696.0,1756.0,,4.3,84.9,603581.0,15709.7,26.2,-65658.0,113.54644,22.932,3895.656,-0.63666,-0.641,28132570.0,-3132456.0,-659591.61844058,39.7,,2.5,,
2021-03-19,264.961,271.459,107.054,106.933,271.636,229.617,3.1,2.5439999999999996,2.29,22680.693,21082.134,63490.0,98.3856,18.451,6.1,10.8,144232.0,699000.0,34.9,30.03,8499.0,61.5,0.07,0.07,0.148,1.6640000000000001,2.414,1.516,1.6440000000000001,3.6159999999999997,1.01,3.09,19873.2,3721.3,2586.7795,4190733.4,954267.4,245.458,1696.0,1756.0,,4.3,84.9,603581.0,15709.7,26.2,-65658.0,113.01712,20.316,3946.8660000000004,-0.64212,-0.6636,28132570.0,-3132456.0,-659591.61844058,39.7,,2.5,,
2021-03-26,264.961,271.459,107.054,106.933,271.636,229.617,3.1,2.526,2.318,22680.693,21082.134,63490.0,98.3856,18.451,6.1,10.8,144232.0,627000.0,34.9,30.03,8499.0,61.5,0.07,0.07,0.144,1.6480000000000001,2.348,1.504,1.6280000000000001,3.534,1.01,3.17,19873.2,3721.3,2586.7795,4190733.4,954267.4,245.458,1696.0,1756.0,,4.3,84.9,603581.0,15709.7,26.2,-65658.0,113.53851999999999,19.81,3924.862,-0.64867,-0.6788,28132570.0,-3132456.0,-659591.61844058,39.7,,2.5,,
2021-04-02,266.614,273.66,107.618,107.558,272.715,227.255,3.4,2.55,2.3579999999999997,23425.91,21440.929,64539.0,98.5587,18.574,6.1,10.3,144587.0,658000.0,34.9,30.22,9346.0,61.6,0.07,0.06857142857142857,0.164,1.722,2.382,1.558,1.698,3.39,0.9775,3.18,20176.9,3887.3,2556.3543,4207768.45,953948.77,249.044,1495.0,1721.0,,4.6,88.3,608961.0,15917.5,12.4,-65115.0,113.88564000000001,19.27,3980.6,-0.65554,-0.7889,28529436.0,-3132456.0,-225579.46032577,39.7,,2.5,,
2021-04-09,266.614,273.66,107.618,107.558,272.715,227.255,3.4,2.532,2.33,23425.91,21440.929,64539.0,98.5587,18.574,6.1,10.3,144587.0,645000.0,34.9,30.22,9346.0,61.6,0.07,0.07,0.158,1.6780000000000002,2.338,1.52,1.658,3.2340000000000004,0.946,3.13,20176.9,3887.3,2556.3543,4207768.45,953948.77,249.044,1495.0,1721.0,,4.6,88.3,608961.0,15917.5,12.4,-65115.0,113.2157,17.366,4091.554,-0.66366,-0.8915,28529436.0,-3132456.0,-225579.46032577,39.7,,2.5,,
2021-04-16,266.614,273.66,107.618,107.558,272.715,227.255,3.4,2.548,2.336,23425.91,21440.929,64539.0,98.5587,18.574,6.1,10.3,144587.0,571000.0,34.9,30.22,9346.0,61.6,0.07,0.07,0.164,1.6239999999999999,2.2939999999999996,1.46,1.6019999999999999,3.2560000000000002,0.938,3.04,20176.9,3887.3,2556.3543,4207768.45,953948.77,249.044,1495.0,1721.0,,4.6,88.3,608961.0,15917.5,12.4,-65115.0,112.821,16.674,4150.026,-0.67041,-0.8406,28529436.0,-3132456.0,-225579.46032577,39.7,,2.5,,
2021-04-23,266.614,273.66,107.618,107.558,272.715,227.255,3.4,2.4939999999999998,2.332,23425.91,21440.929,64539.0,98.5587,18.574,6.1,10.3,144587.0,566000.0,34.9,30.22,9346.0,61.6,0.07,0.07,0.156,1.582,2.262,1.426,1.554,3.314,0.9559999999999998,2.97,20176.9,3887.3,2556.3543,4207768.45,953948.77,249.044,1495.0,1721.0,,4.6,88.3,608961.0,15917.5,12.4,-65115.0,112.18292,17.901999999999997,4157.354,-0.67661,-0.7815,28529436.0,-3132456.0,-225579.46032577,39.7,,2.5,,
2021-04-30,266.614,273.66,107.618,107.558,272.715,227.255,3.4,2.5300000000000002,2.398,23425.91,21440.929,64539.0,98.5587,18.574,6.1,10.3,144587.0,574000.0,34.9,30.22,9346.0,61.6,0.07,0.06571428571428571,0.168,1.6280000000000001,2.286,1.46,1.614,3.2560000000000002,0.942,2.98,20176.9,3887.3,2556.3543,4207768.45,953948.77,249.044,1495.0,1721.0,,4.6,88.3,608961.0,15917.5,12.4,-65115.0,111.86836000000001,17.740000000000002,4190.032,-0.68186,-0.904,28529436.0,-3132456.0,-225579.46032577,39.7,,2.5,,
2021-05-07,268.383,275.465,108.175,108.099,273.932,229.854,4.6,2.6420000000000003,2.45,23425.91,21440.929,64539.0,99.4333,17.519,5.8,10.1,145065.0,517000.0,34.9,30.41,9954.0,61.6,0.06,0.05714285714285715,0.156,1.6019999999999999,2.268,1.446,1.578,3.29,0.938,2.96,20460.4,3872.4,2545.6238,4238937.19,961471.41,253.29,1589.0,1703.0,,5.5,82.9,605282.0,15973.5,10.0,-65779.0,111.8622,18.404,4191.826,-0.68671,-0.9168,28529436.0,-3132456.0,-131953.06316821,39.7,,2.5,,
2021-05-14,268.383,275.465,108.175,108.099,273.932,229.854,4.6,2.688,2.526,23425.91,21440.929,64539.0,99.4333,17.519,5.8,10.1,145065.0,494000.0,34.9,30.41,9954.0,61.6,0.06,0.06,0.16,1.65,2.362,1.49,1.634,3.336,0.9280000000000002,2.94,20460.4,3872.4,2545.6238,4238937.19,961471.41,253.29,1589.0,1703.0,,5.5,82.9,605282.0,15973.5,10.0,-65779.0,111.19539999999999,22.206,4137.984,-0.68879,-0.8489,28529436.0,-3132456.0,-131953.06316821,39.7,,2.5,,
2021-05-21,268.383,275.465,108.175,108.099,273.932,229.854,4.6,2.662,2.476,23425.91,21440.929,64539.0,99.4333,17.519,5.8,10.1,145065.0,467000.0,34.9,30.41,9954.0,61.6,0.06,0.06,0.16,1.6439999999999997,2.356,1.484,1.6300000000000001,3.378,0.914,3.0,20460.4,3872.4,2545.6238,4238937.19,961471.41,253.29,1589.0,1703.0,,5.5,82.9,605282.0,15973.5,10.0,-65779.0,110.94189999999999,20.812,4144.356,-0.69127,-0.8324,28529436.0,-3132456.0,-131953.06316821,39.7,,2.5,,
2021-05-28,268.383,275.465,108.175,108.099,273.932,229.854,4.6,2.606,2.42,23425.91,21440.929,64539.0,99.4333,17.519,5.8,10.1,145065.0,441000.0,34.9,30.41,9954.0,61.6,0.06,0.058571428571428566,0.144,1.588,2.278,1.444,1.57,3.3299999999999996,0.9019999999999999,2.95,20460.4,3872.4,2545.6238,4238937.19,961471.41,253.29,1589.0,1703.0,,5.5,82.9,605282.0,15973.5,10.0,-65779.0,110.84957999999999,17.619999999999997,4197.232,-0.69341,-0.9479,28529436.0,-3132456.0,-131953.06316821,39.7,,2.5,,
2021-06-04,270.654,277.651,108.76,108.603,275.997,233.603,4.2,2.5725,2.4299999999999997,23425.91,21440.929,64539.0,99.7987,16.056,5.9,9.8,145820.0,427000.0,34.8,30.54,10319.0,61.7,0.08,0.055714285714285716,0.14750000000000002,1.6,2.28,1.4525,1.58,3.308,0.906,2.99,20477.8,3848.1,2478.0379,4389849.1,986122.27,258.093,1650.0,1654.0,,6.0,85.5,611950.0,16191.7,8.8,-71187.0,110.7537,17.46,4208.225,-0.69434,-0.9874,28529436.0,-3132456.0,-174160.55026216,39.7,,2.5,,
2021-06-11,270.654,277.651,108.76,108.603,275.997,233.603,4.2,2.458,2.348,23425.91,21440.929,64539.0,99.7987,16.056,5.9,9.8,145820.0,420000.0,34.8,30.54,10319.0,61.7,0.08,0.06,0.152,1.504,2.186,1.3519999999999999,1.478,3.2380000000000004,0.908,2.96,20477.8,3848.1,2478.0379,4389849.1,986122.27,258.093,1650.0,1654.0,,6.0,85.5,611950.0,16191.7,8.8,-71187.0,110.67482,16.626,4231.99,-0.69359,-0.9577,28529436.0,-3132456.0,-174160.55026216,39.7,,2.5,,
2021-06-18,270.654,277.651,108.76,108.603,275.997,233.603,4.2,2.398,2.314,23425.91,21440.929,64539.0,99.7987,16.056,5.9,9.8,145820.0,428000.0,34.8,30.54,10319.0,61.7,0.08,0.07142857142857142,0.20400000000000001,1.512,2.1420000000000003,1.308,1.474,3.158,0.8779999999999999,2.93,20477.8,3848.1,2478.0379,4389849.1,986122.27,258.093,1650.0,1654.0,,6.0,85.5,611950.0,16191.7,8.8,-71187.0,111.81022,18.002,4222.75,-0.69053,-0.9086,28529436.0,-3132456.0,-174160.55026216,39.7,,2.5,,
2021-06-25,270.654,277.651,108.76,108.603,275.997,233.603,4.2,2.4539999999999997,2.308,23425.91,21440.929,64539.0,99.7987,16.056,5.9,9.8,145820.0,422000.0,34.8,30.54,10319.0,61.7,0.08,0.1,0.264,1.502,2.116,1.238,1.452,3.1079999999999997,0.8720000000000001,3.02,20477.8,3848.1,2478.0379,4389849.1,986122.27,258.093,1650.0,1654.0,,6.0,85.5,611950.0,16191.7,8.8,-71187.0,112.48598,16.492,4252.052,-0.68651,-0.9619,28529436.0,-3132456.0,-174160.55026216,39.7,,2.5,,
2021-07-02,271.903,278.648,109.256,109.058,277.813,236.488,4.7,2.4720000000000004,2.33,23982.379,21617.828,64990.0,100.2519,15.187,5.4,9.2,146762.0,368000.0,34.8,30.66,10983.0,61.8,0.1,0.09714285714285716,0.252,1.47,2.0759999999999996,1.218,1.422,3.036,0.8640000000000001,2.98,20633.3,3943.9,2450.3579,4406029.54,990643.76,262.464,1597.0,1658.0,,6.0,81.2,601817.0,16239.7,9.5,-69169.0,112.42438,15.632,4310.438,-0.68095,-1.0022,28428919.0,-3132456.0,-302050.4883435,39.7,,2.5,,
2021-07-09,271.903,278.648,109.256,109.058,277.813,236.488,4.7,2.4325,2.2725,23982.379,21617.828,64990.0,100.2519,15.187,5.4,9.2,146762.0,371000.0,34.8,30.66,10983.0,61.8,0.1,0.1,0.215,1.3425,1.96,1.1275,1.2875,3.068,0.884,2.9,20633.3,3943.9,2450.3579,4406029.54,990643.76,262.464,1597.0,1658.0,,6.0,81.2,601817.0,16239.7,9.5,-69169.0,112.992875,16.955,4348.01,-0.67427,-0.8704,28428919.0,-3132456.0,-302050.4883435,39.7,,2.5,,
2021-07-16,271.903,278.648,109.256,109.058,277.813,236.488,4.7,2.524,2.336,23982.379,21617.828,64990.0,100.2519,15.187,5.4,9.2,146762.0,333000.0,34.8,30.66,10983.0,61.8,0.1,0.1,0.24,1.358,1.9739999999999998,1.1179999999999999,1.306,3.102,0.898,2.88,20633.3,3943.9,2450.3579,4406029.54,990643.76,262.464,1597.0,1658.0,,6.0,81.2,601817.0,16239.7,9.5,-69169.0,112.93888,17.016,4363.066000000001,-0.66754,-0.9687,28428919.0,-3132456.0,-302050.4883435,39.7,,2.5,,
2021-07-23,271.903,278.648,109.256,109.058,277.813,236.488,4.7,2.45,2.282,23982.379,21617.828,64990.0,100.2519,15.187,5.4,9.2,146762.0,387000.0,34.8,30.66,10983.0,61.8,0.1,0.1,0.21000000000000002,1.258,1.89,1.048,1.208,3.304,0.93,2.78,20633.3,3943.9,2450.3579,4406029.54,990643.76,262.464,1597.0,1658.0,,6.0,81.2,601817.0,16239.7,9.5,-69169.0,113.51986,19.006,4343.902,-0.66102,-0.7151,28428919.0,-3132456.0,-302050.4883435,39.7,,2.5,,
2021-07-30,271.903,278.648,109.256,109.058,277.813,236.488,4.7,2.57,2.404,23982.379,21617.828,64990.0,100.2519,15.187,5.4,9.2,146762.0,380000.0,34.8,30.66,10983.0,61.8,0.1,0.09571428571428572,0.202,1.264,1.904,1.062,1.21,3.246,0.916,2.8,20633.3,3943.9,2450.3579,4406029.54,990643.76,262.464,1597.0,1658.0,,6.0,81.2,601817.0,16239.7,9.5,-69169.0,112.9564,18.238,4407.762000000001,-0.65568,-0.9347,28428919.0,-3132456.0,-302050.4883435,39.7,,2.5,,
2021-08-06,272.676,278.997,109.674,109.409,279.01,240.692,4.6,2.496,2.3600000000000003,23982.379,21617.828,64990.0,100.0437,13.874,5.1,8.8,147314.0,379000.0,34.8,30.78,10872.0,61.7,0.09,0.09142857142857143,0.186,1.224,1.8679999999999999,1.038,1.172,3.3683333333333336,0.9283333333333333,2.77,20840.9,4140.1,2428.3734,4423797.93,994001.28,266.583,1594.0,1736.0,,6.6,70.3,605533.0,16412.9,8.7,-72588.0,112.89268,17.78,4415.718,-0.65104,-0.8569,28428919.0,-3132456.0,-170634.65366187,39.7,,2.5,,
2021-08-13,272.676,278.997,109.674,109.409,279.01,240.692,4.6,2.53,2.394,23982.379,21617.828,64990.0,100.0437,13.874,5.1,8.8,147314.0,361000.0,34.8,30.78,10872.0,61.7,0.09,0.1,0.23200000000000004,1.338,1.982,1.106,1.282,3.346,0.93,2.87,20840.9,4140.1,2428.3734,4423797.93,994001.28,266.583,1594.0,1736.0,,6.6,70.3,605533.0,16412.9,8.7,-72588.0,113.3124,16.122,4449.126,-0.64831,-1.0548,28428919.0,-3132456.0,-170634.65366187,39.7,,2.5,,
2021-08-20,272.676,278.997,109.674,109.409,279.01,240.692,4.6,2.464,2.312,23982.379,21617.828,64990.0,100.0437,13.874,5.1,8.8,147314.0,367000.0,34.8,30.78,10872.0,61.7,0.09,0.09571428571428572,0.22400000000000003,1.258,1.9,1.034,1.196,3.378,0.9400000000000001,2.86,20840.9,4140.1,2428.3734,4423797.93,994001.28,266.583,1594.0,1736.0,,6.6,70.3,605533.0,16412.9,8.7,-72588.0,113.81892,19.166,4435.106,-0.64664,-0.8095,28428919.0,-3132456.0,-170634.65366187,39.7,,2.5,,
2021-08-27,272.676,278.997,109.674,109.409,279.01,240.692,4.6,2.484,2.3280000000000003,23982.379,21617.828,64990.0,100.0437,13.874,5.1,8.8,147314.0,358000.0,34.8,30.78,10872.0,61.7,0.09,0.08857142857142856,0.23399999999999999,1.308,1.918,1.074,1.256,3.2380000000000004,0.9339999999999999,2.87,20840.9,4140.1,2428.3734,4423797.93,994001.28,266.583,1594.0,1736.0,,6.6,70.3,605533.0,16412.9,8.7,-72588.0,113.67644,17.278,4488.264,-0.64732,-0.9931,28428919.0,-3132456.0,-170634.65366187,39.7,,2.5,,
2021-09-03,273.91,279.698,110.034,109.641,281.366,245.302,4.6,2.484,2.34,23982.379,21617.828,64990.0,98.8579,12.731,4.7,8.4,147771.0,353000.0,34.8,30.98,10834.0,61.7,0.08,0.07714285714285715,0.202,1.304,1.916,1.102,1.256,3.1719999999999997,0.9200000000000002,2.87,20981.0,4193.2,2416.6678,4447544.21,1005332.86,270.16,1577.0,1640.0,,6.2,72.8,609671.0,16489.6,7.6,-74657.0,112.91214,16.32,4529.588000000001,-0.6485,-0.9839,28428919.0,-3132456.0,-61544.25121268,39.7,,2.5,,
2021-09-10,273.91,279.698,110.034,109.641,281.366,245.302,4.6,2.5349999999999997,2.38,23982.379,21617.828,64990.0,98.8579,12.731,4.7,8.4,147771.0,335000.0,34.8,30.98,10834.0,61.7,0.08,0.08,0.225,1.345,1.9449999999999998,1.12,1.2975,3.1420000000000003,0.9179999999999999,2.88,20981.0,4193.2,2416.6678,4447544.21,1005332.86,270.16,1577.0,1640.0,,6.2,72.8,609671.0,16489.6,7.6,-74657.0,113.049225,18.9625,4496.49,-0.65035,-0.9638,28428919.0,-3132456.0,-61544.25121268,39.7,,2.5,,
2021-09-17,273.91,279.698,110.034,109.641,281.366,245.302,4.6,2.5140000000000002,2.346,23982.379,21617.828,64990.0,98.8579,12.731,4.7,8.4,147771.0,342000.0,34.8,30.98,10834.0,61.7,0.08,0.08,0.21800000000000003,1.326,1.884,1.108,1.282,3.0759999999999996,0.9,2.86,20981.0,4193.2,2416.6678,4447544.21,1005332.86,270.16,1577.0,1640.0,,6.2,72.8,609671.0,16489.6,7.6,-74657.0,113.184,19.302,4459.844,-0.65251,-0.9271,28428919.0,-3132456.0,-61544.25121268,39.7,,2.5,,
2021-09-24,273.91,279.698,110.034,109.641,281.366,245.302,4.6,2.446,2.302,23982.379,21617.828,64990.0,98.8579,12.731,4.7,8.4,147771.0,367000.0,34.8,30.98,10834.0,61.7,0.08,0.08,0.252,1.3679999999999999,1.8920000000000001,1.116,1.3359999999999999,3.114,0.8960000000000001,2.88,20981.0,4193.2,2416.6678,4447544.21,1005332.86,270.16,1577.0,1640.0,,6.2,72.8,609671.0,16489.6,7.6,-74657.0,113.73101999999999,21.464,4402.4039999999995,-0.65371,-0.7898,28428919.0,-3132456.0,-61544.25121268,39.7,,2.5,,
2021-10-01,276.55,281.668,110.762,110.188,283.972,254.756,4.8,2.5140000000000002,2.37,24813.6,21988.737,66011.0,100.1861,13.156,4.5,8.2,148572.0,375000.0,34.7,31.14,11238.0,61.8,0.08,0.07714285714285715,0.294,1.514,2.054,1.22,1.474,3.126,0.876,3.01,21160.6,4128.1,2420.7405,4464094.97,1013373.01,273.615,1579.0,1707.0,,6.8,71.7,618573.0,16704.2,7.0,-66003.0,114.34387999999998,21.772,4363.956,-0.65397,-0.8845,29617215.0,-2775350.0,-165055.36693325,39.7,,2.5,,
2021-10-08,276.55,281.668,110.762,110.188,283.972,254.756,4.8,2.588,2.444,24813.6,21988.737,66011.0,100.1861,13.156,4.5,8.2,148572.0,312000.0,34.7,31.14,11238.0,61.8,0.08,0.08,0.298,1.55,2.104,1.252,1.506,3.2119999999999997,0.8960000000000001,2.99,21160.6,4128.1,2420.7405,4464094.97,1013373.01,273.615,1579.0,1707.0,,6.8,71.7,618573.0,16704.2,7.0,-66003.0,114.49216000000001,20.714,4360.166,-0.65219,-0.8775,29617215.0,-2775350.0,-165055.36693325,39.7,,2.5,,
2021-10-15,276.55,281.668,110.762,110.188,283.972,254.756,4.8,2.68,2.5225,24813.6,21988.737,66011.0,100.1861,13.156,4.5,8.2,148572.0,291000.0,34.7,31.14,11238.0,61.8,0.08,0.08,0.3725,1.565,2.0549999999999997,1.1925,1.5125,3.2060000000000004,0.9019999999999999,3.05,21160.6,4128.1,2420.7405,4464094.97,1013373.01,273.615,1579.0,1707.0,,6.8,71.7,618573.0,16704.2,7.0,-66003.0,114.38012499999999,18.330000000000002,4397.054,-0.64655,-0.9728,29617215.0,-2775350.0,-165055.36693325,39.7,,2.5,,
2021-10-22,276.55,281.668,110.762,110.188,283.972,254.756,4.8,2.808,2.586,24813.6,21988.737,66011.0,100.1861,13.156,4.5,8.2,148572.0,289000.0,34.7,31.14,11238.0,61.8,0.08,0.08,0.43600000000000005,1.6460000000000001,2.086,1.21,1.59,3.074,0.89,3.09,21160.6,4128.1,2420.7405,4464094.97,1013373.01,273.615,1579.0,1707.0,,6.8,71.7,618573.0,16704.2,7.0,-66003.0,113.68679999999999,15.588,4527.392,-0.63666,-1.1315,29617215.0,-2775350.0,-165055.36693325,39.7,,2.5,,
2021-10-29,276.55,281.668,110.762,110.188,283.972,254.756,4.8,2.938,2.616,24813.6,21988.737,66011.0,100.1861,13.156,4.5,8.2,148572.0,269000.0,34.7,31.14,11238.0,61.8,0.08,0.07857142857142858,0.484,1.5859999999999999,1.996,1.1019999999999999,1.528,3.094,0.89,3.14,21160.6,4128.1,2420.7405,4464094.97,1013373.01,273.615,1579.0,1707.0,,6.8,71.7,618573.0,16704.2,7.0,-66003.0,113.69492,16.198,4578.95,-0.62219,-0.9988,29617215.0,-2775350.0,-165055.36693325,39.7,,2.5,,
2021-11-05,278.919,283.406,111.5,110.77,286.151,263.798,4.9,2.8619999999999997,2.528,24813.6,21988.737,66011.0,100.8654,13.37,4.1,7.7,149230.0,261000.0,34.8,31.23,11199.0,61.9,0.08,0.07714285714285715,0.446,1.544,1.954,1.098,1.496,3.1683333333333334,0.9016666666666667,3.09,21335.5,4180.6,2434.992,4489285.61,1025886.27,277.315,1705.0,1765.0,,5.9,67.4,624874.0,16849.8,6.6,-79425.0,114.25594000000001,15.892000000000001,4656.496,-0.6045,-0.8668,29617215.0,-2775350.0,-191335.04052197,39.7,,2.5,,
2021-11-12,278.919,283.406,111.5,110.77,286.151,263.798,4.9,3.0225,2.67,24813.6,21988.737,66011.0,100.8654,13.37,4.1,7.7,149230.0,251000.0,34.8,31.23,11199.0,61.9,0.08,0.08,0.475,1.5275,1.8975,1.0525,1.4775,3.064,0.9,2.98,21335.5,4180.6,2434.992,4489285.61,1025886.27,277.315,1705.0,1765.0,,5.9,67.4,624874.0,16849.8,6.6,-79425.0,114.0626,17.536,4673.156,-0.58521,-0.9524,29617215.0,-2775350.0,-191335.04052197,39.7,,2.5,,
2021-11-19,278.919,283.406,111.5,110.77,286.151,263.798,4.9,3.122,2.714,24813.6,21988.737,66011.0,100.8654,13.37,4.1,7.7,149230.0,250000.0,34.8,31.23,11199.0,61.9,0.08,0.08,0.526,1.598,1.982,1.072,1.548,3.164,0.932,3.1,21335.5,4180.6,2434.992,4489285.61,1025886.27,277.315,1705.0,1765.0,,5.9,67.4,624874.0,16849.8,6.6,-79425.0,115.00728,17.094,4694.974,-0.5672,-0.8625,29617215.0,-2775350.0,-191335.04052197,39.7,,2.5,,
2021-11-26,278.919,283.406,111.5,110.77,286.151,263.798,4.9,2.9825,2.5975,24813.6,21988.737,66011.0,100.8654,13.37,4.1,7.7,149230.0,224000.0,34.8,31.23,11199.0,61.9,0.08,0.08,0.5925,1.605,1.9475,1.0125,1.5475,3.348,0.966,3.1,21335.5,4180.6,2434.992,4489285.61,1025886.27,277.315,1705.0,1765.0,,5.9,67.4,624874.0,16849.8,6.6,-79425.0,116.110325,21.4375,4667.43,-0.55126,-0.6425,29617215.0,-2775350.0,-191335.04052197,39.7,,2.5,,
2021-12-03,280.845,285.18,112.191,111.418,287.812,267.899,4.8,2.772,2.476,24813.6,21988.737,66011.0,100.5726,13.123,3.9,7.3,149816.0,221000.0,34.9,31.39,11520.0,62.0,0.08,0.07857142857142858,0.5640000000000001,1.434,1.7740000000000002,0.8699999999999999,1.378,3.5759999999999996,1.03,3.11,21498.5,4187.9,2473.1762,4512720.41,1033546.93,281.568,1722.0,1919.0,,5.6,70.6,619938.0,16891.0,6.6,-79238.0,116.18656000000001,27.978,4570.168,-0.54025,-0.3056,29617215.0,-2775350.0,-21303.12942523,39.7,,2.5,,
2021-12-10,280.845,285.18,112.191,111.418,287.812,267.899,4.8,2.814,2.468,24813.6,21988.737,66011.0,100.5726,13.123,3.9,7.3,149816.0,206000.0,34.9,31.39,11520.0,62.0,0.08,0.08,0.6799999999999999,1.48,1.834,0.8,1.42,3.2640000000000002,1.0,3.1,21498.5,4187.9,2473.1762,4512720.41,1033546.93,281.568,1722.0,1919.0,,5.6,70.6,619938.0,16891.0,6.6,-79238.0,115.76053999999999,21.848,4671.82,-0.53813,-0.856,29617215.0,-2775350.0,-21303.12942523,39.7,,2.5,,
2021-12-17,280.845,285.18,112.191,111.418,287.812,267.899,4.8,2.682,2.3920000000000003,24813.6,21988.737,66011.0,100.5726,13.123,3.9,7.3,149816.0,227000.0,34.9,31.39,11520.0,62.0,0.08,0.08,0.664,1.436,1.8359999999999999,0.772,1.386,3.338,1.008,3.12,21498.5,4187.9,2473.1762,4512720.41,1033546.93,281.568,1722.0,1919.0,,5.6,70.6,619938.0,16891.0,6.6,-79238.0,116.00183999999999,20.726,4660.444,-0.54077,-0.6238,29617215.0,-2775350.0,-21303.12942523,39.7,,2.5,,
2021-12-24,280.845,285.18,112.191,111.418,287.812,267.899,4.8,2.69,2.4425,24813.6,21988.737,66011.0,100.5726,13.123,3.9,7.3,149816.0,215000.0,34.9,31.39,11520.0,62.0,0.08,0.08,0.685,1.4675,1.8775,0.7825,1.395,3.2475,1.0150000000000001,3.05,21498.5,4187.9,2473.1762,4512720.41,1033546.93,281.568,1722.0,1919.0,,5.6,70.6,619938.0,16891.0,6.6,-79238.0,115.850075,20.1175,4659.9,-0.54778,-0.6939,29617215.0,-2775350.0,-21303.12942523,39.7,,2.5,,
2021-12-31,280.845,285.18,112.191,111.418,287.812,267.899,4.8,2.818,2.534,24813.6,21988.737,66011.0,100.5726,13.123,3.9,7.3,149816.0,217000.0,34.9,31.39,11520.0,62.0,0.08,0.07857142857142858,0.742,1.512,1.9140000000000001,0.77,1.456,3.05,0.978,3.11,21498.5,4187.9,2473.1762,4512720.41,1033546.93,281.568,1722.0,1919.0,,5.6,70.6,619938.0,16891.0,6.6,-79238.0,115.3846,17.344,4783.102000000001,-0.55632,-0.9202,29617215.0,-2775350.0,-21303.12942523,39.7,,2.5,,
2022-01-07,282.543,286.757,112.805,111.976,290.077,270.189,4.9,2.8600000000000003,2.528,25250.347,21932.71,65773.0,100.1856,14.886,4.0,7.1,150006.0,229000.0,34.5,31.6,11210.0,62.2,0.08,0.07714285714285715,0.826,1.698,2.074,0.8720000000000001,1.6079999999999999,3.1119999999999997,0.9559999999999998,3.22,21650.1,3871.1,2486.9777,4527332.7,1043732.38,286.137,1702.0,1920.0,,5.8,67.2,631509.0,16993.8,4.2,-83599.0,115.26142,18.322,4732.752,-0.5622,-0.8509,30400960.0,-2775350.0,118698.85824166,41.7,,2.5,,
2022-01-14,282.543,286.757,112.805,111.976,290.077,270.189,4.9,2.804,2.474,25250.347,21932.71,65773.0,100.1856,14.886,4.0,7.1,150006.0,250000.0,34.5,31.6,11210.0,62.2,0.08,0.08,0.9280000000000002,1.75,2.088,0.8220000000000001,1.6280000000000001,3.134,0.9640000000000001,3.45,21650.1,3871.1,2486.9777,4527332.7,1043732.38,286.137,1702.0,1920.0,,5.8,67.2,631509.0,16993.8,4.2,-83599.0,114.59385999999999,18.986,4686.318,-0.56236,-0.8509,30400960.0,-2775350.0,118698.85824166,41.7,,2.5,,
2022-01-21,282.543,286.757,112.805,111.976,290.077,270.189,4.9,2.7425,2.3825,25250.347,21932.71,65773.0,100.1856,14.886,4.0,7.1,150006.0,246000.0,34.5,31.6,11210.0,62.2,0.08,0.08,1.0475,1.82,2.1325000000000003,0.7725,1.6524999999999999,3.1420000000000003,0.994,3.56,21650.1,3871.1,2486.9777,4527332.7,1043732.38,286.137,1702.0,1920.0,,5.8,67.2,631509.0,16993.8,4.2,-83599.0,114.606225,25.27,4497.635,-0.55582,-0.8509,30400960.0,-2775350.0,118698.85824166,41.7,,2.5,,
2022-01-28,282.543,286.757,112.805,111.976,290.077,270.189,4.9,2.766,2.402,25250.347,21932.71,65773.0,100.1856,14.886,4.0,7.1,150006.0,240000.0,34.5,31.6,11210.0,62.2,0.08,0.08,1.0939999999999999,1.794,2.1079999999999997,0.7,1.6019999999999999,3.4299999999999997,1.058,3.55,21650.1,3871.1,2486.9777,4527332.7,1043732.38,286.137,1702.0,1920.0,,5.8,67.2,631509.0,16993.8,4.2,-83599.0,115.49566,30.233999999999998,4374.974,-0.54182,-0.8509,30400960.0,-2775350.0,118698.85824166,41.7,,2.5,,
2022-02-04,284.5,288.273,113.471,112.468,292.899,275.322,4.9,2.79,2.414,25250.347,21932.71,65773.0,100.8064,14.198,3.9,7.2,150825.0,231000.0,34.7,31.64,11698.0,62.3,0.08,0.08,1.204,1.826,2.1420000000000003,0.622,1.6199999999999999,3.532,1.086,3.55,21725.2,3804.5,2499.0141,4558346.19,1055211.13,291.11,1735.0,1857.0,,6.0,62.8,638101.0,17106.0,4.1,-84685.0,115.22619999999999,23.29,4525.888,-0.52289,-0.8509,30400960.0,-2775350.0,-216589.75205605,41.7,,2.5,,
2022-02-11,284.5,288.273,113.471,112.468,292.899,275.322,4.9,2.786,2.4240000000000004,25250.347,21932.71,65773.0,100.8064,14.198,3.9,7.2,150825.0,210000.0,34.7,31.64,11698.0,62.3,0.08,0.08,1.424,1.954,2.252,0.53,1.6460000000000001,3.5420000000000003,1.094,3.69,21725.2,3804.5,2499.0141,4558346.19,1055211.13,291.11,1735.0,1857.0,,6.0,62.8,638101.0,17106.0,4.1,-84685.0,114.86323999999999,23.106,4503.062,-0.4975,-0.8509,30400960.0,-2775350.0,-216589.75205605,41.7,,2.5,,
2022-02-18,284.5,288.273,113.471,112.468,292.899,275.322,4.9,2.88,2.452,25250.347,21932.71,65773.0,100.8064,14.198,3.9,7.2,150825.0,234000.0,34.7,31.64,11698.0,62.3,0.08,0.08,1.528,1.9899999999999998,2.31,0.462,1.6059999999999999,3.722,1.1480000000000001,3.92,21725.2,3804.5,2499.0141,4558346.19,1055211.13,291.11,1735.0,1857.0,,6.0,62.8,638101.0,17106.0,4.1,-84685.0,114.85737999999999,26.836000000000002,4415.376,-0.46794,-0.8509,30400960.0,-2775350.0,-216589.75205605,41.7,,2.5,,
2022-02-25,284.5,288.273,113.471,112.468,292.899,275.322,4.9,2.9924999999999997,2.5175,25250.347,21932.71,65773.0,100.8064,14.198,3.9,7.2,150825.0,224000.0,34.7,31.64,11698.0,62.3,0.08,0.08,1.5575,1.9649999999999999,2.275,0.4075,1.625,3.7600000000000002,1.252,3.89,21725.2,3804.5,2499.0141,4558346.19,1055211.13,291.11,1735.0,1857.0,,6.0,62.8,638101.0,17106.0,4.1,-84685.0,115.14165,29.435,4300.9025,-0.43842,-0.8509,30400960.0,-2775350.0,-216589.75205605,41.7,,2.5,,
2022-03-04,287.674,289.056,114.469,112.914,295.546,303.099,5.4,3.168,2.662,25250.347,21932.71,65773.0,101.3907,14.221,3.7,7.0,151315.0,208000.0,34.7,31.8,12301.0,62.4,0.2,0.08,1.456,1.802,2.184,0.346,1.456,3.7960000000000003,1.334,3.76,21787.2,3874.7,2538.9137,4600150.62,1079329.43,296.345,1712.0,1868.0,,6.8,59.4,651027.0,17347.2,3.2,-99398.0,115.87613999999999,31.333999999999996,4351.82,-0.41134,-0.8509,30400960.0,-2775350.0,-192682.38665693,41.7,,2.5,,
2022-03-11,287.674,289.056,114.469,112.914,295.546,303.099,5.4,3.3980000000000006,2.8619999999999997,25250.347,21932.71,65773.0,101.3907,14.221,3.7,7.0,151315.0,222000.0,34.7,31.8,12301.0,62.4,0.2,0.08,1.666,1.9120000000000001,2.2920000000000003,0.246,1.53,4.006,1.474,3.85,21787.2,3874.7,2538.9137,4600150.62,1079329.43,296.345,1712.0,1868.0,,6.8,59.4,651027.0,17347.2,3.2,-99398.0,117.06016,33.002,4222.7,-0.39032,-0.8509,30400960.0,-2775350.0,-192682.38665693,41.7,,2.5,,
2022-03-18,287.674,289.056,114.469,112.914,295.546,303.099,5.4,3.45,2.868,25250.347,21932.71,65773.0,101.3907,14.221,3.7,7.0,151315.0,217000.0,34.7,31.8,12301.0,62.4,0.2,0.15142857142857144,1.916,2.164,2.468,0.248,1.73,3.9899999999999998,1.45,4.16,21787.2,3874.7,2538.9137,4600150.62,1079329.43,296.345,1712.0,1868.0,,6.8,59.4,651027.0,17347.2,3.2,-99398.0,116.67768000000001,27.562,4333.642,-0.37833,-0.8509,30400960.0,-2775350.0,-192682.38665693,41.7,,2.4,,
2022-03-25,287.674,289.056,114.469,112.914,295.546,303.099,5.4,3.554,2.9240000000000004,25250.347,21932.71,65773.0,101.3907,14.221,3.7,7.0,151315.0,207000.0,34.7,31.8,12301.0,62.4,0.2,0.33,2.1759999999999997,2.368,2.556,0.192,1.844,3.654,1.312,4.42,21787.2,3874.7,2538.9137,4600150.62,1079329.43,296.345,1712.0,1868.0,,6.8,59.4,651027.0,17347.2,3.2,-99398.0,115.95584000000001,22.504,4498.45,-0.37257,-0.8509,30400960.0,-2775350.0,-192682.38665693,41.7,,2.4,,
2022-04-01,288.561,290.514,114.812,113.307,298.339,295.455,5.4,3.3979999999999997,2.8619999999999997,25861.292,21967.045,65777.0,101.44,14.615,3.7,7.0,151623.0,214000.0,34.6,31.96,11861.0,62.2,0.33,0.33,2.346,2.386,2.492,0.04,1.8380000000000003,3.4159999999999995,1.244,4.67,21769.4,3615.4,2565.6296,4633199.93,1092969.86,300.378,1820.0,1859.0,,8.3,65.2,660194.0,17490.0,2.6,-82878.0,115.5088,19.61,4577.168,-0.37025,-0.8509,30568582.0,-2775350.0,308215.06052679,41.7,,2.4,,
2022-04-08,288.561,290.514,114.812,113.307,298.339,295.455,5.4,3.2920000000000003,2.832,25861.292,21967.045,65777.0,101.44,14.615,3.7,7.0,151623.0,214000.0,34.6,31.96,11861.0,62.2,0.33,0.33,2.488,2.59,2.626,0.10200000000000001,1.918,3.438,1.178,4.72,21769.4,3615.4,2565.6296,4633199.93,1092969.86,300.378,1820.0,1859.0,,8.3,65.2,660194.0,17490.0,2.6,-82878.0,115.9819,20.881999999999998,4515.4800000000005,-0.36781,-0.8509,30568582.0,-2775350.0,308215.06052679,41.7,,2.4,,
2022-04-15,288.561,290.514,114.812,113.307,298.339,295.455,5.4,3.315,2.865,25861.292,21967.045,65777.0,101.44,14.615,3.7,7.0,151623.0,214000.0,34.6,31.96,11861.0,62.2,0.33,0.33,2.4325,2.7600000000000002,2.8475,0.3275,1.9975,3.7325,1.2525,5.0,21769.4,3615.4,2565.6296,4633199.93,1092969.86,300.378,1820.0,1859.0,,8.3,65.2,660194.0,17490.0,2.6,-82878.0,116.53276000000001,23.2875,4412.29,-0.36109,-0.8509,30568582.0,-2775350.0,308215.06052679,41.7,,2.4,,
2022-04-22,288.561,290.514,114.812,113.307,298.339,295.455,5.4,3.364,2.9539999999999997,25861.292,21967.045,65777.0,101.44,14.615,3.7,7.0,151623.0,210000.0,34.6,31.96,11861.0,62.2,0.33,0.33,2.614,2.886,2.95,0.272,2.066,3.586,1.294,5.11,21769.4,3615.4,2565.6296,4633199.93,1092969.86,300.378,1820.0,1859.0,,8.3,65.2,660194.0,17490.0,2.6,-82878.0,117.17378,22.95,4395.758,-0.35086,-0.8509,30568582.0,-2775350.0,308215.06052679,41.7,,2.4,,
2022-04-29,288.561,290.514,114.812,113.307,298.339,295.455,5.4,3.2979999999999996,2.898,25861.292,21967.045,65777.0,101.44,14.615,3.7,7.0,151623.0,209000.0,34.6,31.96,11861.0,62.2,0.33,0.33,2.616,2.8280000000000003,2.9059999999999997,0.21200000000000002,1.982,3.8560000000000003,1.3719999999999999,5.1,21769.4,3615.4,2565.6296,4633199.93,1092969.86,300.378,1820.0,1859.0,,8.3,65.2,660194.0,17490.0,2.6,-82878.0,119.32422,31.106,4214.942,-0.33594,-0.8509,30568582.0,-2775350.0,308215.06052679,41.7,,2.4,,
2022-05-06,291.298,292.063,115.525,113.703,301.755,309.052,5.3,3.222,2.846,25861.292,21967.045,65777.0,101.3335,13.291,3.6,7.1,151924.0,218000.0,34.6,32.1,11535.0,62.3,0.77,0.47285714285714286,2.7199999999999998,3.012,3.098,0.292,2.132,4.05,1.4033333333333333,5.27,21719.9,3317.9,2610.2452,4662495.89,1101405.35,303.352,1531.0,1704.0,,8.2,58.4,659847.0,17574.5,2.6,-82157.0,119.8021,29.68,4180.248,-0.31841,-0.8509,30568582.0,-2775350.0,-66222.56120958,41.7,,2.4,,
2022-05-13,291.298,292.063,115.525,113.703,301.755,309.052,5.3,2.98,2.6759999999999997,25861.292,21967.045,65777.0,101.3335,13.291,3.6,7.1,151924.0,204000.0,34.6,32.1,11535.0,62.3,0.77,0.83,2.612,2.944,3.092,0.332,2.002,4.587999999999999,1.458,5.3,21719.9,3317.9,2610.2452,4662495.89,1101405.35,303.352,1531.0,1704.0,,8.2,58.4,659847.0,17574.5,2.6,-82157.0,120.75753999999999,32.188,3976.2879999999996,-0.2996,-0.8509,30568582.0,-2775350.0,-66222.56120958,41.7,,2.4,,
2022-05-20,291.298,292.063,115.525,113.703,301.755,309.052,5.3,3.004,2.65,25861.292,21967.045,65777.0,101.3335,13.291,3.6,7.1,151924.0,225000.0,34.6,32.1,11535.0,62.3,0.77,0.83,2.6399999999999997,2.8739999999999997,3.074,0.23399999999999999,1.826,4.796,1.518,5.25,21719.9,3317.9,2610.2452,4662495.89,1101405.35,303.352,1531.0,1704.0,,8.2,58.4,659847.0,17574.5,2.6,-82157.0,119.87962,28.662,3964.5379999999996,-0.28058,-0.8509,30568582.0,-2775350.0,-66222.56120958,41.7,,2.4,,
2022-05-27,291.298,292.063,115.525,113.703,301.755,309.052,5.3,2.916,2.592,25861.292,21967.045,65777.0,101.3335,13.291,3.6,7.1,151924.0,211000.0,34.6,32.1,11535.0,62.3,0.77,0.83,2.512,2.772,2.998,0.26,1.704,4.614,1.482,5.1,21719.9,3317.9,2610.2452,4662495.89,1101405.35,303.352,1531.0,1704.0,,8.2,58.4,659847.0,17574.5,2.6,-82157.0,118.67066,27.904000000000003,4022.0080000000003,-0.25925,-0.8509,30568582.0,-2775350.0,-66222.56120958,41.7,,2.4,,
2022-06-03,294.957,294.05,116.638,114.376,304.834,330.456,5.3,2.9825,2.6725000000000003,25861.292,21967.045,65777.0,101.018,13.821,3.6,6.7,152358.0,199000.0,34.6,32.19,11283.0,62.2,1.21,0.83,2.625,2.9175,3.09,0.2925,1.745,4.18,1.388,5.09,21651.5,3228.4,2667.8801,4700193.52,1120580.97,304.146,1551.0,1737.0,,9.7,50.0,666113.0,17755.2,2.2,-79785.0,118.261725,25.586000000000002,4129.6849999999995,-0.23616,-0.8509,30568582.0,-2775350.0,-88841.51292609,41.7,,2.4,,
2022-06-10,294.957,294.05,116.638,114.376,304.834,330.456,5.3,3.07,2.75,25861.292,21967.045,65777.0,101.018,13.821,3.6,6.7,152358.0,213000.0,34.6,32.19,11283.0,62.2,1.21,0.83,2.83,3.048,3.176,0.21800000000000003,1.75,4.36,1.3820000000000001,5.23,21651.5,3228.4,2667.8801,4700193.52,1120580.97,304.146,1551.0,1737.0,,9.7,50.0,666113.0,17755.2,2.2,-79785.0,118.81306,25.378,4063.3120000000004,-0.21172,-0.8509,30568582.0,-2775350.0,-88841.51292609,41.7,,2.4,,
2022-06-17,294.957,294.05,116.638,114.376,304.834,330.456,5.3,2.932,2.648,25861.292,21967.045,65777.0,101.018,13.821,3.6,6.7,152358.0,211000.0,34.6,32.19,11283.0,62.2,1.21,1.0442857142857143,3.272,3.3560000000000003,3.382,0.084,1.652,4.982,1.472,5.78,21651.5,3228.4,2667.8801,4700193.52,1120580.97,304.146,1551.0,1737.0,,9.7,50.0,666113.0,17755.2,2.2,-79785.0,121.27356,32.082,3723.3419999999996,-0.18795,-0.8509,30568582.0,-2775350.0,-88841.51292609,41.7,,2.5,,
2022-06-24,294.957,294.05,116.638,114.376,304.834,330.456,5.3,2.7725,2.5525,25861.292,21967.045,65777.0,101.018,13.821,3.6,6.7,152358.0,214000.0,34.6,32.19,11283.0,62.2,1.21,1.58,3.08,3.1725,3.2775,0.0925,1.5,5.215999999999999,1.528,5.81,21651.5,3228.4,2667.8801,4700193.52,1120580.97,304.146,1551.0,1737.0,,9.7,50.0,666113.0,17755.2,2.2,-79785.0,120.602475,29.29,3808.0375,-0.17221,-0.8509,30568582.0,-2775350.0,-88841.51292609,41.7,,2.5,,
2022-07-01,294.913,295.088,116.631,114.628,308.193,314.345,5.2,2.658,2.412,26336.304,22125.625,66120.0,101.223,13.87,3.5,6.8,153072.0,212000.0,34.6,32.34,11576.0,62.1,1.68,1.58,3.0,3.072,3.2159999999999997,0.072,1.31,5.556,1.5939999999999999,5.7,21652.9,3258.7,2699.2413,4722322.76,1130232.51,303.207,1381.0,1703.0,,10.6,51.5,659550.0,17770.1,3.3,-68396.0,120.84523999999999,27.776,3830.2400000000002,-0.16602,-0.8509,30928912.0,-2775350.0,-211051.76005026,41.7,,2.5,,
2022-07-08,294.913,295.088,116.631,114.628,308.193,314.345,5.2,2.535,2.3225,26336.304,22125.625,66120.0,101.223,13.87,3.5,6.8,153072.0,214000.0,34.6,32.34,11576.0,62.1,1.68,1.58,2.985,2.9625,3.165,-0.0225,1.03,5.715999999999999,1.6280000000000001,5.3,21652.9,3258.7,2699.2413,4722322.76,1130232.51,303.207,1381.0,1703.0,,10.6,51.5,659550.0,17770.1,3.3,-68396.0,122.704875,26.504,3869.6175,-0.16942,-0.8509,30928912.0,-2775350.0,-211051.76005026,41.7,,2.5,,
2022-07-15,294.913,295.088,116.631,114.628,308.193,314.345,5.2,2.54,2.3299999999999996,26336.304,22125.625,66120.0,101.223,13.87,3.5,6.8,153072.0,212000.0,34.6,32.34,11576.0,62.1,1.68,1.58,3.102,2.95,3.12,-0.152,0.6380000000000001,5.452,1.588,5.51,21652.9,3258.7,2699.2413,4722322.76,1130232.51,303.207,1381.0,1703.0,,10.6,51.5,659550.0,17770.1,3.3,-68396.0,123.51438,26.182,3825.71,-0.18279,-0.8509,30928912.0,-2775350.0,-211051.76005026,41.7,,2.5,,
2022-07-22,294.913,295.088,116.631,114.628,308.193,314.345,5.2,2.616,2.362,26336.304,22125.625,66120.0,101.223,13.87,3.5,6.8,153072.0,216000.0,34.6,32.34,11576.0,62.1,1.68,1.58,3.1420000000000003,2.9379999999999997,3.112,-0.20400000000000001,0.438,5.04,1.53,5.54,21652.9,3258.7,2699.2413,4722322.76,1130232.51,303.207,1381.0,1703.0,,10.6,51.5,659550.0,17770.1,3.3,-68396.0,122.64169999999999,23.964,3937.6040000000003,-0.20177,-0.8509,30928912.0,-2775350.0,-211051.76005026,41.7,,2.5,,
2022-07-29,294.913,295.088,116.631,114.628,308.193,314.345,5.2,2.63,2.4299999999999997,26336.304,22125.625,66120.0,101.223,13.87,3.5,6.8,153072.0,221000.0,34.6,32.34,11576.0,62.1,1.68,1.792857142857143,2.944,2.75,3.024,-0.194,0.262,4.965999999999999,1.54,5.3,21652.9,3258.7,2699.2413,4722322.76,1130232.51,303.207,1381.0,1703.0,,10.6,51.5,659550.0,17770.1,3.3,-68396.0,122.38366,22.99,4022.844,-0.21984,-0.8509,30928912.0,-2775350.0,-211051.76005026,41.7,,2.5,,
2022-08-05,295.097,296.535,116.956,115.276,310.794,298.331,4.8,2.682,2.482,26336.304,22125.625,66120.0,101.0963,14.184,3.6,6.9,153362.0,228000.0,34.5,32.44,10092.0,62.3,2.33,2.327142857142857,3.066,2.718,2.982,-0.348,0.174,4.628333333333333,1.5083333333333335,4.99,21638.4,3305.9,2724.0968,4751733.84,1144559.98,300.977,1531.0,1557.0,,8.7,58.2,663566.0,17916.5,3.2,-66959.0,121.98052,22.262,4132.424,-0.23301,-0.8509,30928912.0,-2775350.0,-219596.24094964,41.7,,2.5,,
2022-08-12,295.097,296.535,116.956,115.276,310.794,298.331,4.8,2.652,2.464,26336.304,22125.625,66120.0,101.0963,14.184,3.6,6.9,153362.0,221000.0,34.5,32.44,10092.0,62.3,2.33,2.3300000000000005,3.2399999999999998,2.812,3.064,-0.42800000000000005,0.16799999999999998,4.332,1.458,5.22,21638.4,3305.9,2724.0968,4751733.84,1144559.98,300.977,1531.0,1557.0,,8.7,58.2,663566.0,17916.5,3.2,-66959.0,121.24566,20.506,4192.0380000000005,-0.24043,-0.8509,30928912.0,-2775350.0,-219596.24094964,41.7,,2.5,,
2022-08-19,295.097,296.535,116.956,115.276,310.794,298.331,4.8,2.66,2.482,26336.304,22125.625,66120.0,101.0963,14.184,3.6,6.9,153362.0,220000.0,34.5,32.44,10092.0,62.3,2.33,2.3300000000000005,3.2399999999999998,2.872,3.144,-0.368,0.162,4.328,1.406,5.13,21638.4,3305.9,2724.0968,4751733.84,1144559.98,300.977,1531.0,1557.0,,8.7,58.2,663566.0,17916.5,3.2,-66959.0,122.11922,19.94,4277.719999999999,-0.2381,-0.8509,30928912.0,-2775350.0,-219596.24094964,41.7,,2.5,,
2022-08-26,295.097,296.535,116.956,115.276,310.794,298.331,4.8,2.7600000000000002,2.588,26336.304,22125.625,66120.0,101.0963,14.184,3.6,6.9,153362.0,215000.0,34.5,32.44,10092.0,62.3,2.33,2.3300000000000005,3.338,3.052,3.2560000000000002,-0.286,0.21000000000000002,4.632,1.432,5.55,21638.4,3305.9,2724.0968,4751733.84,1144559.98,300.977,1531.0,1557.0,,8.7,58.2,663566.0,17916.5,3.2,-66959.0,123.17858000000001,23.613999999999997,4132.854,-0.22565,-0.8509,30928912.0,-2775350.0,-219596.24094964,41.7,,2.5,,
2022-09-02,296.349,298.226,117.371,115.788,312.901,294.103,4.7,2.606,2.5060000000000002,26336.304,22125.625,66120.0,101.2918,14.12,3.5,6.7,153582.0,210000.0,34.6,32.57,10800.0,62.2,2.56,2.3300000000000005,3.4479999999999995,3.168,3.2939999999999996,-0.27999999999999997,0.20600000000000002,4.970000000000001,1.474,5.66,21536.7,3131.4,2747.7509,4778626.2,1154880.21,299.027,1488.0,1600.0,,10.1,58.6,661854.0,17992.8,3.4,-67781.0,123.77266,25.863999999999997,3972.576,-0.20486,-0.8509,30928912.0,-2775350.0,-429673.47896184,41.7,,2.5,,
2022-09-09,296.349,298.226,117.371,115.788,312.901,294.103,4.7,2.51,2.44,26336.304,22125.625,66120.0,101.2918,14.12,3.5,6.7,153582.0,203000.0,34.6,32.57,10800.0,62.2,2.56,2.3300000000000005,3.4975,3.305,3.4575,-0.1925,0.2425,4.878,1.498,5.89,21536.7,3131.4,2747.7509,4778626.2,1154880.21,299.027,1488.0,1600.0,,10.1,58.6,661854.0,17992.8,3.4,-67781.0,124.4933,24.788,3990.4,-0.17918,-0.8509,30928912.0,-2775350.0,-429673.47896184,41.7,,2.5,,
2022-09-16,296.349,298.226,117.371,115.788,312.901,294.103,4.7,2.552,2.4259999999999997,26336.304,22125.625,66120.0,101.2918,14.12,3.5,6.7,153582.0,195000.0,34.6,32.57,10800.0,62.2,2.56,2.3300000000000005,3.7659999999999996,3.4200000000000004,3.502,-0.346,0.198,4.7379999999999995,1.462,6.02,21536.7,3131.4,2747.7509,4778626.2,1154880.21,299.027,1488.0,1600.0,,10.1,58.6,661854.0,17992.8,3.4,-67781.0,124.39439999999999,25.974,3952.7580000000003,-0.15154,-0.8509,30928912.0,-2775350.0,-429673.47896184,41.7,,2.5,,
2022-09-23,296.349,298.226,117.371,115.788,312.901,294.103,4.7,2.444,2.38,26336.304,22125.625,66120.0,101.2918,14.12,3.5,6.7,153582.0,202000.0,34.6,32.57,10800.0,62.2,2.56,2.5442857142857145,4.048,3.592,3.5740000000000003,-0.45600000000000007,0.27999999999999997,4.932,1.48,6.29,21536.7,3131.4,2747.7509,4778626.2,1154880.21,299.027,1488.0,1600.0,,10.1,58.6,661854.0,17992.8,3.4,-67781.0,125.86542,27.636000000000003,3799.3940000000002,-0.12639,-0.8509,30928912.0,-2775350.0,-429673.47896184,41.7,,2.5,,
2022-09-30,296.349,298.226,117.371,115.788,312.901,294.103,4.7,2.274,2.2640000000000002,26336.304,22125.625,66120.0,101.2918,14.12,3.5,6.7,153582.0,190000.0,34.6,32.57,10800.0,62.2,2.56,3.0800000000000005,4.204,3.832,3.758,-0.372,0.466,5.359999999999999,1.6280000000000001,6.7,21536.7,3131.4,2747.7509,4778626.2,1154880.21,299.027,1488.0,1600.0,,10.1,58.6,661854.0,17992.8,3.4,-67781.0,128.00788,31.7,3649.4919999999997,-0.10757,-0.8509,30928912.0,-1375920.0,-429673.47896184,41.7,,2.5,,
2022-10-07,298.007,299.399,117.919,116.204,315.038,299.945,5.0,2.29,2.2380000000000004,26770.514,22278.345,66433.0,101.2529,15.099,3.6,6.7,153939.0,203000.0,34.6,32.7,10447.0,62.2,3.08,3.0800000000000005,4.18,3.754,3.776,-0.426,0.298,5.122,1.608,6.66,21461.7,3055.7,2771.3899,4810383.4,1166450.88,298.773,1435.0,1594.0,,9.7,59.9,668671.0,18109.6,3.4,-74773.0,126.93704,29.919999999999998,3727.364,-0.10031,-0.8509,31419689.0,-1375920.0,-87797.83631139,41.7,,2.5,,
2022-10-14,298.007,299.399,117.919,116.204,315.038,299.945,5.0,2.375,2.3375,26770.514,22278.345,66433.0,101.2529,15.099,3.6,6.7,153939.0,207000.0,34.6,32.7,10447.0,62.2,3.08,3.0800000000000005,4.3825,3.9525,3.9450000000000003,-0.43,0.21,5.198,1.6780000000000002,6.92,21461.7,3055.7,2771.3899,4810383.4,1166450.88,298.773,1435.0,1594.0,,9.7,59.9,668671.0,18109.6,3.4,-74773.0,127.96832500000001,32.722,3606.2480000000005,-0.10202,-0.8509,31419689.0,-1375920.0,-87797.83631139,41.7,,2.5,,
2022-10-21,298.007,299.399,117.919,116.204,315.038,299.945,5.0,2.54,2.462,26770.514,22278.345,66433.0,101.2529,15.099,3.6,6.7,153939.0,199000.0,34.6,32.7,10447.0,62.2,3.08,3.0800000000000005,4.508,4.124,4.16,-0.384,0.072,4.968,1.698,6.94,21461.7,3055.7,2771.3899,4810383.4,1166450.88,298.773,1435.0,1594.0,,9.7,59.9,668671.0,18109.6,3.4,-74773.0,127.92712000000002,30.46,3702.3239999999996,-0.11232,-0.8509,31419689.0,-1375920.0,-87797.83631139,41.7,,2.5,,
2022-10-28,298.007,299.399,117.919,116.204,315.038,299.945,5.0,2.618,2.5,26770.514,22278.345,66433.0,101.2529,15.099,3.6,6.7,153939.0,202000.0,34.6,32.7,10447.0,62.2,3.08,3.0800000000000005,4.404,4.074,4.224,-0.32999999999999996,-0.07,4.7780000000000005,1.6759999999999997,7.08,21461.7,3055.7,2771.3899,4810383.4,1166450.88,298.773,1435.0,1594.0,,9.7,59.9,668671.0,18109.6,3.4,-74773.0,127.15922,27.746000000000002,3839.082,-0.12735,-0.8509,31419689.0,-1375920.0,-87797.83631139,41.7,,2.5,,
2022-11-04,298.786,300.325,118.224,116.539,316.62,298.107,5.0,2.63,2.488,26770.514,22278.345,66433.0,100.9552,14.583,3.6,6.7,154242.0,202000.0,34.5,32.82,10632.0,62.1,3.78,3.2942857142857145,4.606,4.116,4.192,-0.48999999999999994,-0.11000000000000001,4.688,1.634,6.95,21406.7,3126.2,2789.4296,4840742.38,1182559.74,298.465,1424.0,1401.0,,9.2,56.7,659458.0,18108.0,3.8,-62798.0,127.53063999999999,25.48,3795.642,-0.14506,-0.8509,31419689.0,-1375920.0,-248534.88065258,41.7,,2.5,,
2022-11-11,298.786,300.325,118.224,116.539,316.62,298.107,5.0,2.57,2.46,26770.514,22278.345,66433.0,100.9552,14.583,3.6,6.7,154242.0,204000.0,34.5,32.82,10632.0,62.1,3.78,3.8300000000000005,4.585,4.075,4.24,-0.51,-0.21000000000000002,4.82,1.59,7.08,21406.7,3126.2,2789.4296,4840742.38,1182559.74,298.465,1424.0,1401.0,,9.2,56.7,659458.0,18108.0,3.8,-62798.0,125.657425,24.406,3866.5559999999996,-0.16199,-0.8509,31419689.0,-1375920.0,-248534.88065258,41.7,,2.5,,
2022-11-18,298.786,300.325,118.224,116.539,316.62,298.107,5.0,2.354,2.308,26770.514,22278.345,66433.0,100.9552,14.583,3.6,6.7,154242.0,210000.0,34.5,32.82,10632.0,62.1,3.78,3.8300000000000005,4.412,3.7879999999999994,3.942,-0.624,-0.538,4.684,1.48,6.61,21406.7,3126.2,2789.4296,4840742.38,1182559.74,298.465,1424.0,1401.0,,9.2,56.7,659458.0,18108.0,3.8,-62798.0,123.51556000000001,23.886000000000003,3963.9339999999997,-0.17479,-0.8509,31419689.0,-1375920.0,-248534.88065258,41.7,,2.5,,
2022-11-25,298.786,300.325,118.224,116.539,316.62,298.107,5.0,2.34,2.3175,26770.514,22278.345,66433.0,100.9552,14.583,3.6,6.7,154242.0,220000.0,34.5,32.82,10632.0,62.1,3.78,3.8300000000000005,4.4575,3.745,3.805,-0.7125,-0.6599999999999999,4.55,1.422,6.58,21406.7,3126.2,2789.4296,4840742.38,1182559.74,298.465,1424.0,1401.0,,9.2,56.7,659458.0,18108.0,3.8,-62798.0,124.00835000000001,20.984,4001.725,-0.18267,-0.8509,31419689.0,-1375920.0,-248534.88065258,41.7,,2.5,,
2022-12-02,298.832,301.394,118.384,116.952,317.813,286.33,4.3,2.3920000000000003,2.3280000000000003,26770.514,22278.345,66433.0,99.7664,13.874,3.5,6.6,154342.0,209000.0,34.4,32.94,10902.0,62.3,4.1,3.8300000000000005,4.37,3.632,3.71,-0.738,-0.734,4.558,1.41,6.49,21290.9,3107.3,2798.0126,4858438.6,1192639.7,297.837,1308.0,1410.0,,8.7,59.8,651763.0,18116.5,4.2,-70521.0,122.95938000000001,20.716,4029.9900000000002,-0.18747,-0.8509,31419689.0,-1375920.0,-85000.73657788,41.7,,2.5,,
2022-12-09,298.832,301.394,118.384,116.952,317.813,286.33,4.3,2.366,2.3,26770.514,22278.345,66433.0,99.7664,13.874,3.5,6.6,154342.0,209000.0,34.4,32.94,10902.0,62.3,4.1,3.8300000000000005,4.33,3.5159999999999996,3.5119999999999996,-0.8140000000000001,-0.806,4.537999999999999,1.386,6.33,21290.9,3107.3,2798.0126,4858438.6,1192639.7,297.837,1308.0,1410.0,,8.7,59.8,651763.0,18116.5,4.2,-70521.0,122.65072,22.144,3954.382,-0.19066,-0.8509,31419689.0,-1375920.0,-85000.73657788,41.7,,2.5,,
2022-12-16,298.832,301.394,118.384,116.952,317.813,286.33,4.3,2.252,2.2,26770.514,22278.345,66433.0,99.7664,13.874,3.5,6.6,154342.0,209000.0,34.4,32.94,10902.0,62.3,4.1,3.9728571428571433,4.248,3.5060000000000002,3.526,-0.742,-0.836,4.464,1.374,6.31,21290.9,3107.3,2798.0126,4858438.6,1192639.7,297.837,1308.0,1410.0,,8.7,59.8,651763.0,18116.5,4.2,-70521.0,122.32914000000001,22.828,3950.728,-0.1972,-0.8509,31419689.0,-1375920.0,-85000.73657788,41.7,,2.5,,
2022-12-23,298.832,301.394,118.384,116.952,317.813,286.33,4.3,2.258,2.21,26770.514,22278.345,66433.0,99.7664,13.874,3.5,6.6,154342.0,213000.0,34.4,32.94,10902.0,62.3,4.1,4.33,4.252,3.6719999999999997,3.7299999999999995,-0.5800000000000001,-0.6759999999999999,4.622,1.396,6.27,21290.9,3107.3,2798.0126,4858438.6,1192639.7,297.837,1308.0,1410.0,,8.7,59.8,651763.0,18116.5,4.2,-70521.0,122.23244,21.362000000000002,3836.986,-0.20736,-0.8509,31419689.0,-1375920.0,-85000.73657788,41.7,,2.5,,
2022-12-30,298.832,301.394,118.384,116.952,317.813,286.33,4.3,2.3275,2.2775,26770.514,22278.345,66433.0,99.7664,13.874,3.5,6.6,154342.0,205000.0,34.4,32.94,10902.0,62.3,4.1,4.33,4.345,3.8575,3.95,-0.4875,-0.59,4.7299999999999995,1.3849999999999998,6.42,21290.9,3107.3,2798.0126,4858438.6,1192639.7,297.837,1308.0,1410.0,,8.7,59.8,651763.0,18116.5,4.2,-70521.0,121.711175,21.725,3825.3125,-0.22471,-0.8509,31419689.0,-1375920.0,-85000.73657788,41.7,,2.5,,
2023-01-06,300.42,302.642,119.018,117.505,319.3,292.615,3.9,2.225,2.2275,27216.445,22439.607,66789.0,100.505,15.657,3.5,6.7,154776.0,205000.0,34.6,33.02,10318.0,62.4,4.33,4.33,4.362500000000001,3.685,3.785,-0.6775,-0.9175,4.636,1.396,6.48,21279.9,3029.9,2811.8455,4874098.11,1200987.99,297.428,1361.0,1410.0,,8.1,64.9,680253.0,18449.1,4.9,-68800.0,121.69454999999999,22.125,3845.0724999999998,-0.24739,-0.8509,31458438.0,-1375920.0,-38783.77183922,41.8,,2.5,,
2023-01-13,300.42,302.642,119.018,117.505,319.3,292.615,3.9,2.2,2.216,27216.445,22439.607,66789.0,100.505,15.657,3.5,6.7,154776.0,210000.0,34.6,33.02,10318.0,62.4,4.33,4.33,4.194,3.5200000000000005,3.6480000000000006,-0.674,-1.176,4.3,1.342,6.33,21279.9,3029.9,2811.8455,4874098.11,1200987.99,297.428,1361.0,1410.0,,8.1,64.9,680253.0,18449.1,4.9,-68800.0,119.82991999999999,20.163999999999998,3952.642,-0.27182,-0.8509,31458438.0,-1375920.0,-38783.77183922,41.8,,2.5,,
2023-01-20,300.42,302.642,119.018,117.505,319.3,292.615,3.9,2.1775,2.18,27216.445,22439.607,66789.0,100.505,15.657,3.5,6.7,154776.0,204000.0,34.6,33.02,10318.0,62.4,4.33,4.33,4.1175,3.4425,3.6025,-0.675,-1.2650000000000001,4.274,1.3,6.15,21279.9,3029.9,2811.8455,4874098.11,1200987.99,297.428,1361.0,1410.0,,8.1,64.9,680253.0,18449.1,4.9,-68800.0,119.311725,19.912,3947.8225,-0.29272,-0.8509,31458438.0,-1375920.0,-38783.77183922,41.8,,2.5,,
2023-01-27,300.42,302.642,119.018,117.505,319.3,292.615,3.9,2.3,2.3,27216.445,22439.607,66789.0,100.505,15.657,3.5,6.7,154776.0,204000.0,34.6,33.02,10318.0,62.4,4.33,4.33,4.16,3.4899999999999998,3.6380000000000003,-0.67,-1.232,4.284000000000001,1.272,6.13,21279.9,3029.9,2811.8455,4874098.11,1200987.99,297.428,1361.0,1410.0,,8.1,64.9,680253.0,18449.1,4.9,-68800.0,119.03022000000001,19.066,4036.7940000000003,-0.30935,-0.8509,31458438.0,-1375920.0,-38783.77183922,41.8,,2.5,,
2023-02-03,301.45,304.123,119.369,117.929,320.543,288.702,4.2,2.278,2.244,27216.445,22439.607,66789.0,100.6416,15.47,3.6,6.8,155066.0,200000.0,34.5,33.15,9857.0,62.5,4.57,4.401428571428572,4.188,3.478,3.6079999999999997,-0.71,-1.21,4.151999999999999,1.232,6.09,21243.7,3021.8,2806.7126,4884884.3,1205245.27,297.701,1399.0,1618.0,,8.2,66.9,672152.0,18491.6,5.5,-69202.0,118.87060000000001,18.854,4105.964,-0.31659,-0.8509,31458438.0,-1375920.0,-262433.84319423,41.8,,2.5,,
2023-02-10,301.45,304.123,119.369,117.929,320.543,288.702,4.2,2.4219999999999997,2.3120000000000003,27216.445,22439.607,66789.0,100.6416,15.47,3.6,6.8,155066.0,215000.0,34.5,33.15,9857.0,62.5,4.57,4.578571428571428,4.468,3.668,3.7340000000000004,-0.8,-1.072,4.068,1.206,6.12,21243.7,3021.8,2806.7126,4884884.3,1205245.27,297.701,1399.0,1618.0,,8.2,66.9,672152.0,18491.6,5.5,-69202.0,120.23042000000001,19.792,4112.9800000000005,-0.3127,-0.8509,31458438.0,-1375920.0,-262433.84319423,41.8,,2.5,,
2023-02-17,301.45,304.123,119.369,117.929,320.543,288.702,4.2,2.484,2.34,27216.445,22439.607,66789.0,100.6416,15.47,3.6,6.8,155066.0,220000.0,34.5,33.15,9857.0,62.5,4.57,4.58,4.5920000000000005,3.7960000000000003,3.85,-0.796,-1.02,4.236,1.238,6.32,21243.7,3021.8,2806.7126,4884884.3,1205245.27,297.701,1399.0,1618.0,,8.2,66.9,672152.0,18491.6,5.5,-69202.0,120.27582,19.534,4118.104,-0.29812,-0.8509,31458438.0,-1375920.0,-262433.84319423,41.8,,2.5,,
2023-02-24,301.45,304.123,119.369,117.929,320.543,288.702,4.2,2.5175,2.4,27216.445,22439.607,66789.0,100.6416,15.47,3.6,6.8,155066.0,217000.0,34.5,33.15,9857.0,62.5,4.57,4.58,4.6925,3.9275,3.9325,-0.765,-0.9225,4.372,1.276,6.5,21243.7,3021.8,2806.7126,4884884.3,1205245.27,297.701,1399.0,1618.0,,8.2,66.9,672152.0,18491.6,5.5,-69202.0,121.03055,21.84,3992.6875,-0.27274,-0.8509,31458438.0,-1375920.0,-262433.84319423,41.8,,2.5,,
2023-03-03,301.821,305.147,119.538,118.315,320.554,282.868,3.6,2.604,2.446,27216.445,22439.607,66789.0,101.0205,15.621,3.5,6.7,155134.0,207000.0,34.4,33.27,9655.0,62.6,4.65,4.574285714285715,4.846,3.9799999999999995,3.9520000000000004,-0.866,-0.9179999999999999,4.1659999999999995,1.278,6.65,20947.4,3258.4,2797.7693,4909583.56,1222516.82,298.78,1377.0,1480.0,,7.9,62.0,665071.0,18520.4,6.0,-58587.0,121.05346,20.062,3986.154,-0.24179,-0.8509,31458438.0,-1375920.0,-378076.31647174,41.8,,2.5,,
2023-03-10,301.821,305.147,119.538,118.315,320.554,282.868,3.6,2.496,2.35,27216.445,22439.607,66789.0,101.0205,15.621,3.5,6.7,155134.0,230000.0,34.4,33.27,9655.0,62.6,4.65,4.57,4.888,3.9120000000000004,3.8519999999999994,-0.976,-1.106,4.184,1.286,6.73,20947.4,3258.4,2797.7693,4909583.56,1222516.82,298.78,1377.0,1480.0,,7.9,62.0,665071.0,18520.4,6.0,-58587.0,121.21725999999998,20.944,3961.3419999999996,-0.20926,-0.8509,31458438.0,-1375920.0,-378076.31647174,41.8,,2.5,,
2023-03-17,301.821,305.147,119.538,118.315,320.554,282.868,3.6,2.2600000000000002,2.232,27216.445,22439.607,66789.0,101.0205,15.621,3.5,6.7,155134.0,222000.0,34.4,33.27,9655.0,62.6,4.65,4.577142857142857,4.022,3.53,3.696,-0.492,-1.222,5.014,1.576,6.6,20947.4,3258.4,2797.7693,4909583.56,1222516.82,298.78,1377.0,1480.0,,7.9,62.0,665071.0,18520.4,6.0,-58587.0,121.45962,24.978,3908.78,-0.17776,-0.8509,31458438.0,-1375920.0,-378076.31647174,41.8,,2.5,,
2023-03-24,301.821,305.147,119.538,118.315,320.554,282.868,3.6,2.234,2.212,27216.445,22439.607,66789.0,101.0205,15.621,3.5,6.7,155134.0,230000.0,34.4,33.27,9655.0,62.6,4.65,4.651428571428572,3.914,3.46,3.6719999999999997,-0.454,-1.31,5.064,1.54,6.42,20947.4,3258.4,2797.7693,4909583.56,1222516.82,298.78,1377.0,1480.0,,7.9,62.0,665071.0,18520.4,6.0,-58587.0,120.55001999999999,22.428,3962.2239999999997,-0.15903,-0.8509,31458438.0,-1375920.0,-378076.31647174,41.8,,2.5,,
2023-03-31,301.821,305.147,119.538,118.315,320.554,282.868,3.6,2.3579999999999997,2.308,27216.445,22439.607,66789.0,101.0205,15.621,3.5,6.7,155134.0,234000.0,34.4,33.27,9655.0,62.6,4.65,4.83,4.04,3.536,3.746,-0.504,-1.33,4.838,1.49,6.32,20947.4,3258.4,2797.7693,4909583.56,1222516.82,298.78,1377.0,1480.0,,7.9,62.0,665071.0,18520.4,6.0,-58587.0,119.69234000000002,19.482,4027.35,-0.15506,-0.8509,31458438.0,-1375920.0,-378076.31647174,41.8,,2.5,,
2023-04-07,302.845,306.534,119.951,118.734,321.213,280.86,4.7,2.3280000000000003,2.252,27530.055,22580.499,67077.0,101.253,16.41,3.4,6.6,155375.0,217000.0,34.4,33.43,9966.0,62.6,4.83,4.83,3.878,3.354,3.59,-0.524,-1.546,4.7475000000000005,1.4425,6.28,20761.4,3269.5,2771.1747,4921886.44,1234456.94,300.202,1354.0,1474.0,,7.7,63.7,670494.0,18641.8,5.8,-71110.0,119.28392,18.7575,4105.1275000000005,-0.15824,-0.8509,32332274.0,-1375920.0,176180.79034912,41.8,,2.5,,
2023-04-14,302.845,306.534,119.951,118.734,321.213,280.86,4.7,2.318,2.284,27530.055,22580.499,67077.0,101.253,16.41,3.4,6.6,155375.0,220000.0,34.4,33.43,9966.0,62.6,4.83,4.83,4.004,3.444,3.6620000000000004,-0.5599999999999999,-1.6320000000000001,4.574,1.426,6.27,20761.4,3269.5,2771.1747,4921886.44,1234456.94,300.202,1354.0,1474.0,,7.7,63.7,670494.0,18641.8,5.8,-71110.0,119.11416,18.406,4118.772,-0.16941,-0.8509,32332274.0,-1375920.0,176180.79034912,41.8,,2.5,,
2023-04-21,302.845,306.534,119.951,118.734,321.213,280.86,4.7,2.318,2.284,27530.055,22580.499,67077.0,101.253,16.41,3.4,6.6,155375.0,223000.0,34.4,33.43,9966.0,62.6,4.83,4.83,4.184,3.5780000000000003,3.7840000000000003,-0.606,-1.588,4.438000000000001,1.376,6.39,20761.4,3269.5,2771.1747,4921886.44,1234456.94,300.202,1354.0,1474.0,,7.7,63.7,670494.0,18641.8,5.8,-71110.0,119.22364,16.836000000000002,4144.804,-0.18286,-0.8509,32332274.0,-1375920.0,176180.79034912,41.8,,2.5,,
2023-04-28,302.845,306.534,119.951,118.734,321.213,280.86,4.7,2.268,2.246,27530.055,22580.499,67077.0,101.253,16.41,3.4,6.6,155375.0,209000.0,34.4,33.43,9966.0,62.6,4.83,4.83,3.998,3.464,3.7019999999999995,-0.534,-1.688,4.546,1.396,6.43,20761.4,3269.5,2771.1747,4921886.44,1234456.94,300.202,1354.0,1474.0,,7.7,63.7,670494.0,18641.8,5.8,-71110.0,119.35886,17.46,4113.897999999999,-0.19365,-0.8509,32332274.0,-1375920.0,176180.79034912,41.8,,2.5,,
2023-05-05,303.334,307.652,120.15,119.083,322.009,274.273,4.2,2.186,2.2060000000000004,27530.055,22580.499,67077.0,100.9286,15.931,3.6,6.7,155655.0,213000.0,34.4,33.5,9368.0,62.6,5.06,4.901428571428572,3.934,3.444,3.75,-0.49000000000000005,-1.814,4.698333333333333,1.4483333333333333,6.39,20829.6,3235.6,2766.5382,4927043.14,1241882.33,302.17,1584.0,1575.0,,6.9,59.0,673902.0,18664.6,6.1,-65814.0,119.15572,17.896,4115.134,-0.20207,-0.8509,32332274.0,-1375920.0,-240348.23965837,41.8,,2.5,,
2023-05-12,303.334,307.652,120.15,119.083,322.009,274.273,4.2,2.156,2.194,27530.055,22580.499,67077.0,100.9286,15.931,3.6,6.7,155655.0,223000.0,34.4,33.5,9368.0,62.6,5.06,5.08,3.9560000000000004,3.4659999999999997,3.8,-0.49000000000000005,-1.7920000000000003,4.762,1.488,6.35,20829.6,3235.6,2766.5382,4927043.14,1241882.33,302.17,1584.0,1575.0,,6.9,59.0,673902.0,18664.6,6.1,-65814.0,118.87672,17.118000000000002,4129.926,-0.20878,-0.8509,32332274.0,-1375920.0,-240348.23965837,41.8,,2.5,,
2023-05-19,303.334,307.652,120.15,119.083,322.009,274.273,4.2,2.148,2.214,27530.055,22580.499,67077.0,100.9286,15.931,3.6,6.7,155655.0,225000.0,34.4,33.5,9368.0,62.6,5.06,5.08,4.138,3.592,3.8899999999999997,-0.546,-1.668,4.724,1.478,6.39,20829.6,3235.6,2766.5382,4927043.14,1241882.33,302.17,1584.0,1575.0,,6.9,59.0,673902.0,18664.6,6.1,-65814.0,119.56116,16.968,4158.996,-0.21291,-0.8509,32332274.0,-1375920.0,-240348.23965837,41.8,,2.5,,
2023-05-26,303.334,307.652,120.15,119.083,322.009,274.273,4.2,2.156,2.246,27530.055,22580.499,67077.0,100.9286,15.931,3.6,6.7,155655.0,227000.0,34.4,33.5,9368.0,62.6,5.06,5.08,4.38,3.7560000000000002,3.974,-0.624,-1.61,4.586,1.43,6.57,20829.6,3235.6,2766.5382,4927043.14,1241882.33,302.17,1584.0,1575.0,,6.9,59.0,673902.0,18664.6,6.1,-65814.0,120.47096000000002,18.572,4162.036,-0.21496,-0.8509,32332274.0,-1375920.0,-240348.23965837,41.8,,2.5,,
2023-06-02,304.014,308.322,120.469,119.39,322.365,275.712,3.3,2.0975,2.185,27530.055,22580.499,67077.0,100.1196,16.606,3.6,6.9,155880.0,229000.0,34.4,33.69,9180.0,62.6,5.08,5.08,4.4225,3.6574999999999998,3.8674999999999997,-0.765,-1.8599999999999999,4.566000000000001,1.408,6.79,20799.4,3265.6,2756.0047,4950379.77,1247752.95,304.163,1421.0,1464.0,,7.7,64.2,677117.0,18773.0,5.8,-65163.0,120.3937,16.622,4222.185,-0.21676,-0.8509,32332274.0,-1375920.0,-227768.41253805,41.8,,2.5,,
2023-06-09,304.014,308.322,120.469,119.39,322.365,275.712,3.3,2.1420000000000003,2.2,27530.055,22580.499,67077.0,100.1196,16.606,3.6,6.9,155880.0,252000.0,34.4,33.69,9180.0,62.6,5.08,5.08,4.5280000000000005,3.732,3.8980000000000006,-0.796,-1.682,4.358,1.394,6.71,20799.4,3265.6,2756.0047,4950379.77,1247752.95,304.163,1421.0,1464.0,,7.7,64.2,677117.0,18773.0,5.8,-65163.0,119.7678,14.022,4283.59,-0.21784,-0.8509,32332274.0,-1375920.0,-227768.41253805,41.8,,2.5,,
2023-06-16,304.014,308.322,120.469,119.39,322.365,275.712,3.3,2.138,2.202,27530.055,22580.499,67077.0,100.1196,16.606,3.6,6.9,155880.0,256000.0,34.4,33.69,9180.0,62.6,5.08,5.078571428571428,4.656000000000001,3.778,3.8840000000000003,-0.8779999999999999,-1.58,4.212,1.3800000000000001,6.69,20799.4,3265.6,2756.0047,4950379.77,1247752.95,304.163,1421.0,1464.0,,7.7,64.2,677117.0,18773.0,5.8,-65163.0,118.91479999999999,14.307999999999998,4383.192,-0.21985,-0.8509,32332274.0,-1375920.0,-227768.41253805,41.8,,2.5,,
2023-06-23,304.014,308.322,120.469,119.39,322.365,275.712,3.3,2.1575,2.22,27530.055,22580.499,67077.0,100.1196,16.606,3.6,6.9,155880.0,259000.0,34.4,33.69,9180.0,62.6,5.08,5.074285714285715,4.71,3.75,3.835,-0.96,-1.65,4.2780000000000005,1.348,6.67,20799.4,3265.6,2756.0047,4950379.77,1247752.95,304.163,1421.0,1464.0,,7.7,64.2,677117.0,18773.0,5.8,-65163.0,118.89305,13.524000000000001,4371.155,-0.22387,-0.8509,32332274.0,-1375920.0,-227768.41253805,41.8,,2.5,,
2023-06-30,304.014,308.322,120.469,119.39,322.365,275.712,3.3,2.1399999999999997,2.196,27530.055,22580.499,67077.0,100.1196,16.606,3.6,6.9,155880.0,236000.0,34.4,33.69,9180.0,62.6,5.08,5.071428571428571,4.768,3.772,3.85,-0.9960000000000001,-1.682,4.242,1.33,6.71,20799.4,3265.6,2756.0047,4950379.77,1247752.95,304.163,1421.0,1464.0,,7.7,64.2,677117.0,18773.0,5.8,-65163.0,119.23936,13.709999999999999,4386.182,-0.22997,-0.8509,32332274.0,-1375920.0,-227768.41253805,41.8,,2.5,,
2023-07-07,304.609,308.96,120.607,119.556,323.201,275.548,3.4,2.2125000000000004,2.2625,28074.846,22840.989,67689.0,100.9067,16.321,3.5,6.7,156043.0,248000.0,34.3,33.85,8657.0,62.6,5.12,5.08,4.952500000000001,3.9799999999999995,3.9699999999999998,-0.9725,-1.47,4.034000000000001,1.286,6.81,20791.4,3178.7,2754.9441,4959206.3,1256258.08,306.34,1460.0,1522.0,,7.3,71.5,678424.0,18884.2,5.5,-63759.0,119.3639,14.344,4428.2375,-0.23872,-0.8509,33167334.0,-1375920.0,-220782.0973536,41.8,,2.5,,
2023-07-14,304.609,308.96,120.607,119.556,323.201,275.548,3.4,2.168,2.246,28074.846,22840.989,67689.0,100.9067,16.321,3.5,6.7,156043.0,230000.0,34.3,33.85,8657.0,62.6,5.12,5.078571428571428,4.756,3.8899999999999997,3.974,-0.866,-1.59,4.0,1.278,6.96,20791.4,3178.7,2754.9441,4959206.3,1256258.08,306.34,1460.0,1522.0,,7.3,71.5,678424.0,18884.2,5.5,-63759.0,117.91141999999999,14.080000000000002,4467.282,-0.2516,-0.8509,33167334.0,-1375920.0,-220782.0973536,41.8,,2.5,,
2023-07-21,304.609,308.96,120.607,119.556,323.201,275.548,3.4,2.1719999999999997,2.2800000000000002,28074.846,22840.989,67689.0,100.9067,16.321,3.5,6.7,156043.0,229000.0,34.3,33.85,8657.0,62.6,5.12,5.08,4.768,3.81,3.902,-0.958,-1.682,3.91,1.276,6.78,20791.4,3178.7,2754.9441,4959206.3,1256258.08,306.34,1460.0,1522.0,,7.3,71.5,678424.0,18884.2,5.5,-63759.0,117.40716,13.626,4542.9400000000005,-0.26656,-0.8509,33167334.0,-1375920.0,-220782.0973536,41.8,,2.5,,
2023-07-28,304.609,308.96,120.607,119.556,323.201,275.548,3.4,2.266,2.376,28074.846,22840.989,67689.0,100.9067,16.321,3.5,6.7,156043.0,231000.0,34.3,33.85,8657.0,62.6,5.12,5.151428571428572,4.851999999999999,3.9200000000000004,3.9799999999999995,-0.932,-1.592,3.8339999999999996,1.222,6.81,20791.4,3178.7,2754.9441,4959206.3,1256258.08,306.34,1460.0,1522.0,,7.3,71.5,678424.0,18884.2,5.5,-63759.0,117.82213999999999,13.74,4561.697999999999,-0.28256,-0.8509,33167334.0,-1375920.0,-220782.0973536,41.8,,2.5,,
2023-08-04,306.082,309.58,120.97,119.689,324.042,287.31,3.5,2.256,2.37,28074.846,22840.989,67689.0,100.8393,16.071,3.7,7.1,156261.0,238000.0,34.4,33.89,9254.0,62.8,5.33,5.33,4.872,4.07,4.1659999999999995,-0.8019999999999999,-1.47,3.912,1.206,6.9,20777.5,3228.0,2757.8898,4945158.71,1270866.74,309.006,1317.0,1561.0,,8.0,69.4,684755.0,18953.3,5.6,-59165.0,118.74839999999999,15.334,4531.8,-0.3,-0.8509,33167334.0,-1375920.0,89255.57269373,41.8,,2.5,,
2023-08-11,306.082,309.58,120.97,119.689,324.042,287.31,3.5,2.262,2.3600000000000003,28074.846,22840.989,67689.0,100.8393,16.071,3.7,7.1,156261.0,258000.0,34.4,33.89,9254.0,62.8,5.33,5.33,4.8,4.072,4.232,-0.728,-1.48,3.914,1.224,6.96,20777.5,3228.0,2757.8898,4945158.71,1270866.74,309.006,1317.0,1561.0,,8.0,69.4,684755.0,18953.3,5.6,-59165.0,119.39649999999999,15.681999999999999,4483.682,-0.31584,-0.8509,33167334.0,-1375920.0,89255.57269373,41.8,,2.5,,
2023-08-18,306.082,309.58,120.97,119.689,324.042,287.31,3.5,2.244,2.3299999999999996,28074.846,22840.989,67689.0,100.8393,16.071,3.7,7.1,156261.0,248000.0,34.4,33.89,9254.0,62.8,5.33,5.33,4.942,4.248,4.356,-0.694,-1.31,3.8840000000000003,1.246,7.09,20777.5,3228.0,2757.8898,4945158.71,1270866.74,309.006,1317.0,1561.0,,8.0,69.4,684755.0,18953.3,5.6,-59165.0,120.31931999999999,16.65,4414.396,-0.32831,-0.8509,33167334.0,-1375920.0,89255.57269373,41.8,,2.5,,
2023-08-25,306.082,309.58,120.97,119.689,324.042,287.31,3.5,2.254,2.338,28074.846,22840.989,67689.0,100.8393,16.071,3.7,7.1,156261.0,240000.0,34.4,33.89,9254.0,62.8,5.33,5.33,4.99,4.2700000000000005,4.348,-0.72,-1.31,3.9259999999999997,1.244,7.23,20777.5,3228.0,2757.8898,4945158.71,1270866.74,309.006,1317.0,1561.0,,8.0,69.4,684755.0,18953.3,5.6,-59165.0,120.31958,16.592,4401.070000000001,-0.33705,-0.8509,33167334.0,-1375920.0,89255.57269373,41.8,,2.5,,
2023-09-01,307.276,310.539,121.419,120.058,324.379,292.623,3.2,2.1740000000000004,2.27,28074.846,22840.989,67689.0,101.0211,16.209,3.7,7.0,156417.0,234000.0,34.4,34.01,9259.0,62.7,5.33,5.33,4.894,4.142,4.248,-0.752,-1.416,3.838,1.22,7.18,20747.8,3239.6,2760.7657,4955057.13,1276945.06,311.208,1371.0,1537.0,,7.7,67.8,689403.0,19048.1,5.3,-59565.0,120.27202,14.014,4493.848,-0.34252,-0.8509,33167334.0,-1375920.0,-170982.20087478,41.8,,2.5,,
2023-09-08,307.276,310.539,121.419,120.058,324.379,292.623,3.2,2.235,2.31,28074.846,22840.989,67689.0,101.0211,16.209,3.7,7.0,156417.0,225000.0,34.4,34.01,9259.0,62.7,5.33,5.33,4.9675,4.2749999999999995,4.36,-0.6925,-1.27,3.85,1.226,7.12,20747.8,3239.6,2760.7657,4955057.13,1276945.06,311.208,1371.0,1537.0,,7.7,67.8,689403.0,19048.1,5.3,-59565.0,121.800475,14.104,4467.735,-0.34218,-0.8509,33167334.0,-1375920.0,-170982.20087478,41.8,,2.5,,
2023-09-15,307.276,310.539,121.419,120.058,324.379,292.623,3.2,2.27,2.346,28074.846,22840.989,67689.0,101.0211,16.209,3.7,7.0,156417.0,225000.0,34.4,34.01,9259.0,62.7,5.33,5.33,4.986,4.286,4.374,-0.7,-1.268,3.816,1.23,7.18,20747.8,3239.6,2760.7657,4955057.13,1276945.06,311.208,1371.0,1537.0,,7.7,67.8,689403.0,19048.1,5.3,-59565.0,121.22466,13.624,4474.444,-0.33738,-0.8509,33167334.0,-1375920.0,-170982.20087478,41.8,,2.5,,
2023-09-22,307.276,310.539,121.419,120.058,324.379,292.623,3.2,2.288,2.366,28074.846,22840.989,67689.0,101.0211,16.209,3.7,7.0,156417.0,211000.0,34.4,34.01,9259.0,62.7,5.33,5.33,5.093999999999999,4.394,4.464,-0.7,-1.1620000000000001,3.846,1.206,7.19,20747.8,3239.6,2760.7657,4955057.13,1276945.06,311.208,1371.0,1537.0,,7.7,67.8,689403.0,19048.1,5.3,-59565.0,121.28130000000002,15.597999999999999,4389.947999999999,-0.32839,-0.8509,33167334.0,-1375920.0,-170982.20087478,41.8,,2.5,,
2023-09-29,307.276,310.539,121.419,120.058,324.379,292.623,3.2,2.234,2.3560000000000003,28074.846,22840.989,67689.0,101.0211,16.209,3.7,7.0,156417.0,216000.0,34.4,34.01,9259.0,62.7,5.33,5.33,5.0600000000000005,4.58,4.708,-0.48,-0.99,4.032,1.214,7.31,20747.8,3239.6,2760.7657,4955057.13,1276945.06,311.208,1371.0,1537.0,,7.7,67.8,689403.0,19048.1,5.3,-59565.0,122.48398,17.784,4294.646,-0.31615,-0.8509,33167334.0,-1375920.0,-170982.20087478,41.8,,2.5,,
2023-10-06,307.696,311.457,121.484,120.241,325.442,286.765,4.2,2.186,2.332,28424.722,23033.78,68089.0,100.4689,15.738,3.9,7.2,156576.0,216000.0,34.3,34.08,8580.0,62.6,5.33,5.33,5.086,4.746,4.894,-0.33999999999999997,-0.8720000000000001,4.246666666666667,1.2766666666666666,7.49,20732.9,3276.5,2771.2849,4965604.43,1280720.18,313.277,1368.0,1528.0,,7.8,63.8,686148.0,19109.4,5.4,-64100.0,123.5379,18.381999999999998,4269.656,-0.30494,-0.8509,34001494.0,-1695240.0,-66563.55112973,41.8,,2.5,,
2023-10-13,307.696,311.457,121.484,120.241,325.442,286.765,4.2,2.2175000000000002,2.33,28424.722,23033.78,68089.0,100.4689,15.738,3.9,7.2,156576.0,210000.0,34.3,34.08,8580.0,62.6,5.33,5.33,5.0125,4.6425,4.805,-0.37,-0.975,4.279999999999999,1.276,7.57,20732.9,3276.5,2771.2849,4965604.43,1280720.18,313.277,1368.0,1528.0,,7.8,63.8,686148.0,19109.4,5.4,-64100.0,123.12585,17.366,4349.647999999999,-0.2954,-0.8509,34001494.0,-1695240.0,-66563.55112973,41.8,,2.5,,
2023-10-20,307.696,311.457,121.484,120.241,325.442,286.765,4.2,2.3920000000000003,2.438,28424.722,23033.78,68089.0,100.4689,15.738,3.9,7.2,156576.0,200000.0,34.3,34.08,8580.0,62.6,5.33,5.33,5.136,4.872,5.002000000000001,-0.264,-0.732,4.346,1.294,7.63,20732.9,3276.5,2771.2849,4965604.43,1280720.18,313.277,1368.0,1528.0,,7.8,63.8,686148.0,19109.4,5.4,-64100.0,123.5327,19.484,4312.718,-0.28949,-0.8509,34001494.0,-1695240.0,-66563.55112973,41.8,,2.5,,
2023-10-27,307.696,311.457,121.484,120.241,325.442,286.765,4.2,2.3899999999999997,2.416,28424.722,23033.78,68089.0,100.4689,15.738,3.9,7.2,156576.0,214000.0,34.3,34.08,8580.0,62.6,5.33,5.33,5.032,4.868,5.0200000000000005,-0.164,-0.718,4.464,1.31,7.79,20732.9,3276.5,2771.2849,4965604.43,1280720.18,313.277,1368.0,1528.0,,7.8,63.8,686148.0,19109.4,5.4,-64100.0,123.66794,20.296,4181.218,-0.28856,-0.8509,34001494.0,-1695240.0,-66563.55112973,41.8,,2.5,,
2023-11-03,308.148,312.392,121.493,120.374,325.93,282.146,4.5,2.366,2.412,28424.722,23033.78,68089.0,100.8639,15.782,3.7,7.0,156703.0,217000.0,34.4,34.17,8602.0,62.8,5.33,5.33,4.9719999999999995,4.754,4.926,-0.21799999999999997,-0.8119999999999999,4.316,1.31,7.76,20746.4,3403.5,2762.7932,4989125.32,1299364.41,314.118,1514.0,1503.0,,8.8,61.3,685328.0,19178.9,5.6,-65053.0,123.13488,17.066,4254.92,-0.29331,-0.8509,34001494.0,-1695240.0,-314012.00228709,41.8,,2.5,,
2023-11-10,308.148,312.392,121.493,120.374,325.93,282.146,4.5,2.308,2.3600000000000003,28424.722,23033.78,68089.0,100.8639,15.782,3.7,7.0,156703.0,216000.0,34.4,34.17,8602.0,62.8,5.33,5.33,4.968,4.593999999999999,4.746,-0.374,-0.95,4.046,1.276,7.5,20746.4,3403.5,2762.7932,4989125.32,1299364.41,314.118,1514.0,1503.0,,8.8,61.3,685328.0,19178.9,5.6,-65053.0,121.9867,14.722,4377.946,-0.30183,-0.8509,34001494.0,-1695240.0,-314012.00228709,41.8,,2.5,,
2023-11-17,308.148,312.392,121.493,120.374,325.93,282.146,4.5,2.2380000000000004,2.29,28424.722,23033.78,68089.0,100.8639,15.782,3.7,7.0,156703.0,230000.0,34.4,34.17,8602.0,62.8,5.33,5.33,4.886,4.498,4.651999999999999,-0.388,-1.024,3.97,1.222,7.44,20746.4,3403.5,2762.7932,4989125.32,1299364.41,314.118,1514.0,1503.0,,8.8,61.3,685328.0,19178.9,5.6,-65053.0,121.37488,14.244,4486.478,-0.31234,-0.8509,34001494.0,-1695240.0,-314012.00228709,41.8,,2.5,,
2023-11-24,308.148,312.392,121.493,120.374,325.93,282.146,4.5,2.2175,2.2675,28424.722,23033.78,68089.0,100.8639,15.782,3.7,7.0,156703.0,213000.0,34.4,34.17,8602.0,62.8,5.33,5.33,4.89,4.43,4.5725,-0.45999999999999996,-1.1075000000000002,3.904,1.158,7.29,20746.4,3403.5,2762.7932,4989125.32,1299364.41,314.118,1514.0,1503.0,,8.8,61.3,685328.0,19178.9,5.6,-65053.0,120.342025,12.974,4550.3825,-0.3235,-0.8509,34001494.0,-1695240.0,-314012.00228709,41.8,,2.5,,
2023-12-01,308.741,313.195,121.66,120.592,326.434,280.763,3.1,2.136,2.218,28424.722,23033.78,68089.0,100.6031,16.321,3.8,7.2,156857.0,213000.0,34.4,34.29,8520.0,62.5,5.33,5.33,4.7,4.318,4.486,-0.382,-1.1400000000000001,3.8600000000000003,1.122,7.22,20777.8,3492.0,2760.5765,4988225.93,1298865.89,315.033,1521.0,1519.0,,8.4,69.7,686277.0,19283.5,5.6,-63888.0,119.95302,12.782,4563.666,-0.33389,-0.8509,34001494.0,-1695240.0,-129365.41491979,41.8,,2.5,,
2023-12-08,308.741,313.195,121.66,120.592,326.434,280.763,3.1,2.088,2.18,28424.722,23033.78,68089.0,100.6031,16.321,3.8,7.2,156857.0,215000.0,34.4,34.29,8520.0,62.5,5.33,5.33,4.62,4.1899999999999995,4.302,-0.43,-1.258,3.782,1.108,7.03,20777.8,3492.0,2760.5765,4988225.93,1298865.89,315.033,1521.0,1519.0,,8.4,69.7,686277.0,19283.5,5.6,-63888.0,120.63188,12.862,4575.252,-0.34271,-0.8509,34001494.0,-1695240.0,-129365.41491979,41.8,,2.5,,
2023-12-15,308.741,313.195,121.66,120.592,326.434,280.763,3.1,2.124,2.1900000000000004,28424.722,23033.78,68089.0,100.6031,16.321,3.8,7.2,156857.0,203000.0,34.4,34.29,8520.0,62.5,5.33,5.33,4.542,4.0600000000000005,4.168,-0.48200000000000004,-1.388,3.664,1.07,6.95,20777.8,3492.0,2760.5765,4988225.93,1298865.89,315.033,1521.0,1519.0,,8.4,69.7,686277.0,19283.5,5.6,-63888.0,120.41464,12.33,4682.394,-0.35164,-0.8509,34001494.0,-1695240.0,-129365.41491979,41.8,,2.5,,
2023-12-22,308.741,313.195,121.66,120.592,326.434,280.763,3.1,2.1700000000000004,2.194,28424.722,23033.78,68089.0,100.6031,16.321,3.8,7.2,156857.0,209000.0,34.4,34.29,8520.0,62.5,5.33,5.33,4.364,3.906,4.0280000000000005,-0.458,-1.532,3.44,1.06,6.67,20777.8,3492.0,2760.5765,4988225.93,1298865.89,315.033,1521.0,1519.0,,8.4,69.7,686277.0,19283.5,5.6,-63888.0,119.45924,13.088,4741.732,-0.36074,-0.8509,34001494.0,-1695240.0,-129365.41491979,41.8,,2.5,,
2023-12-29,308.741,313.195,121.66,120.592,326.434,280.763,3.1,2.13,2.1625,28424.722,23033.78,68089.0,100.6031,16.321,3.8,7.2,156857.0,212000.0,34.4,34.29,8520.0,62.5,5.33,5.33,4.2375,3.85,4.0,-0.38749999999999996,-1.585,3.3425,1.0475,6.61,20777.8,3492.0,2760.5765,4988225.93,1298865.89,315.033,1521.0,1519.0,,8.4,69.7,686277.0,19283.5,5.6,-63888.0,118.5479,12.585,4777.3775000000005,-0.36911,-0.8509,34001494.0,-1695240.0,-129365.41491979,41.8,,2.5,,
2024-01-05,309.698,314.319,122.23,121.217,327.424,279.953,2.9,2.1775,2.2125000000000004,28708.161,23082.119,68082.0,99.2223,15.558,3.7,7.2,157032.0,200000.0,34.2,34.47,8378.0,62.5,5.33,5.33,4.36,3.975,4.1175,-0.385,-1.4975,3.6020000000000003,1.074,6.62,20843.7,3507.0,2758.8422,5003237.0,1310033.54,315.983,1381.0,1545.0,,8.1,79.0,680456.0,19303.3,6.4,-67077.0,119.4933,13.68,4708.39,-0.37766,-0.8509,34586533.0,-1695240.0,-21930.35633102,41.8,,2.5,,
2024-01-12,309.698,314.319,122.23,121.217,327.424,279.953,2.9,2.188,2.23,28708.161,23082.119,68082.0,99.2223,15.558,3.7,7.2,157032.0,201000.0,34.2,34.47,8378.0,62.5,5.33,5.33,4.298,4.002,4.186,-0.296,-1.464,3.566,1.046,6.66,20843.7,3507.0,2758.8422,5003237.0,1310033.54,315.983,1381.0,1545.0,,8.1,79.0,680456.0,19303.3,6.4,-67077.0,119.62084,12.734,4773.512,-0.38569,-0.8509,34586533.0,-1695240.0,-21930.35633102,41.8,,2.5,,
2024-01-19,309.698,314.319,122.23,121.217,327.424,279.953,2.9,2.265,2.32,28708.161,23082.119,68082.0,99.2223,15.558,3.7,7.2,157032.0,195000.0,34.2,34.47,8378.0,62.5,5.33,5.33,4.3225,4.115,4.335,-0.2075,-1.34,3.572,1.016,6.6,20843.7,3507.0,2758.8422,5003237.0,1310033.54,315.983,1381.0,1545.0,,8.1,79.0,680456.0,19303.3,6.4,-67077.0,120.78745,13.862,4781.485,-0.39282,-0.8509,34586533.0,-1695240.0,-21930.35633102,41.8,,2.5,,
2024-01-26,309.698,314.319,122.23,121.217,327.424,279.953,2.9,2.252,2.298,28708.161,23082.119,68082.0,99.2223,15.558,3.7,7.2,157032.0,224000.0,34.2,34.47,8378.0,62.5,5.33,5.33,4.328,4.144,4.3740000000000006,-0.184,-1.302,3.4560000000000004,0.992,6.69,20843.7,3507.0,2758.8422,5003237.0,1310033.54,315.983,1381.0,1545.0,,8.1,79.0,680456.0,19303.3,6.4,-67077.0,120.73158000000001,13.118,4873.742,-0.39903,-0.8509,34586533.0,-1695240.0,-21930.35633102,41.8,,2.5,,
2024-02-02,310.967,315.564,122.598,121.537,327.707,283.331,3.0,2.222,2.2439999999999998,28708.161,23082.119,68082.0,100.285,16.255,3.9,7.3,157238.0,226000.0,34.4,34.52,8440.0,62.6,5.33,5.33,4.296,4.006,4.226,-0.29,-1.416,3.4899999999999998,1.012,6.63,20926.9,3567.7,2766.1043,5013802.76,1320172.41,317.204,1552.0,1577.0,,8.4,76.9,685280.0,19446.5,6.1,-66431.0,120.62498000000001,13.797999999999998,4912.67,-0.40589,-0.8509,34586533.0,-1695240.0,-296274.64807989,41.8,,2.5,,
2024-02-09,310.967,315.564,122.598,121.537,327.707,283.331,3.0,2.2640000000000002,2.246,28708.161,23082.119,68082.0,100.285,16.255,3.9,7.3,157238.0,213000.0,34.4,34.52,8440.0,62.6,5.33,5.33,4.4399999999999995,4.134,4.336,-0.306,-1.3,3.432,0.998,6.64,20926.9,3567.7,2766.1043,5013802.76,1320172.41,317.204,1552.0,1577.0,,8.4,76.9,685280.0,19446.5,6.1,-66431.0,121.0663,13.056000000000001,4983.324,-0.41269,-0.8509,34586533.0,-1695240.0,-296274.64807989,41.8,,2.5,,
2024-02-16,310.967,315.564,122.598,121.537,327.707,283.331,3.0,2.334,2.2920000000000003,28708.161,23082.119,68082.0,100.285,16.255,3.9,7.3,157238.0,213000.0,34.4,34.52,8440.0,62.6,5.33,5.33,4.572,4.258,4.43,-0.314,-1.178,3.3560000000000003,0.9800000000000001,6.77,20926.9,3567.7,2766.1043,5013802.76,1320172.41,317.204,1552.0,1577.0,,8.4,76.9,685280.0,19446.5,6.1,-66431.0,121.24416000000001,14.482,5002.186,-0.42055,-0.8509,34586533.0,-1695240.0,-296274.64807989,41.8,,2.5,,
2024-02-23,310.967,315.564,122.598,121.537,327.707,283.331,3.0,2.3675,2.3175,28708.161,23082.119,68082.0,100.285,16.255,3.9,7.3,157238.0,202000.0,34.4,34.52,8440.0,62.6,5.33,5.33,4.6475,4.295,4.4425,-0.3525,-1.1525,3.3,0.9480000000000001,6.9,20926.9,3567.7,2766.1043,5013802.76,1320172.41,317.204,1552.0,1577.0,,8.4,76.9,685280.0,19446.5,6.1,-66431.0,121.049175,14.752,5033.285,-0.42863,-0.8509,34586533.0,-1695240.0,-296274.64807989,41.8,,2.5,,
2024-03-01,312.345,316.792,123.038,122.009,327.774,288.688,2.9,2.384,2.322,28708.161,23082.119,68082.0,100.4575,16.21,3.9,7.3,157466.0,212000.0,34.4,34.65,8206.0,62.7,5.33,5.33,4.642,4.26,4.390000000000001,-0.382,-1.188,3.282,0.982,6.94,20973.2,3543.1,2751.3685,5013894.23,1322156.8,318.265,1312.0,1476.0,,8.1,79.4,687641.0,19581.8,5.9,-66266.0,121.06908000000001,13.504,5090.164,-0.43495,-0.8509,34586533.0,-1695240.0,-236456.8239502,41.8,,2.5,,
2024-03-08,312.345,316.792,123.038,122.009,327.774,288.688,2.9,2.3739999999999997,2.304,28708.161,23082.119,68082.0,100.4575,16.21,3.9,7.3,157466.0,213000.0,34.4,34.65,8206.0,62.7,5.33,5.33,4.536,4.128,4.276,-0.40800000000000003,-1.342,3.274,1.002,6.88,20973.2,3543.1,2751.3685,5013894.23,1322156.8,318.265,1312.0,1476.0,,8.1,79.4,687641.0,19581.8,5.9,-66266.0,120.47747999999999,14.325999999999999,5119.082,-0.43859,-0.8509,34586533.0,-1695240.0,-236456.8239502,41.8,,2.5,,
2024-03-15,312.345,316.792,123.038,122.009,327.774,288.688,2.9,2.3600000000000003,2.2979999999999996,28708.161,23082.119,68082.0,100.4575,16.21,3.9,7.3,157466.0,213000.0,34.4,34.65,8206.0,62.7,5.33,5.33,4.62,4.21,4.358,-0.41,-1.27,3.184,0.954,6.74,20973.2,3543.1,2751.3685,5013894.23,1322156.8,318.265,1312.0,1476.0,,8.1,79.4,687641.0,19581.8,5.9,-66266.0,120.16234,14.324000000000002,5145.218,-0.43998,-0.8509,34586533.0,-1695240.0,-236456.8239502,41.8,,2.5,,
2024-03-22,312.345,316.792,123.038,122.009,327.774,288.688,2.9,2.402,2.322,28708.161,23082.119,68082.0,100.4575,16.21,3.9,7.3,157466.0,213000.0,34.4,34.65,8206.0,62.7,5.33,5.33,4.642,4.279999999999999,4.436,-0.362,-1.194,3.1,0.9179999999999999,6.87,20973.2,3543.1,2751.3685,5013894.23,1322156.8,318.265,1312.0,1476.0,,8.1,79.4,687641.0,19581.8,5.9,-66266.0,120.88602,13.434000000000001,5205.652,-0.43808,-0.8509,34586533.0,-1695240.0,-236456.8239502,41.8,,2.6,,
2024-03-29,312.345,316.792,123.038,122.009,327.774,288.688,2.9,2.385,2.3225,28708.161,23082.119,68082.0,100.4575,16.21,3.9,7.3,157466.0,214000.0,34.4,34.65,8206.0,62.7,5.33,5.33,4.5575,4.2225,4.38,-0.335,-1.2349999999999999,3.1325,0.93,6.79,20973.2,3543.1,2751.3685,5013894.23,1322156.8,318.265,1312.0,1476.0,,8.1,79.4,687641.0,19581.8,5.9,-66266.0,121.03904,13.055,5231.1525,-0.43352,-0.8509,34586533.0,-1695240.0,-236456.8239502,41.8,,2.6,,
2024-04-05,313.023,317.649,123.341,122.304,328.449,287.611,3.2,2.43,2.356,29147.044,23286.508,68524.0,100.2434,16.458,3.9,7.4,157530.0,223000.0,34.2,34.76,7529.0,62.6,5.33,5.33,4.696,4.35,4.5,-0.346,-1.074,3.1916666666666664,0.9266666666666667,6.82,20958.8,3429.5,2749.3007,5017383.19,1324876.54,319.286,1385.0,1459.0,,7.7,77.2,687602.0,19665.7,5.8,-73110.0,121.11286,14.994,5202.524,-0.42803,-0.8509,34831634.0,-1695240.0,209529.30662533,41.8,,2.6,,
2024-04-12,313.023,317.649,123.341,122.304,328.449,287.611,3.2,2.47,2.386,29147.044,23286.508,68524.0,100.2434,16.458,3.9,7.4,157530.0,213000.0,34.2,34.76,7529.0,62.6,5.33,5.33,4.86,4.478,4.59,-0.382,-0.9640000000000001,3.16,0.9040000000000001,6.88,20958.8,3429.5,2749.3007,5017383.19,1324876.54,319.286,1385.0,1459.0,,7.7,77.2,687602.0,19665.7,5.8,-73110.0,121.38199999999999,15.638,5179.082,-0.42212,-0.8509,34831634.0,-1695240.0,209529.30662533,41.8,,2.6,,
2024-04-19,313.023,317.649,123.341,122.304,328.449,287.611,3.2,2.478,2.412,29147.044,23286.508,68524.0,100.2434,16.458,3.9,7.4,157530.0,212000.0,34.2,34.76,7529.0,62.6,5.33,5.33,4.956,4.63,4.736,-0.32599999999999996,-0.8219999999999998,3.364,0.9400000000000001,7.1,20958.8,3429.5,2749.3007,5017383.19,1324876.54,319.286,1385.0,1459.0,,7.7,77.2,687602.0,19665.7,5.8,-73110.0,122.93566000000001,18.509999999999998,5022.758,-0.41698,-0.8509,34831634.0,-1695240.0,209529.30662533,41.8,,2.6,,
2024-04-26,313.023,317.649,123.341,122.304,328.449,287.611,3.2,2.436,2.416,29147.044,23286.508,68524.0,100.2434,16.458,3.9,7.4,157530.0,209000.0,34.2,34.76,7529.0,62.6,5.33,5.33,4.928,4.65,4.766,-0.27799999999999997,-0.8019999999999999,3.216,0.9179999999999999,7.17,20958.8,3429.5,2749.3007,5017383.19,1324876.54,319.286,1385.0,1459.0,,7.7,77.2,687602.0,19665.7,5.8,-73110.0,122.89182000000001,15.8,5060.232,-0.41481,-0.8509,34831634.0,-1695240.0,209529.30662533,41.8,,2.6,,
2024-05-03,313.175,318.095,123.348,122.383,328.949,284.165,3.3,2.394,2.384,29147.044,23286.508,68524.0,100.863,16.361,3.9,7.4,157608.0,207000.0,34.3,34.89,7782.0,62.6,5.33,5.33,4.93,4.606,4.732,-0.324,-0.85,3.15,0.9019999999999999,7.22,21019.9,3376.1,2758.6487,5025680.49,1331664.15,320.104,1316.0,1407.0,,8.5,69.1,692774.0,19758.0,5.8,-74456.0,122.62458,14.776,5072.447999999999,-0.41466,-0.8509,34831634.0,-1695240.0,-347130.89369165,41.8,,2.6,,
2024-05-10,313.175,318.095,123.348,122.383,328.949,284.165,3.3,2.3299999999999996,2.3280000000000003,29147.044,23286.508,68524.0,100.863,16.361,3.9,7.4,157608.0,230000.0,34.3,34.89,7782.0,62.6,5.33,5.33,4.83,4.478,4.6259999999999994,-0.352,-0.978,3.09,0.8859999999999999,7.09,21019.9,3376.1,2758.6487,5025680.49,1331664.15,320.104,1316.0,1407.0,,8.5,69.1,692774.0,19758.0,5.8,-74456.0,122.07086,12.992,5198.574,-0.41538,-0.8509,34831634.0,-1695240.0,-347130.89369165,41.8,,2.6,,
2024-05-17,313.175,318.095,123.348,122.383,328.949,284.165,3.3,2.312,2.32,29147.044,23286.508,68524.0,100.863,16.361,3.9,7.4,157608.0,222000.0,34.3,34.89,7782.0,62.6,5.33,5.33,4.8,4.418,4.564,-0.382,-1.032,3.116,0.8960000000000001,7.02,21019.9,3376.1,2758.6487,5025680.49,1331664.15,320.104,1316.0,1407.0,,8.5,69.1,692774.0,19758.0,5.8,-74456.0,121.553,12.776,5275.3240000000005,-0.41572,-0.8509,34831634.0,-1695240.0,-347130.89369165,41.8,,2.6,,
2024-05-24,313.175,318.095,123.348,122.383,328.949,284.165,3.3,2.326,2.32,29147.044,23286.508,68524.0,100.863,16.361,3.9,7.4,157608.0,216000.0,34.3,34.89,7782.0,62.6,5.33,5.33,4.868,4.442,4.566,-0.426,-1.012,3.0919999999999996,0.8880000000000001,6.94,21019.9,3376.1,2758.6487,5025680.49,1331664.15,320.104,1316.0,1407.0,,8.5,69.1,692774.0,19758.0,5.8,-74456.0,121.50385999999999,12.2,5301.822,-0.41508,-0.8509,34831634.0,-1695240.0,-347130.89369165,41.8,,2.6,,
2024-05-31,313.175,318.095,123.348,122.383,328.949,284.165,3.3,2.3449999999999998,2.3525,29147.044,23286.508,68524.0,100.863,16.361,3.9,7.4,157608.0,220000.0,34.3,34.89,7782.0,62.6,5.33,5.33,4.9275,4.5525,4.6850000000000005,-0.375,-0.9075,3.15,0.882,7.03,21019.9,3376.1,2758.6487,5025680.49,1331664.15,320.104,1316.0,1407.0,,8.5,69.1,692774.0,19758.0,5.8,-74456.0,121.91305,13.39,5271.495,-0.41157,-0.8509,34831634.0,-1695240.0,-347130.89369165,41.8,,2.6,,
2024-06-07,313.044,318.39,123.539,122.677,329.6,278.284,3.0,2.278,2.304,29147.044,23286.508,68524.0,100.894,15.79,4.1,7.4,157695.0,227000.0,34.3,35.01,7416.0,62.6,5.33,5.33,4.779999999999999,4.348000000000001,4.49,-0.43200000000000005,-1.168,3.188,0.9019999999999999,6.99,21067.7,3379.7,2765.494,5027231.09,1330645.54,320.706,1327.0,1461.0,,8.4,68.2,692449.0,19844.5,5.7,-73892.0,122.70614,12.74,5325.744000000001,-0.40587,-0.8509,34831634.0,-1695240.0,-65965.29247634,41.8,,2.6,,
2024-06-14,313.044,318.39,123.539,122.677,329.6,278.284,3.0,2.1879999999999997,2.2359999999999998,29147.044,23286.508,68524.0,100.894,15.79,4.1,7.4,157695.0,240000.0,34.3,35.01,7416.0,62.6,5.33,5.33,4.756,4.322,4.465999999999999,-0.434,-1.192,3.184,0.916,6.95,21067.7,3379.7,2765.494,5027231.09,1330645.54,320.706,1327.0,1461.0,,8.4,68.2,692449.0,19844.5,5.7,-73892.0,123.99395999999999,12.446,5404.496,-0.39869,-0.8509,34831634.0,-1695240.0,-65965.29247634,41.8,,2.8,,
2024-06-21,313.044,318.39,123.539,122.677,329.6,278.284,3.0,2.1825,2.2275,29147.044,23286.508,68524.0,100.894,15.79,4.1,7.4,157695.0,236000.0,34.3,35.01,7416.0,62.6,5.33,5.33,4.71,4.25,4.385,-0.45999999999999996,-1.2525,3.2359999999999998,0.958,6.87,21067.7,3379.7,2765.494,5027231.09,1330645.54,320.706,1327.0,1461.0,,8.4,68.2,692449.0,19844.5,5.7,-73892.0,124.1293,12.802000000000001,5474.5125,-0.39097,-0.8509,34831634.0,-1695240.0,-65965.29247634,41.8,,2.8,,
2024-06-28,313.044,318.39,123.539,122.677,329.6,278.284,3.0,2.2020000000000004,2.248,29147.044,23286.508,68524.0,100.894,15.79,4.1,7.4,157695.0,233000.0,34.3,35.01,7416.0,62.6,5.33,5.33,4.696,4.290000000000001,4.426,-0.40599999999999997,-1.202,3.19,0.962,6.86,21067.7,3379.7,2765.494,5027231.09,1330645.54,320.706,1327.0,1461.0,,8.4,68.2,692449.0,19844.5,5.7,-73892.0,124.09248,12.68,5467.683999999999,-0.38432,-0.8509,34831634.0,-1695240.0,-65965.29247634,41.8,,2.8,,
2024-07-05,313.569,318.94,123.736,122.911,330.329,278.287,2.9,2.25,2.2925,29511.664,23478.57,68951.0,99.9757,16.337,4.2,7.8,157748.0,238000.0,34.2,35.08,7426.0,62.7,5.33,5.33,4.705,4.3875,4.56,-0.3175,-1.08,3.236666666666667,0.935,6.95,21094.4,3302.2,2760.4084,5045190.31,1338289.48,321.366,1265.0,1436.0,,7.9,66.4,698835.0,19949.5,5.3,-78639.0,124.00285,12.216,5522.0775,-0.37903,-0.8509,35464674.0,-1695240.0,-243741.08729743,41.8,,2.8,,
2024-07-12,313.569,318.94,123.736,122.911,330.329,278.287,2.9,2.196,2.258,29511.664,23478.57,68951.0,99.9757,16.337,4.2,7.8,157748.0,223000.0,34.2,35.08,7426.0,62.7,5.33,5.33,4.562,4.248,4.444,-0.314,-1.202,3.19,0.922,6.89,21094.4,3302.2,2760.4084,5045190.31,1338289.48,321.366,1265.0,1436.0,,7.9,66.4,698835.0,19949.5,5.3,-78639.0,123.03272,12.622,5596.726000000001,-0.37358,-0.8509,35464674.0,-1695240.0,-243741.08729743,41.8,,2.8,,
2024-07-19,313.569,318.94,123.736,122.911,330.329,278.287,2.9,2.192,2.284,29511.664,23478.57,68951.0,99.9757,16.337,4.2,7.8,157748.0,241000.0,34.2,35.08,7426.0,62.7,5.33,5.33,4.448,4.202,4.414,-0.246,-1.228,3.096,0.9259999999999999,6.77,21094.4,3302.2,2760.4084,5045190.31,1338289.48,321.366,1265.0,1436.0,,7.9,66.4,698835.0,19949.5,5.3,-78639.0,122.7634,14.648,5587.255999999999,-0.36868,-0.8509,35464674.0,-1695240.0,-243741.08729743,41.8,,2.8,,
2024-07-26,313.569,318.94,123.736,122.911,330.329,278.287,2.9,2.148,2.284,29511.664,23478.57,68951.0,99.9757,16.337,4.2,7.8,157748.0,237000.0,34.2,35.08,7426.0,62.7,5.33,5.33,4.4079999999999995,4.252,4.49,-0.156,-1.15,3.07,0.944,6.78,21094.4,3302.2,2760.4084,5045190.31,1338289.48,321.366,1265.0,1436.0,,7.9,66.4,698835.0,19949.5,5.3,-78639.0,123.47192,16.504,5481.12,-0.365,-0.8509,35464674.0,-1695240.0,-243741.08729743,41.8,,2.8,,
2024-08-02,314.062,319.75,123.889,123.128,330.748,275.706,2.8,2.066,2.196,29511.664,23478.57,68951.0,100.4309,15.978,4.2,7.8,157757.0,248000.0,34.3,35.22,7520.0,62.7,5.33,5.33,4.208,4.04,4.3100000000000005,-0.168,-1.3359999999999999,3.3299999999999996,0.9879999999999999,6.73,21185.8,3321.1,2766.513,5052970.03,1338717.06,322.239,1391.0,1476.0,,8.2,67.9,697039.0,20001.3,5.2,-71214.0,123.87988,18.526,5443.104,-0.36312,-0.8509,35464674.0,-1695240.0,-380080.4054345,41.8,,2.8,,
2024-08-09,314.062,319.75,123.889,123.128,330.748,275.706,2.8,1.956,2.104,29511.664,23478.57,68951.0,100.4309,15.978,4.2,7.8,157757.0,234000.0,34.3,35.22,7520.0,62.7,5.33,5.33,3.9939999999999998,3.914,4.202,-0.08,-1.426,3.628,1.074,6.47,21185.8,3321.1,2766.513,5052970.03,1338717.06,322.239,1391.0,1476.0,,8.2,67.9,697039.0,20001.3,5.2,-71214.0,123.43517999999999,27.657999999999998,5257.866,-0.36428,-0.8509,35464674.0,-1695240.0,-380080.4054345,41.8,,2.8,,
2024-08-16,314.062,319.75,123.889,123.128,330.748,275.706,2.8,1.966,2.092,29511.664,23478.57,68951.0,100.4309,15.978,4.2,7.8,157757.0,228000.0,34.3,35.22,7520.0,62.7,5.33,5.33,4.004,3.878,4.16,-0.126,-1.45,3.4240000000000004,1.014,6.49,21185.8,3321.1,2766.513,5052970.03,1338717.06,322.239,1391.0,1476.0,,8.2,67.9,697039.0,20001.3,5.2,-71214.0,122.72926,17.01,5466.3,-0.37254,-0.8509,35464674.0,-1695240.0,-380080.4054345,41.8,,2.8,,
2024-08-23,314.062,319.75,123.889,123.128,330.748,275.706,2.8,1.9600000000000002,2.088,29511.664,23478.57,68951.0,100.4309,15.978,4.2,7.8,157757.0,232000.0,34.3,35.22,7520.0,62.7,5.33,5.33,3.972,3.8280000000000003,4.093999999999999,-0.144,-1.45,3.226,0.9719999999999999,6.46,21185.8,3321.1,2766.513,5052970.03,1338717.06,322.239,1391.0,1476.0,,8.2,67.9,697039.0,20001.3,5.2,-71214.0,121.86548,16.042,5606.294,-0.38283,-0.8509,35464674.0,-1695240.0,-380080.4054345,41.8,,2.8,,
2024-08-30,314.062,319.75,123.889,123.128,330.748,275.706,2.8,2.0100000000000002,2.152,29511.664,23478.57,68951.0,100.4309,15.978,4.2,7.8,157757.0,232000.0,34.3,35.22,7520.0,62.7,5.33,5.33,3.87,3.854,4.144,-0.016,-1.3679999999999999,3.158,0.958,6.35,21185.8,3321.1,2766.513,5052970.03,1338717.06,322.239,1391.0,1476.0,,8.2,67.9,697039.0,20001.3,5.2,-71214.0,122.00306,15.868,5615.036,-0.39435,-0.8509,35464674.0,-1695240.0,-380080.4054345,41.8,,2.8,,
2024-09-06,314.732,320.732,124.164,123.466,331.753,272.681,2.7,1.895,2.0599999999999996,29511.664,23478.57,68951.0,99.8084,16.341,4.1,7.7,157912.0,227000.0,34.3,35.34,6943.0,62.7,5.13,5.33,3.7625,3.765,4.06,0.0024999999999999988,-1.3975,3.28,0.9783333333333334,6.35,21268.6,3236.8,2777.8983,5056994.97,1341182.07,323.38,1357.0,1434.0,,7.9,70.1,703055.0,20147.6,4.8,-81498.0,122.56197499999999,19.974,5490.2075,-0.4056,-0.8509,35464674.0,-1695240.0,64263.00886774,41.8,,2.8,,
2024-09-13,314.732,320.732,124.164,123.466,331.753,272.681,2.7,1.904,2.0460000000000003,29511.664,23478.57,68951.0,99.8084,16.341,4.1,7.7,157912.0,227000.0,34.3,35.34,6943.0,62.7,5.13,5.33,3.62,3.668,3.982,0.048,-1.392,3.404,0.998,6.2,21268.6,3236.8,2777.8983,5056994.97,1341182.07,323.38,1357.0,1434.0,,7.9,70.1,703055.0,20147.6,4.8,-81498.0,122.51910000000001,17.97,5548.496000000001,-0.41549,-0.8509,35464674.0,-1695240.0,64263.00886774,41.8,,2.8,,
2024-09-20,314.732,320.732,124.164,123.466,331.753,272.681,2.7,1.9899999999999998,2.13,29511.664,23478.57,68951.0,99.8084,16.341,4.1,7.7,157912.0,223000.0,34.3,35.34,6943.0,62.7,5.13,5.187142857142858,3.5799999999999996,3.688,4.012,0.10800000000000001,-1.1720000000000002,3.2060000000000004,0.952,6.09,21268.6,3236.8,2777.8983,5056994.97,1341182.07,323.38,1357.0,1434.0,,7.9,70.1,703055.0,20147.6,4.8,-81498.0,121.47472,17.092,5660.424000000001,-0.42351,-0.8509,35464674.0,-1695240.0,64263.00886774,41.8,,2.9,,
2024-09-27,314.732,320.732,124.164,123.466,331.753,272.681,2.7,2.0439999999999996,2.17,29511.664,23478.57,68951.0,99.8084,16.341,4.1,7.7,157912.0,221000.0,34.3,35.34,6943.0,62.7,5.13,4.83,3.5479999999999996,3.7640000000000002,4.108,0.21600000000000003,-0.9279999999999999,3.166,0.9200000000000002,6.08,21268.6,3236.8,2777.8983,5056994.97,1341182.07,323.38,1357.0,1434.0,,7.9,70.1,703055.0,20147.6,4.8,-81498.0,121.23874,15.804000000000002,5731.46,-0.42979,-0.8509,35464674.0,-1695240.0,64263.00886774,41.8,,2.9,,
2024-10-04,315.631,321.731,124.494,123.832,332.463,273.003,2.7,2.098,2.2039999999999997,29825.182,23586.542,69168.0,99.4695,16.493,4.1,7.7,157945.0,227000.0,34.2,35.46,7379.0,62.5,4.83,4.83,3.7060000000000004,3.8340000000000005,4.159999999999999,0.128,-0.874,3.018,0.9040000000000001,6.12,21331.0,3211.6,2784.7129,5067259.29,1350299.02,324.541,1352.0,1428.0,,9.3,70.5,708290.0,20226.0,5.0,-74250.0,121.77726,18.918,5726.356,-0.43404,-0.8509,36218605.0,-1816790.0,-257450.34319191,41.8,,2.9,,
2024-10-11,315.631,321.731,124.494,123.832,332.463,273.003,2.7,2.2119999999999997,2.298,29825.182,23586.542,69168.0,99.4695,16.493,4.1,7.7,157945.0,258000.0,34.2,35.46,7379.0,62.5,4.83,4.83,3.978,4.0600000000000005,4.346,0.082,-0.6900000000000001,2.97,0.852,6.32,21331.0,3211.6,2784.7129,5067259.29,1350299.02,324.541,1352.0,1428.0,,9.3,70.5,708290.0,20226.0,5.0,-74250.0,122.80886000000001,21.262,5766.838,-0.43728,-0.8509,36218605.0,-1816790.0,-257450.34319191,41.8,,2.9,,
2024-10-18,315.631,321.731,124.494,123.832,332.463,273.003,2.7,2.215,2.29,29825.182,23586.542,69168.0,99.4695,16.493,4.1,7.7,157945.0,241000.0,34.2,35.46,7379.0,62.5,4.83,4.83,3.9475000000000002,4.055,4.3475,0.1075,-0.675,2.914,0.8320000000000001,6.44,21331.0,3211.6,2784.7129,5067259.29,1350299.02,324.541,1352.0,1428.0,,9.3,70.5,708290.0,20226.0,5.0,-74250.0,123.86664999999999,19.412,5844.744000000001,-0.44176,-0.8509,36218605.0,-1816790.0,-257450.34319191,41.8,,2.9,,
2024-10-25,315.631,321.731,124.494,123.832,332.463,273.003,2.7,2.272,2.308,29825.182,23586.542,69168.0,99.4695,16.493,4.1,7.7,157945.0,227000.0,34.2,35.46,7379.0,62.5,4.83,4.83,4.0600000000000005,4.218,4.494,0.158,-0.504,2.914,0.8539999999999999,6.54,21331.0,3211.6,2784.7129,5067259.29,1350299.02,324.541,1352.0,1428.0,,9.3,70.5,708290.0,20226.0,5.0,-74250.0,124.54054000000001,19.044,5824.116,-0.44637,-0.8509,36218605.0,-1816790.0,-257450.34319191,41.8,,2.9,,
2024-11-01,316.528,322.657,124.637,123.962,333.629,273.281,2.6,2.352,2.318,29825.182,23586.542,69168.0,99.2925,16.908,4.2,7.7,158079.0,219000.0,34.3,35.6,7566.0,62.4,4.64,4.83,4.15,4.3,4.516,0.15,-0.364,2.836,0.8480000000000001,6.72,21451.6,3256.8,2787.6576,5060645.16,1339075.0,325.945,1295.0,1508.0,,8.7,71.8,711853.0,20313.6,4.9,-79752.0,124.8181,20.906,5780.872,-0.45245,-0.8509,36218605.0,-1816790.0,-366763.06436807,41.8,,2.9,,
2024-11-08,316.528,322.657,124.637,123.962,333.629,273.281,2.6,2.386,2.322,29825.182,23586.542,69168.0,99.2925,16.908,4.2,7.7,158079.0,221000.0,34.3,35.6,7566.0,62.4,4.64,4.7942857142857145,4.220000000000001,4.319999999999999,4.506,0.1,-0.318,2.766,0.8099999999999999,6.79,21451.6,3256.8,2787.6576,5060645.16,1339075.0,325.945,1295.0,1508.0,,8.7,71.8,711853.0,20313.6,4.9,-79752.0,125.04062000000002,17.776,5878.626,-0.46044,-0.8509,36218605.0,-1816790.0,-366763.06436807,41.8,,2.9,,
2024-11-15,316.528,322.657,124.637,123.962,333.629,273.281,2.6,2.41,2.34,29825.182,23586.542,69168.0,99.2925,16.908,4.2,7.7,158079.0,218000.0,34.3,35.6,7566.0,62.4,4.64,4.58,4.3149999999999995,4.4325,4.5975,0.1175,-0.1775,2.6399999999999997,0.784,6.78,21451.6,3256.8,2787.6576,5060645.16,1339075.0,325.945,1295.0,1508.0,,8.7,71.8,711853.0,20313.6,4.9,-79752.0,126.90492499999999,14.830000000000002,5958.102000000001,-0.4679,-0.8509,36218605.0,-1816790.0,-366763.06436807,41.8,,2.9,,
2024-11-22,316.528,322.657,124.637,123.962,333.629,273.281,2.6,2.4200000000000004,2.3419999999999996,29825.182,23586.542,69168.0,99.2925,16.908,4.2,7.7,158079.0,216000.0,34.3,35.6,7566.0,62.4,4.64,4.58,4.316,4.412,4.596,0.096,-0.21400000000000002,2.66,0.804,6.84,21451.6,3256.8,2787.6576,5060645.16,1339075.0,325.945,1295.0,1508.0,,8.7,71.8,711853.0,20313.6,4.9,-79752.0,126.89196,16.240000000000002,5929.152,-0.47298,-0.8509,36218605.0,-1816790.0,-366763.06436807,41.8,,2.9,,
2024-11-29,316.528,322.657,124.637,123.962,333.629,273.281,2.6,2.3325,2.2725,29825.182,23586.542,69168.0,99.2925,16.908,4.2,7.7,158079.0,219000.0,34.3,35.6,7566.0,62.4,4.64,4.58,4.1850000000000005,4.25,4.4325,0.065,-0.3525,2.684,0.8140000000000001,6.81,21451.6,3256.8,2787.6576,5060645.16,1339075.0,325.945,1295.0,1508.0,,8.7,71.8,711853.0,20313.6,4.9,-79752.0,126.9563,14.041999999999998,6010.03,-0.47641,-0.8509,36218605.0,-1816790.0,-366763.06436807,41.8,,2.9,,
2024-12-06,317.604,323.259,124.979,124.196,334.464,279.829,2.8,2.3440000000000003,2.2640000000000002,29825.182,23586.542,69168.0,100.3273,17.301,4.1,7.6,158316.0,222000.0,34.3,35.69,7295.0,62.5,4.48,4.58,4.144,4.186,4.356,0.042,-0.284,2.6783333333333332,0.81,6.69,21485.3,3240.4,2765.6419,4948060.37,1296965.56,327.791,1514.0,1480.0,,8.2,74.0,717265.0,20514.3,4.3,-96948.0,126.79154000000001,13.280000000000001,6069.780000000001,-0.47874,-0.8509,36218605.0,-1816790.0,-86731.61901329,41.8,,2.9,,
2024-12-13,317.604,323.259,124.979,124.196,334.464,279.829,2.8,2.368,2.302,29825.182,23586.542,69168.0,100.3273,17.301,4.1,7.6,158316.0,238000.0,34.3,35.69,7295.0,62.5,4.48,4.58,4.172,4.279999999999999,4.488,0.10800000000000001,-0.1,2.664,0.792,6.6,21485.3,3240.4,2765.6419,4948060.37,1296965.56,327.791,1514.0,1480.0,,8.2,74.0,717265.0,20514.3,4.3,-96948.0,126.93372,13.936000000000002,6054.858,-0.4803,-0.8509,36218605.0,-1816790.0,-86731.61901329,41.8,,2.9,,
2024-12-20,317.604,323.259,124.979,124.196,334.464,279.829,2.8,2.3619999999999997,2.306,29825.182,23586.542,69168.0,100.3273,17.301,4.1,7.6,158316.0,222000.0,34.3,35.69,7295.0,62.5,4.48,4.508571428571429,4.294,4.476,4.66,0.182,0.11600000000000002,2.788,0.8,6.72,21485.3,3240.4,2765.6419,4948060.37,1296965.56,327.791,1514.0,1480.0,,8.2,74.0,717265.0,20514.3,4.3,-96948.0,127.78887999999999,20.125999999999998,5958.956,-0.48147,-0.8509,36218605.0,-1816790.0,-86731.61901329,41.8,,3.0,,
2024-12-27,317.604,323.259,124.979,124.196,334.464,279.829,2.8,2.385,2.34,29825.182,23586.542,69168.0,100.3273,17.301,4.1,7.6,158316.0,219000.0,34.3,35.69,7295.0,62.5,4.48,4.33,4.3,4.595,4.78,0.295,0.24,2.8525,0.8133333333333334,6.85,21485.3,3240.4,2765.6419,4948060.37,1296965.56,327.791,1514.0,1480.0,,8.2,74.0,717265.0,20514.3,4.3,-96948.0,128.355675,15.432500000000001,6005.635,-0.48552,-0.8509,36218605.0,-1816790.0,-86731.61901329,41.8,,3.0,,
2025-01-03,318.961,324.638,125.417,124.587,335.441,282.272,3.3,2.385,2.3325,30042.113,23548.21,68979.0,100.0647,15.95,4.0,7.5,158268.0,212000.0,34.1,35.84,7431.0,62.6,4.33,4.33,4.255,4.575,4.79,0.32,0.215,2.8875,0.825,6.91,21547.6,3255.6,2664.2775,4957972.0,1304262.54,329.169,1358.0,1460.0,,9.0,71.7,711095.0,20462.2,5.1,-128331.0,129.252825,17.2025,5899.8975,-0.4903,-0.8509,36214309.520796455,-1816790.0,-128640.20667349,41.8,,3.0,,
2025-01-10,318.961,324.638,125.417,124.587,335.441,282.272,3.3,2.456,2.388,30042.113,23548.21,68979.0,100.0647,15.95,4.0,7.5,158268.0,206000.0,34.1,35.84,7431.0,62.6,4.33,4.33,4.306,4.682,4.91,0.376,0.32999999999999996,2.804,0.834,6.93,21547.6,3255.6,2664.2775,4957972.0,1304262.54,329.169,1358.0,1460.0,,9.0,71.7,711095.0,20462.2,5.1,-128331.0,129.07572,17.834,5907.425,-0.49647,-0.8509,36214309.520796455,-1816790.0,-128640.20667349,41.8,,3.0,,
2025-01-17,318.961,324.638,125.417,124.587,335.441,282.272,3.3,2.53,2.428,30042.113,23548.21,68979.0,100.0647,15.95,4.0,7.5,158268.0,219000.0,34.1,35.84,7431.0,62.6,4.33,4.33,4.308,4.69,4.901999999999999,0.382,0.33799999999999997,2.748,0.8320000000000001,7.04,21547.6,3255.6,2664.2775,4957972.0,1304262.54,329.169,1358.0,1460.0,,9.0,71.7,711095.0,20462.2,5.1,-128331.0,129.51072,17.318,5912.608,-0.50183,-0.8509,36214309.520796455,-1816790.0,-128640.20667349,41.8,,3.0,,
2025-01-24,318.961,324.638,125.417,124.587,335.441,282.272,3.3,2.4975,2.4074999999999998,30042.113,23548.21,68979.0,100.0647,15.95,4.0,7.5,158268.0,223000.0,34.1,35.84,7431.0,62.6,4.33,4.33,4.285,4.6125,4.835,0.3275,0.255,2.6100000000000003,0.8099999999999999,6.96,21547.6,3255.6,2664.2775,4957972.0,1304262.54,329.169,1358.0,1460.0,,9.0,71.7,711095.0,20462.2,5.1,-128331.0,128.10815,15.168000000000001,6088.889999999999,-0.50689,-0.8509,36214309.520796455,-1816790.0,-128640.20667349,41.8,,3.0,,
2025-01-31,318.961,324.638,125.417,124.587,335.441,282.272,3.3,2.5140000000000002,2.404,30042.113,23548.21,68979.0,100.0647,15.95,4.0,7.5,158268.0,212000.0,34.1,35.84,7431.0,62.6,4.33,4.33,4.194,4.546,4.784000000000001,0.352,0.236,2.6700000000000004,0.812,6.95,21547.6,3255.6,2664.2775,4957972.0,1304262.54,329.169,1358.0,1460.0,,9.0,71.7,711095.0,20462.2,5.1,-128331.0,128.25958,16.628,6046.197999999999,-0.50989,-0.8509,36214309.520796455,-1816790.0,-128640.20667349,41.8,,3.0,,
2025-02-07,319.679,325.465,125.921,125.145,336.065,282.096,4.3,2.586,2.43,30042.113,23548.21,68979.0,101.0993,16.419,4.2,8.0,158310.0,220000.0,34.2,35.94,7242.0,62.5,4.33,4.33,4.228,4.486,4.7,0.258,0.148,2.692,0.8320000000000001,6.89,21613.2,3261.2,2671.3101,4956911.64,1305504.87,329.787,1490.0,1454.0,4150000.0,9.3,64.7,711757.0,20519.8,5.2,-119780.0,128.36466000000001,16.728,6040.697999999999,-0.50896,-0.8509,36214309.520796455,-1816790.0,-307017.19469927,41.8,,3.0,,
2025-02-14,319.679,325.465,125.921,125.145,336.065,282.096,4.3,2.632,2.446,30042.113,23548.21,68979.0,101.0993,16.419,4.2,8.0,158310.0,216000.0,34.2,35.94,7242.0,62.5,4.33,4.33,4.3,4.532,4.74,0.23199999999999998,0.186,2.648,0.818,6.87,21613.2,3261.2,2671.3101,4956911.64,1305504.87,329.787,1490.0,1454.0,4150000.0,9.3,64.7,711757.0,20519.8,5.2,-119780.0,128.08828,15.518,6083.322,-0.5045,-0.8509,36214309.520796455,-1816790.0,-307017.19469927,41.8,,3.0,,
2025-02-21,319.679,325.465,125.921,125.145,336.065,282.096,4.3,2.645,2.4425,30042.113,23548.21,68979.0,101.0993,16.419,4.2,8.0,158310.0,223000.0,34.2,35.94,7242.0,62.5,4.33,4.33,4.26,4.5,4.734999999999999,0.24,0.1675,2.6719999999999997,0.798,6.85,21613.2,3261.2,2671.3101,4956911.64,1305504.87,329.787,1490.0,1454.0,4150000.0,9.3,64.7,711757.0,20519.8,5.2,-119780.0,127.31892500000001,15.972,6101.095,-0.49507,-0.8509,36214309.520796455,-1816790.0,-307017.19469927,41.8,,3.0,,
2025-02-28,319.679,325.465,125.921,125.145,336.065,282.096,4.3,2.574,2.382,30042.113,23548.21,68979.0,101.0993,16.419,4.2,8.0,158310.0,241000.0,34.2,35.94,7242.0,62.5,4.33,4.33,4.062,4.296,4.558,0.23399999999999999,-0.016,2.822,0.844,6.76,21613.2,3261.2,2671.3101,4956911.64,1305504.87,329.787,1490.0,1454.0,4150000.0,9.3,64.7,711757.0,20519.8,5.2,-119780.0,127.62008,19.654,5942.126,-0.4817,-0.8509,36214309.520796455,-1816790.0,-307017.19469927,41.8,,3.0,,
2025-03-07,319.785,325.69,125.941,125.267,337.331,278.906,5.0,2.558,2.344,30042.113,23548.21,68979.0,101.0404,18.35,4.2,7.9,158377.0,224000.0,34.2,36.11,6952.0,62.5,4.33,4.33,3.972,4.254,4.55,0.28200000000000003,-0.09,2.9539999999999997,0.884,6.63,21693.5,3408.3,2675.2916,5020902.36,1294474.35,329.124,1355.0,1481.0,4020000.0,9.2,57.0,722572.0,20683.0,5.1,-135856.0,126.86838,23.292,5795.844,-0.46504,-0.8509,36214309.520796455,-1816790.0,-160530.32149936,41.8,,3.0,,
2025-03-14,319.785,325.69,125.941,125.267,337.331,278.906,5.0,2.496,2.308,30042.113,23548.21,68979.0,101.0404,18.35,4.2,7.9,158377.0,222000.0,34.2,36.11,6952.0,62.5,4.33,4.33,3.9599999999999995,4.279999999999999,4.593999999999999,0.32,-0.057999999999999996,3.246,0.944,6.65,21693.5,3408.3,2675.2916,5020902.36,1294474.35,329.124,1355.0,1481.0,4020000.0,9.2,57.0,722572.0,20683.0,5.1,-135856.0,125.97547999999999,25.088,5589.278,-0.4467,-0.8509,36214309.520796455,-1816790.0,-160530.32149936,41.8,,3.0,,
2025-03-21,319.785,325.69,125.941,125.267,337.331,278.906,5.0,2.492,2.308,30042.113,23548.21,68979.0,101.0404,18.35,4.2,7.9,158377.0,225000.0,34.2,36.11,6952.0,62.5,4.33,4.33,3.996,4.268,4.576,0.27199999999999996,-0.066,3.196,0.9200000000000002,6.67,21693.5,3408.3,2675.2916,5020902.36,1294474.35,329.124,1355.0,1481.0,4020000.0,9.2,57.0,722572.0,20683.0,5.1,-135856.0,125.78206,20.238,5659.104,-0.42878,-0.8509,36214309.520796455,-1816790.0,-160530.32149936,41.8,,3.0,,
2025-03-28,319.785,325.69,125.941,125.267,337.331,278.906,5.0,2.568,2.368,30042.113,23548.21,68979.0,101.0404,18.35,4.2,7.9,158377.0,224000.0,34.2,36.11,6952.0,62.5,4.33,4.33,3.968,4.33,4.674,0.362,1.3877787807814458e-18,3.214,0.9120000000000001,6.65,21693.5,3408.3,2675.2916,5020902.36,1294474.35,329.124,1355.0,1481.0,4020000.0,9.2,57.0,722572.0,20683.0,5.1,-135856.0,126.25336,18.66,5706.134,-0.41199,-0.8509,36214309.520796455,-1816790.0,-160530.32149936,41.8,,3.0,,
2025-04-04,320.302,326.467,126.15,125.502,337.493,277.343,6.5,2.5,2.298,30485.729,23770.976,69549.0,101.1279,17.583,4.2,7.8,158485.0,220000.0,34.3,36.12,7098.0,62.6,4.33,4.33,3.8120000000000003,4.134,4.51,0.32199999999999995,-0.176,3.786,1.0219999999999998,6.64,21775.5,3355.0,2668.9812,5038845.21,1301496.38,328.278,1398.0,1422.0,4020000.0,8.5,52.2,721789.0,20746.4,5.5,-60084.0,126.01338000000001,28.177999999999997,5477.298000000001,-0.39697,-0.8509,36211469.0,-1816790.0,258399.94911496,41.8,,3.0,,
2025-04-11,320.302,326.467,126.15,125.502,337.493,277.343,6.5,2.352,2.214,30485.729,23770.976,69549.0,101.1279,17.583,4.2,7.8,158485.0,223000.0,34.3,36.12,7098.0,62.6,4.33,4.33,3.8299999999999996,4.3260000000000005,4.744,0.496,0.0,4.446,1.19,6.62,21775.5,3355.0,2668.9812,5038845.21,1301496.38,328.278,1398.0,1422.0,4020000.0,8.5,52.2,721789.0,20746.4,5.5,-60084.0,125.88566,42.242,5226.666,-0.38619,-0.8509,36211469.0,-1816790.0,258399.94911496,41.8,,3.0,,
2025-04-18,320.302,326.467,126.15,125.502,337.493,277.343,6.5,2.3025,2.205,30485.729,23770.976,69549.0,101.1279,17.583,4.2,7.8,158485.0,217000.0,34.3,36.12,7098.0,62.6,4.33,4.33,3.815,4.34,4.7825,0.525,0.0075,4.1025,1.1324999999999998,6.83,21775.5,3355.0,2668.9812,5038845.21,1301496.38,328.278,1398.0,1422.0,4020000.0,8.5,52.2,721789.0,20746.4,5.5,-60084.0,123.3649,30.825000000000003,5340.25,-0.3866,-0.8509,36211469.0,-1816790.0,258399.94911496,41.8,,3.0,,
2025-04-25,320.302,326.467,126.15,125.502,337.493,277.343,6.5,2.31,2.27,30485.729,23770.976,69549.0,101.1279,17.583,4.2,7.8,158485.0,224000.0,34.3,36.12,7098.0,62.6,4.33,4.33,3.7659999999999996,4.368,4.826,0.6020000000000001,0.04,3.8600000000000003,1.082,6.81,21775.5,3355.0,2668.9812,5038845.21,1301496.38,328.278,1398.0,1422.0,4020000.0,8.5,52.2,721789.0,20746.4,5.5,-60084.0,122.71361999999999,28.830000000000002,5366.36,-0.39309,-0.8509,36211469.0,-1816790.0,258399.94911496,41.8,,3.0,,
2025-05-02,320.62,326.893,126.38,125.79,338.474,275.377,6.6,2.302,2.246,30485.729,23770.976,69549.0,100.9655,16.043,4.3,7.8,158498.0,239000.0,34.2,36.28,7310.0,62.4,4.33,4.33,3.69,4.234,4.704,0.544,-0.082,3.758,1.068,6.76,21833.8,3263.0,2679.5484,5047974.11,1300226.33,327.593,1282.0,1394.0,4040000.0,9.6,52.2,716101.0,20755.0,4.9,-70564.0,122.70815999999999,24.259999999999998,5589.89,-0.40638,-0.8509,36211469.0,-1816790.0,-316003.76118944,41.8,,3.0,,
2025-05-09,320.62,326.893,126.38,125.79,338.474,275.377,6.6,2.3560000000000003,2.274,30485.729,23770.976,69549.0,100.9655,16.043,4.3,7.8,158498.0,228000.0,34.2,36.28,7310.0,62.4,4.33,4.33,3.8339999999999996,4.332,4.814,0.49800000000000005,-0.004000000000000001,3.594,1.038,6.76,21833.8,3263.0,2679.5484,5047974.11,1300226.33,327.593,1282.0,1394.0,4040000.0,9.6,52.2,716101.0,20755.0,4.9,-70564.0,122.33918000000001,23.266,5642.4839999999995,-0.42359,-0.8509,36211469.0,-1816790.0,-316003.76118944,41.8,,3.0,,
2025-05-16,320.62,326.893,126.38,125.79,338.474,275.377,6.6,2.4,2.332,30485.729,23770.976,69549.0,100.9655,16.043,4.3,7.8,158498.0,226000.0,34.2,36.28,7310.0,62.4,4.33,4.33,3.9979999999999998,4.470000000000001,4.92,0.472,0.072,3.1399999999999997,0.942,6.81,21833.8,3263.0,2679.5484,5047974.11,1300226.33,327.593,1282.0,1394.0,4040000.0,9.6,52.2,716101.0,20755.0,4.9,-70564.0,123.00206,18.06,5899.726000000001,-0.44104,-0.8509,36211469.0,-1816790.0,-316003.76118944,41.8,,3.0,,
2025-05-23,320.62,326.893,126.38,125.79,338.474,275.377,6.6,2.42,2.346,30485.729,23770.976,69549.0,100.9655,16.043,4.3,7.8,158498.0,225000.0,34.2,36.28,7310.0,62.4,4.33,4.33,3.9880000000000004,4.514,5.01,0.526,0.142,3.276,0.916,6.86,21833.8,3263.0,2679.5484,5047974.11,1300226.33,327.593,1282.0,1394.0,4040000.0,9.6,52.2,716101.0,20755.0,4.9,-70564.0,121.98294000000001,19.934,5878.7,-0.45569,-0.8509,36211469.0,-1816790.0,-316003.76118944,41.8,,3.0,,
2025-05-30,320.62,326.893,126.38,125.79,338.474,275.377,6.6,2.3925,2.3249999999999997,30485.729,23770.976,69549.0,100.9655,16.043,4.3,7.8,158498.0,236000.0,34.2,36.28,7310.0,62.4,4.33,4.33,3.9225,4.435,4.9375,0.5125,0.08,3.28,0.9099999999999999,6.89,21833.8,3263.0,2679.5484,5047974.11,1300226.33,327.593,1282.0,1394.0,4040000.0,9.6,52.2,716101.0,20755.0,4.9,-70564.0,121.73195,19.318,5908.4875,-0.46757,-0.8509,36211469.0,-1816790.0,-316003.76118944,41.8,,3.0,,
2025-06-06,321.435,327.658,126.743,126.121,339.468,276.558,5.0,2.348,2.3120000000000003,30485.729,23770.976,69549.0,101.4785,16.282,4.1,7.7,158478.0,244000.0,34.2,36.36,7204.0,62.3,4.33,4.33,3.946,4.4399999999999995,4.942,0.49399999999999994,0.003999999999999999,3.2133333333333334,0.895,6.85,21938.7,3356.0,2685.3006,5042682.73,1300318.0,326.878,1382.0,1393.0,3980000.0,9.1,60.7,723033.0,20868.4,4.6,-57637.0,121.16435999999999,17.782,5963.356,-0.47675,-0.8509,36211469.0,-1816790.0,27010.02207777,41.8,,3.0,,
2025-06-13,321.435,327.658,126.743,126.121,339.468,276.558,5.0,2.3099999999999996,2.2800000000000002,30485.729,23770.976,69549.0,101.4785,16.282,4.1,7.7,158478.0,246000.0,34.2,36.36,7204.0,62.3,4.33,4.33,3.964,4.428,4.906000000000001,0.46399999999999997,-0.022000000000000002,3.1420000000000003,0.874,6.84,21938.7,3356.0,2685.3006,5042682.73,1300318.0,326.878,1382.0,1393.0,3980000.0,9.1,60.7,723033.0,20868.4,4.6,-57637.0,120.60852,18.042,6017.832,-0.48425,-0.8509,36211469.0,-1816790.0,27010.02207777,41.8,,3.0,,
2025-06-20,321.435,327.658,126.743,126.121,339.468,276.558,5.0,2.35,2.3125,30485.729,23770.976,69549.0,101.4785,16.282,4.1,7.7,158478.0,243000.0,34.2,36.36,7204.0,62.3,4.33,4.33,3.9375,4.4025,4.9025,0.46499999999999997,-0.0125,3.144,0.8779999999999999,6.81,21938.7,3356.0,2685.3006,5042682.73,1300318.0,326.878,1382.0,1393.0,3980000.0,9.1,60.7,723033.0,20868.4,4.6,-57637.0,120.60815,20.728,5991.135,-0.4907,-0.8509,36211469.0,-1816790.0,27010.02207777,41.8,,3.0,,
2025-06-27,321.435,327.658,126.743,126.121,339.468,276.558,5.0,2.302,2.288,30485.729,23770.976,69549.0,101.4785,16.282,4.1,7.7,158478.0,236000.0,34.2,36.36,7204.0,62.3,4.33,4.33,3.7520000000000002,4.296,4.837999999999999,0.544,-0.08800000000000001,3.056,0.884,6.77,21938.7,3356.0,2685.3006,5042682.73,1300318.0,326.878,1382.0,1393.0,3980000.0,9.1,60.7,723033.0,20868.4,4.6,-57637.0,120.23432,17.396,6104.719999999999,-0.49741,-0.8509,36211469.0,-1816790.0,27010.02207777,41.8,,3.0,,
2025-07-04,322.169,328.682,126.96,126.43,339.891,274.85,4.5,2.335,2.3025,31098.027,24026.834,70218.0,101.894,16.986,4.3,7.9,158542.0,231000.0,34.2,36.47,7089.0,62.2,4.33,4.33,3.79,4.2875,4.8100000000000005,0.4975,-0.12250000000000001,2.87,0.826,6.67,22019.9,3340.3,2674.3188,5055388.53,1310908.54,326.619,1420.0,1362.0,4030000.0,9.3,61.7,727727.0,21007.3,4.5,-74233.0,119.323575,16.812,6227.4325,-0.50439,-0.8509,37637552.59555763,-1816790.0,-291142.66028767,41.8,,3.0,,
2025-07-11,322.169,328.682,126.96,126.43,339.891,274.85,4.5,2.4,2.348,31098.027,24026.834,70218.0,101.894,16.986,4.3,7.9,158542.0,228000.0,34.2,36.47,7089.0,62.2,4.33,4.33,3.8839999999999995,4.388,4.91,0.504,-0.030000000000000006,2.9219999999999997,0.8240000000000001,6.72,22019.9,3340.3,2674.3188,5055388.53,1310908.54,326.619,1420.0,1362.0,4030000.0,9.3,61.7,727727.0,21007.3,4.5,-74233.0,119.7888,16.544,6251.794,-0.51092,-0.8509,37637552.59555763,-1816790.0,-291142.66028767,41.8,,3.0,,
2025-07-18,322.169,328.682,126.96,126.43,339.891,274.85,4.5,2.4899999999999998,2.41,31098.027,24026.834,70218.0,101.894,16.986,4.3,7.9,158542.0,221000.0,34.2,36.47,7089.0,62.2,4.33,4.33,3.904,4.46,5.0,0.556,0.048,2.948,0.808,6.75,22019.9,3340.3,2674.3188,5055388.53,1310908.54,326.619,1420.0,1362.0,4030000.0,9.3,61.7,727727.0,21007.3,4.5,-74233.0,120.42866,16.934,6274.034,-0.51597,-0.8509,37637552.59555763,-1816790.0,-291142.66028767,41.8,,3.0,,
2025-07-25,322.169,328.682,126.96,126.43,339.891,274.85,4.5,2.474,2.41,31098.027,24026.834,70218.0,101.894,16.986,4.3,7.9,158542.0,218000.0,34.2,36.47,7089.0,62.2,4.33,4.33,3.876,4.392,4.934,0.516,-0.022,2.856,0.794,6.74,22019.9,3340.3,2674.3188,5055388.53,1310908.54,326.619,1420.0,1362.0,4030000.0,9.3,61.7,727727.0,21007.3,4.5,-74233.0,119.75978,15.768,6345.224,-0.5202,-0.8509,37637552.59555763,-1816790.0,-291142.66028767,41.8,,3.0,,
2025-08-01,323.291,329.7,127.293,126.714,341.32,276.734,4.8,2.4539999999999997,2.402,31098.027,24026.834,70218.0,101.6247,16.911,4.3,8.1,158472.0,219000.0,34.2,36.62,6919.0,62.3,4.33,4.33,3.868,4.348000000000001,4.882,0.48,-0.046,2.912,0.792,6.72,22086.8,3281.9,2685.1565,5056229.64,1306121.23,326.973,1291.0,1330.0,4030000.0,8.4,58.2,731700.0,21123.8,4.4,-56011.0,121.18394,16.718,6340.186,-0.52305,-0.8509,37637552.59555763,-1816790.0,-344791.89185812,41.8,,3.0,,
2025-08-08,323.291,329.7,127.293,126.714,341.32,276.734,4.8,2.418,2.362,31098.027,24026.834,70218.0,101.6247,16.911,4.3,8.1,158472.0,226000.0,34.2,36.62,6919.0,62.3,4.33,4.33,3.7159999999999997,4.232,4.81,0.516,-0.098,2.974,0.8099999999999999,6.63,22086.8,3281.9,2685.1565,5056229.64,1306121.23,326.973,1291.0,1330.0,4030000.0,8.4,58.2,731700.0,21123.8,4.4,-56011.0,120.6479,16.772,6340.728,-0.52482,-0.8509,37637552.59555763,-1816790.0,-344791.89185812,41.8,,3.0,,
2025-08-15,323.291,329.7,127.293,126.714,341.32,276.734,4.8,2.432,2.384,31098.027,24026.834,70218.0,101.6247,16.911,4.3,8.1,158472.0,224000.0,34.2,36.62,6919.0,62.3,4.33,4.33,3.728,4.284000000000001,4.87,0.5559999999999999,-0.028000000000000004,2.908,0.778,6.58,22086.8,3281.9,2685.1565,5056229.64,1306121.23,326.973,1291.0,1330.0,4030000.0,8.4,58.2,731700.0,21123.8,4.4,-56011.0,120.41502,15.078,6440.826,-0.52732,-0.8509,37637552.59555763,-1816790.0,-344791.89185812,41.8,,3.0,,
2025-08-22,323.291,329.7,127.293,126.714,341.32,276.734,4.8,2.4259999999999997,2.3760000000000003,31098.027,24026.834,70218.0,101.6247,16.911,4.3,8.1,158472.0,233000.0,34.2,36.62,6919.0,62.3,4.33,4.33,3.746,4.304,4.906000000000001,0.558,0.0,2.91,0.764,6.58,22086.8,3281.9,2685.1565,5056229.64,1306121.23,326.973,1291.0,1330.0,4030000.0,8.4,58.2,731700.0,21123.8,4.4,-56011.0,120.68440000000001,15.414000000000001,6418.6759999999995,-0.52843,-0.8509,37637552.59555763,-1816790.0,-344791.89185812,41.8,,3.0,,
2025-08-29,323.291,329.7,127.293,126.714,341.32,276.734,4.8,2.49,2.416,31098.027,24026.834,70218.0,101.6247,16.911,4.3,8.1,158472.0,229000.0,34.2,36.62,6919.0,62.3,4.33,4.33,3.628,4.246,4.9,0.618,-0.018,2.786,0.782,6.56,22086.8,3281.9,2685.1565,5056229.64,1306121.23,326.973,1291.0,1330.0,4030000.0,8.4,58.2,731700.0,21123.8,4.4,-56011.0,120.42878,14.809999999999999,6469.755999999999,-0.5293,-0.8509,37637552.59555763,-1816790.0,-344791.89185812,41.8,,3.0,,
2025-09-05,324.245,330.418,127.625,126.954,342.086,280.7,4.7,2.45,2.39,31098.027,24026.834,70218.0,101.668,16.985,4.4,8.1,158548.0,236000.0,34.2,36.7,7169.0,62.5,4.22,4.33,3.5925,4.1925,4.8775,0.6,0.04,2.858333333333333,0.805,6.5,22169.8,3068.1,2693.7075,5071499.16,1310561.76,327.659,1328.0,1415.0,4080000.0,8.1,55.1,732192.0,21202.4,4.3,-49168.0,120.52000000000001,16.024,6461.845,-0.52935,-0.8509,37637552.59555763,-1816790.0,197949.63036216,41.8,,3.0,,
2025-09-12,324.245,330.418,127.625,126.954,342.086,280.7,4.7,2.416,2.352,31098.027,24026.834,70218.0,101.668,16.985,4.4,8.1,158548.0,259000.0,34.2,36.7,7169.0,62.5,4.22,4.33,3.53,4.048,4.686,0.518,-0.042,2.824,0.788,6.35,22169.8,3068.1,2693.7075,5071499.16,1310561.76,327.659,1328.0,1415.0,4080000.0,8.1,55.1,732192.0,21202.4,4.3,-49168.0,120.07816,14.994,6542.312,-0.52947,-0.8509,37637552.59555763,-1816790.0,197949.63036216,41.8,,3.0,,
2025-09-19,324.245,330.418,127.625,126.954,342.086,280.7,4.7,2.426,2.378,31098.027,24026.834,70218.0,101.668,16.985,4.4,8.1,158548.0,233000.0,34.2,36.7,7169.0,62.5,4.22,4.258571428571429,3.5420000000000003,4.08,4.688000000000001,0.538,0.044,2.752,0.752,6.26,22169.8,3068.1,2693.7075,5071499.16,1310561.76,327.659,1328.0,1415.0,4080000.0,8.1,55.1,732192.0,21202.4,4.3,-49168.0,119.46096,15.784,6623.742,-0.52821,-0.8509,37637552.59555763,-1816790.0,197949.63036216,41.8,,3.0,,
2025-09-26,324.245,330.418,127.625,126.954,342.086,280.7,4.7,2.42,2.376,31098.027,24026.834,70218.0,101.668,16.985,4.4,8.1,158548.0,219000.0,34.2,36.7,7169.0,62.5,4.22,4.087142857142857,3.596,4.162000000000001,4.756,0.5660000000000001,0.146,2.722,0.75,6.3,22169.8,3068.1,2693.7075,5071499.16,1310561.76,327.659,1328.0,1415.0,4080000.0,8.1,55.1,732192.0,21202.4,4.3,-49168.0,120.11658,16.19,6647.411999999999,-0.52719,-0.8509,37637552.59555763,-1816790.0,197949.63036216,41.8,,3.0,,
2025-10-03,324.245,330.418,127.873,127.245,342.086,280.7,4.6,2.394,2.346,31442.483,24065.956,70279.0,101.2075,15.843,4.4,8.1,158408.0,225000.0,34.2,36.85,7170.0,62.5,4.09,4.09,3.582,4.132,4.712000000000001,0.55,0.10800000000000001,2.7920000000000003,0.754,6.34,22250.4,2944.9,2692.1907,5078804.19,1315011.6,329.121,1272.0,1411.0,4110000.0,9.0,53.6,731051.0,21287.7,4.0,-31102.0,120.18393999999998,16.394,6698.402,-0.5258,-0.8509,38514009.0,-1775357.0,-284350.0507828,41.8,,3.0,,
2025-10-10,324.245,330.418,127.873,127.245,342.086,280.7,4.6,2.38,2.336,31442.483,24065.956,70279.0,101.2075,15.843,4.4,8.1,158408.0,233000.0,34.2,36.85,7170.0,62.5,4.09,4.094285714285713,3.5740000000000003,4.128,4.712,0.554,0.11000000000000001,2.91,0.764,6.3,22250.4,2944.9,2692.1907,5078804.19,1315011.6,329.121,1272.0,1411.0,4110000.0,9.0,53.6,731051.0,21287.7,4.0,-31102.0,120.74874,17.6,6699.242,-0.52355,-0.8509,38514009.0,-1775357.0,-284350.0507828,41.8,,3.0,,
2025-10-17,324.245,330.418,127.873,127.245,342.086,280.7,4.6,2.31,2.285,31442.483,24065.956,70279.0,101.2075,15.843,4.4,8.1,158408.0,222000.0,34.2,36.85,7170.0,62.5,4.09,4.102857142857142,3.4625,4.0225,4.609999999999999,0.56,0.005000000000000001,3.064,0.8,6.27,22250.4,2944.9,2692.1907,5078804.19,1315011.6,329.121,1272.0,1411.0,4110000.0,9.0,53.6,731051.0,21287.7,4.0,-31102.0,120.85475,21.314,6652.634,-0.51975,-0.8509,38514009.0,-1775357.0,-284350.0507828,41.8,,3.0,,
2025-10-24,324.245,330.418,127.873,127.245,342.086,280.7,4.6,2.344,2.284,31442.483,24065.956,70279.0,101.2075,15.843,4.4,8.1,158408.0,231000.0,34.2,36.85,7170.0,62.5,4.09,4.11,3.464,3.996,4.568,0.532,0.041999999999999996,2.962,0.786,6.19,22250.4,2944.9,2692.1907,5078804.19,1315011.6,329.121,1272.0,1411.0,4110000.0,9.0,53.6,731051.0,21287.7,4.0,-31102.0,120.85876,17.674,6740.002,-0.51639,-0.8509,38514009.0,-1775357.0,-284350.0507828,41.8,,3.0,,
2025-10-31,324.245,330.418,127.873,127.245,342.086,280.7,4.6,2.376,2.29,31442.483,24065.956,70279.0,101.2075,15.843,4.4,8.1,158408.0,221000.0,34.2,36.85,7170.0,62.5,4.09,4.0442857142857145,3.55,4.0600000000000005,4.61,0.51,0.156,2.834,0.768,6.17,22250.4,2944.9,2692.1907,5078804.19,1315011.6,329.121,1272.0,1411.0,4110000.0,9.0,53.6,731051.0,21287.7,4.0,-31102.0,120.92703999999999,16.696,6863.836,-0.51263,-0.8509,38514009.0,-1775357.0,-284350.0507828,41.8,,3.0,,
2025-11-07,325.063,331.043,128.155,127.473,342.386,284.648,4.5,2.382,2.292,31442.483,24065.956,70279.0,101.3605,16.006,4.5,8.7,158449.0,228000.0,34.3,37.0,6846.0,62.5,3.88,3.867142857142857,3.586,4.1240000000000006,4.698,0.538,0.174,3.1,0.826,6.22,22296.5,2879.4,2697.6735,5081425.71,1311884.89,330.651,1324.0,1388.0,4090000.0,7.6,51.0,734718.0,21361.0,4.0,-56026.0,121.64186,18.552,6773.786,-0.50928,-0.8509,38514009.0,-1775357.0,-173277.17507692,41.8,,3.0,,
2025-11-14,325.063,331.043,128.155,127.473,342.386,284.648,4.5,2.375,2.28,31442.483,24065.956,70279.0,101.3605,16.006,4.5,8.7,158449.0,228000.0,34.3,37.0,6846.0,62.5,3.88,3.8728571428571428,3.585,4.115,4.705,0.53,0.1625,3.0439999999999996,0.828,6.24,22296.5,2879.4,2697.6735,5081425.71,1311884.89,330.651,1324.0,1388.0,4090000.0,7.6,51.0,734718.0,21361.0,4.0,-56026.0,121.020825,18.444,6800.312,-0.50749,-0.8509,38514009.0,-1775357.0,-173277.17507692,41.8,,3.0,,
2025-11-21,325.063,331.043,128.155,127.473,342.386,284.648,4.5,2.35,2.2600000000000002,31442.483,24065.956,70279.0,101.3605,16.006,4.5,8.7,158449.0,222000.0,34.3,37.0,6846.0,62.5,3.88,3.88,3.564,4.108,4.732,0.544,0.16799999999999998,3.1719999999999997,0.8480000000000001,6.26,22296.5,2879.4,2697.6735,5081425.71,1311884.89,330.651,1324.0,1388.0,4090000.0,7.6,51.0,734718.0,21361.0,4.0,-56026.0,121.47586000000001,24.116,6614.728,-0.50702,-0.8509,38514009.0,-1775357.0,-173277.17507692,41.8,,3.0,,
2025-11-28,325.063,331.043,128.155,127.473,342.386,284.648,4.5,2.2875,2.2275,31442.483,24065.956,70279.0,101.3605,16.006,4.5,8.7,158449.0,218000.0,34.3,37.0,6846.0,62.5,3.88,3.8814285714285712,3.4525,4.0175,4.665,0.565,0.115,3.04,0.8299999999999998,6.23,22296.5,2879.4,2697.6735,5081425.71,1311884.89,330.651,1324.0,1388.0,4090000.0,7.6,51.0,734718.0,21361.0,4.0,-56026.0,121.46175,17.966,6783.175,-0.50887,-0.8509,38514009.0,-1775357.0,-173277.17507692,41.8,,3.0,,
2025-12-05,326.031,331.814,128.615,127.929,344.632,285.624,4.2,2.314,2.248,31442.483,24065.956,70279.0,101.6781,16.401,4.4,8.4,158432.0,216000.0,34.2,37.02,6550.0,62.4,3.72,3.89,3.524,4.098,4.752000000000001,0.5740000000000001,0.354,2.9,0.8083333333333332,6.19,22386.9,2941.7,2706.6061,5106629.68,1324277.25,332.037,1387.0,1455.0,4270000.0,8.0,52.9,734685.0,21455.5,4.0,-72900.0,120.84588,16.22,6843.848,-0.51232,-0.8509,38514009.0,-1775357.0,-144749.23560928,41.8,,3.0,,
2025-12-12,326.031,331.814,128.615,127.929,344.632,285.624,4.2,2.32,2.256,31442.483,24065.956,70279.0,101.6781,16.401,4.4,8.4,158432.0,235000.0,34.2,37.02,6550.0,62.4,3.72,3.8185714285714285,3.5519999999999996,4.162,4.806,0.61,0.47400000000000003,2.896,0.786,6.22,22386.9,2941.7,2706.6061,5106629.68,1324277.25,332.037,1387.0,1455.0,4270000.0,8.0,52.9,734685.0,21455.5,4.0,-72900.0,120.45172,15.99,6860.4220000000005,-0.51749,-0.8509,38514009.0,-1775357.0,-144749.23560928,41.8,,3.0,,
2025-12-19,326.031,331.814,128.615,127.929,344.632,285.624,4.2,2.266,2.24,31442.483,24065.956,70279.0,101.6781,16.401,4.4,8.4,158432.0,224000.0,34.2,37.02,6550.0,62.4,3.72,3.64,3.4840000000000004,4.154,4.822,0.67,0.52,2.946,0.806,6.21,22386.9,2941.7,2706.6061,5106629.68,1324277.25,332.037,1387.0,1455.0,4270000.0,8.0,52.9,734685.0,21455.5,4.0,-72900.0,120.04386,16.476,6789.492,-0.52564,-0.8509,38514009.0,-1775357.0,-144749.23560928,41.8,,3.0,,
2025-12-26,326.031,331.814,128.615,127.929,344.632,285.624,4.2,2.2375000000000003,2.2350000000000003,31442.483,24065.956,70279.0,101.6781,16.401,4.4,8.4,158432.0,215000.0,34.2,37.02,6550.0,62.4,3.72,3.64,3.4625,4.16,4.8175,0.6975,0.505,2.8525,0.7925,6.18,22386.9,2941.7,2706.6061,5106629.68,1324277.25,332.037,1387.0,1455.0,4270000.0,8.0,52.9,734685.0,21455.5,4.0,-72900.0,119.6516,13.7875,6912.5675,-0.53631,-0.8509,38514009.0,-1775357.0,-144749.23560928,41.8,,3.0,,
2026-01-02,326.588,332.793,128.969,128.394,345.271,281.436,4.0,2.255,2.24,31442.483,24065.956,70279.0,102.3963,15.209,4.3,8.1,158558.0,203000.0,34.3,37.17,6946.0,62.1,3.64,3.64,3.46,4.1575,4.8275,0.6975,0.495,2.8375,0.79,6.15,22469.1,2967.9,2739.4931,5114679.44,1328986.66,332.037,1487.0,1376.0,4020000.0,9.7,56.4,733537.0,21536.6,4.5,-54455.0,119.608825,14.497499999999999,6876.4875,-0.54632,-0.8509,38514009.0,-1775357.0,-94615.16236921,41.8,3.4,3.0,2.4,2.7
2026-01-09,326.588,332.793,128.969,128.394,345.271,281.436,4.0,2.304,2.27,31442.483,24065.956,70279.0,102.3963,15.209,4.3,8.1,158558.0,207000.0,34.3,37.17,6946.0,62.1,3.64,3.64,3.4859999999999998,4.174,4.84,0.688,0.548,2.778,0.788,6.16,22469.1,2967.9,2739.4931,5114679.44,1328986.66,332.037,1487.0,1376.0,4020000.0,9.7,56.4,733537.0,21536.6,4.5,-54455.0,119.91674,14.994,6931.108,-0.55542,-0.8509,38514009.0,-1775357.0,-94615.16236921,41.8,3.4,3.0,2.4,2.7
2026-01-16,326.588,332.793,128.969,128.394,345.271,281.436,4.0,2.368,2.3,31442.483,24065.956,70279.0,102.3963,15.209,4.3,8.1,158558.0,201000.0,34.3,37.17,6946.0,62.1,3.64,3.64,3.5460000000000003,4.186,4.814,0.64,0.514,2.722,0.766,6.06,22469.1,2967.9,2739.4931,5114679.44,1328986.66,332.037,1487.0,1376.0,4020000.0,9.7,56.4,733537.0,21536.6,4.5,-54455.0,120.0337,15.91,6950.418000000001,-0.56035,-0.8509,38514009.0,-1775357.0,-94615.16236921,41.8,3.4,3.0,2.4,2.7
2026-01-23,326.588,332.793,128.969,128.394,345.271,281.436,4.0,2.425,2.325,31442.483,24065.956,70279.0,102.3963,15.209,4.3,8.1,158558.0,210000.0,34.3,37.17,6946.0,62.1,3.64,3.64,3.6025,4.265,4.86,0.6625,0.5625,2.678,0.74,6.09,22469.1,2967.9,2739.4931,5114679.44,1328986.66,332.037,1487.0,1376.0,4020000.0,9.7,56.4,733537.0,21536.6,4.5,-54455.0,119.2206,17.512,6875.36,-0.56115,-0.8509,38514009.0,-1775357.0,-94615.16236921,41.8,3.4,3.0,2.4,2.7
2026-01-30,326.588,332.793,128.969,128.394,345.271,281.436,4.0,2.494,2.346,31442.483,24065.956,70279.0,102.3963,15.209,4.3,8.1,158558.0,211000.0,34.3,37.17,6946.0,62.1,3.64,3.64,3.54,4.244,4.84,0.704,0.572,2.738,0.736,6.1,22469.1,2967.9,2739.4931,5114679.44,1328986.66,332.037,1487.0,1376.0,4020000.0,9.7,56.4,733537.0,21536.6,4.5,-54455.0,117.67114,16.634,6962.9800000000005,-0.558,-0.8509,38514009.0,-1775357.0,-94615.16236921,41.8,3.4,3.0,2.4,2.7
2026-02-06,327.46,333.512,128.969,128.394,346.622,283.223,4.0,2.508,2.344,31442.483,24065.956,70279.0,102.551,16.118,4.4,7.9,158466.0,230000.0,34.3,37.32,6946.0,62.0,3.64,3.64,3.536,4.258,4.882,0.722,0.5740000000000001,2.8733333333333335,0.75,6.11,22667.3,2956.6,2789.8344,5114679.44,1328986.66,332.037,1487.0,1376.0,4090000.0,9.7,56.4,733537.0,21536.6,4.5,-54455.0,118.26831999999999,18.502000000000002,6901.534,-0.55183,-0.8509,38514009.0,-1775357.0,-307501.43342617,41.8,3.4,3.0,2.4,2.7
2026-02-13,327.46,333.512,128.969,128.394,346.622,283.223,4.0,2.466,2.31,31442.483,24065.956,70279.0,102.551,16.118,4.4,7.9,158466.0,230000.0,34.3,37.32,6946.0,62.0,3.64,3.64,3.464,4.138,4.772,0.674,0.446,2.882,0.774,6.09,22667.3,2956.6,2789.8344,5114679.44,1328986.66,332.037,1487.0,1376.0,4090000.0,9.7,56.4,733537.0,21536.6,4.5,-54455.0,117.53686,18.844,6903.406,-0.54248,-0.8509,38514009.0,-1775357.0,-307501.43342617,41.8,3.4,3.0,2.4,2.7
2026-02-20,327.46,333.512,128.969,128.394,346.622,283.223,4.0,2.42,2.28,31442.483,24065.956,70279.0,102.551,16.118,4.4,7.9,158466.0,208000.0,34.3,37.32,6946.0,62.0,3.64,3.64,3.4625000000000004,4.075,4.7025,0.6125,0.3825,2.896,0.788,6.01,22667.3,2956.6,2789.8344,5114679.44,1328986.66,332.037,1487.0,1376.0,4090000.0,9.7,56.4,733537.0,21536.6,4.5,-54455.0,117.95179999999999,20.086000000000002,6873.9825,-0.53066,-0.8509,38514009.0,-1775357.0,-307501.43342617,41.8,3.4,3.0,2.4,2.7
2026-02-27,327.46,333.512,128.969,128.394,346.622,283.223,4.0,2.41,2.2659999999999996,31442.483,24065.956,70279.0,102.551,16.118,4.4,7.9,158466.0,211000.0,34.3,37.32,6946.0,62.0,3.64,3.64,3.4219999999999997,4.022,4.682,0.6,0.33799999999999997,2.9880000000000004,0.8160000000000001,5.98,22667.3,2956.6,2789.8344,5114679.44,1328986.66,332.037,1487.0,1376.0,4090000.0,9.7,56.4,733537.0,21536.6,4.5,-54455.0,117.87626,19.396,6892.338000000001,-0.5174,-0.8509,38514009.0,-1775357.0,-307501.43342617,41.8,3.4,3.0,2.4,2.7
2026-03-06,327.46,333.512,128.969,128.394,346.622,283.223,4.0,2.4899999999999998,2.306,31442.483,24065.956,70279.0,102.551,16.118,4.4,7.9,158466.0,214000.0,34.3,37.32,6946.0,62.0,3.64,3.64,3.53,4.096,4.726,0.5660000000000001,0.39,3.0549999999999997,0.8383333333333333,6.0,22667.3,2956.6,2789.8344,5114679.44,1328986.66,332.037,1487.0,1376.0,4090000.0,9.7,56.4,733537.0,21536.6,4.5,-54455.0,119.24618000000001,23.880000000000003,6827.696000000001,-0.503,-0.8509,38514009.0,-1775357.0,-307501.43342617,41.8,3.4,3.0,2.4,2.7
2026-03-13,327.46,333.512,128.969,128.394,346.622,283.223,4.0,2.582,2.354,31442.483,24065.956,70279.0,102.551,16.118,4.4,7.9,158466.0,213000.0,34.3,37.32,6946.0,62.0,3.64,3.64,3.6519999999999997,4.206,4.828,0.554,0.492,3.158,0.882,6.11,22667.3,2956.6,2789.8344,5114679.44,1328986.66,332.037,1487.0,1376.0,4090000.0,9.7,56.4,733537.0,21536.6,4.5,-54455.0,119.58072,25.827999999999996,6731.616,-0.48796,-0.8509,38514009.0,-1775357.0,-307501.43342617,41.8,3.4,3.0,2.4,2.7
2026-03-20,327.46,333.512,128.969,128.394,346.622,283.223,4.0,2.62,2.376,31442.483,24065.956,70279.0,102.551,16.118,4.4,7.9,158466.0,205000.0,34.3,37.32,6946.0,62.0,3.64,3.64,3.758,4.266,4.8759999999999994,0.508,0.538,3.2399999999999998,0.9099999999999999,6.22,22667.3,2956.6,2789.8344,5114679.44,1328986.66,332.037,1487.0,1376.0,4090000.0,9.7,56.4,733537.0,21536.6,4.5,-54455.0,120.06266000000001,24.362000000000002,6630.628,-0.47504,-0.8509,38514009.0,-1775357.0,-307501.43342617,41.8,3.4,3.1,2.4,2.7
2026-03-27,327.46,333.512,128.969,128.394,346.622,283.223,4.0,2.53,2.3233333333333337,31442.483,24065.956,70279.0,102.551,16.118,4.4,7.9,158466.0,210000.0,34.3,37.32,6946.0,62.0,3.64,3.6399999999999997,3.856666666666667,4.353333333333333,4.913333333333333,0.49666666666666665,0.6166666666666667,3.1833333333333336,0.8733333333333334,6.38,22667.3,2956.6,2789.8344,5114679.44,1328986.66,332.037,1487.0,1376.0,4090000.0,9.7,56.4,733537.0,21536.6,4.5,-54455.0,120.06266000000001,26.14333333333333,6576.423333333333,-0.47504,-0.8509,38514009.0,-1775357.0,-307501.43342617,41.8,3.4,3.1,2.4,2.7
2026-04-03,327.46,333.512,128.969,128.394,346.622,283.223,4.0,2.53,2.3233333333333337,31442.483,24065.956,70279.0,102.551,16.118,4.4,7.9,158466.0,210000.0,34.3,37.32,6946.0,62.0,3.64,3.6399999999999997,3.856666666666667,4.353333333333333,4.913333333333333,0.49666666666666665,0.6166666666666667,3.1833333333333336,0.8733333333333334,6.38,22667.3,2956.6,2789.8344,5114679.44,1328986.66,332.037,1487.0,1376.0,4090000.0,9.7,56.4,733537.0,21536.6,4.5,-54455.0,120.06266000000001,26.14333333333333,6576.423333333333,-0.47504,-0.8509,38514009.0,-1775357.0,-307501.43342617,41.8,3.4,3.1,2.4,2.7
2026-04-10,327.46,333.512,128.969,128.394,346.622,283.223,4.0,2.53,2.3233333333333337,31442.483,24065.956,70279.0,102.551,16.118,4.4,7.9,158466.0,210000.0,34.3,37.32,6946.0,62.0,3.64,3.6399999999999997,3.856666666666667,4.353333333333333,4.913333333333333,0.49666666666666665,0.6166666666666667,3.1833333333333336,0.8733333333333334,6.38,22667.3,2956.6,2789.8344,5114679.44,1328986.66,332.037,1487.0,1376.0,4090000.0,9.7,56.4,733537.0,21536.6,4.5,-54455.0,120.06266000000001,26.14333333333333,6576.423333333333,-0.47504,-0.8509,38514009.0,-1775357.0,-307501.43342617,41.8,3.4,3.1,2.4,2.7
2026-04-17,327.46,333.512,128.969,128.394,346.622,283.223,4.0,2.53,2.3233333333333337,31442.483,24065.956,70279.0,102.551,16.118,4.4,7.9,158466.0,210000.0,34.3,37.32,6946.0,62.0,3.64,3.6399999999999997,3.856666666666667,4.353333333333333,4.913333333333333,0.49666666666666665,0.6166666666666667,3.1833333333333336,0.8733333333333334,6.38,22667.3,2956.6,2789.8344,5114679.44,1328986.66,332.037,1487.0,1376.0,4090000.0,9.7,56.4,733537.0,21536.6,4.5,-54455.0,120.06266000000001,26.14333333333333,6576.423333333333,-0.47504,-0.8509,38514009.0,-1775357.0,-307501.43342617,41.8,3.4,3.1,2.4,2.7
2026-04-24,327.46,333.512,128.969,128.394,346.622,283.223,4.0,2.53,2.3233333333333337,31442.483,24065.956,70279.0,102.551,16.118,4.4,7.9,158466.0,210000.0,34.3,37.32,6946.0,62.0,3.64,3.6399999999999997,3.856666666666667,4.353333333333333,4.913333333333333,0.49666666666666665,0.6166666666666667,3.1833333333333336,0.8733333333333334,6.38,22667.3,2956.6,2789.8344,5114679.44,1328986.66,332.037,1487.0,1376.0,4090000.0,9.7,56.4,733537.0,21536.6,4.5,-54455.0,120.06266000000001,26.14333333333333,6576.423333333333,-0.47504,-0.8509,38514009.0,-1775357.0,-307501.43342617,41.8,3.4,3.1,2.4,2.7
2026-05-01,327.46,333.512,128.969,128.394,346.622,283.223,4.0,2.53,2.3233333333333337,31442.483,24065.956,70279.0,102.551,16.118,4.4,7.9,158466.0,210000.0,34.3,37.32,6946.0,62.0,3.64,3.6399999999999997,3.856666666666667,4.353333333333333,4.913333333333333,0.49666666666666665,0.6166666666666667,3.1833333333333336,0.8733333333333334,6.38,22667.3,2956.6,2789.8344,5114679.44,1328986.66,332.037,1487.0,1376.0,4090000.0,9.7,56.4,733537.0,21536.6,4.5,-54455.0,120.06266000000001,26.14333333333333,6576.423333333333,-0.47504,-0.8509,38514009.0,-1775357.0,-307501.43342617,41.8,3.4,3.1,2.4,2.7
2026-05-08,327.46,333.512,128.969,128.394,346.622,283.223,4.0,2.53,2.3233333333333337,31442.483,24065.956,70279.0,102.551,16.118,4.4,7.9,158466.0,210000.0,34.3,37.32,6946.0,62.0,3.64,3.6399999999999997,3.856666666666667,4.353333333333333,4.913333333333333,0.49666666666666665,0.6166666666666667,3.1833333333333336,0.8733333333333334,6.38,22667.3,2956.6,2789.8344,5114679.44,1328986.66,332.037,1487.0,1376.0,4090000.0,9.7,56.4,733537.0,21536.6,4.5,-54455.0,120.06266000000001,26.14333333333333,6576.423333333333,-0.47504,-0.8509,38514009.0,-1775357.0,-307501.43342617,41.8,3.4,3.1,2.4,2.7
2026-05-15,327.46,333.512,128.969,128.394,346.622,283.223,4.0,2.53,2.3233333333333337,31442.483,24065.956,70279.0,102.551,16.118,4.4,7.9,158466.0,210000.0,34.3,37.32,6946.0,62.0,3.64,3.6399999999999997,3.856666666666667,4.353333333333333,4.913333333333333,0.49666666666666665,0.6166666666666667,3.1833333333333336,0.8733333333333334,6.38,22667.3,2956.6,2789.8344,5114679.44,1328986.66,332.037,1487.0,1376.0,4090000.0,9.7,56.4,733537.0,21536.6,4.5,-54455.0,120.06266000000001,26.14333333333333,6576.423333333333,-0.47504,-0.8509,38514009.0,-1775357.0,-307501.43342617,41.8,3.4,3.1,2.4,2.7
2026-05-22,327.46,333.512,128.969,128.394,346.622,283.223,4.0,2.53,2.3233333333333337,31442.483,24065.956,70279.0,102.551,16.118,4.4,7.9,158466.0,210000.0,34.3,37.32,6946.0,62.0,3.64,3.6399999999999997,3.856666666666667,4.353333333333333,4.913333333333333,0.49666666666666665,0.6166666666666667,3.1833333333333336,0.8733333333333334,6.38,22667.3,2956.6,2789.8344,5114679.44,1328986.66,332.037,1487.0,1376.0,4090000.0,9.7,56.4,733537.0,21536.6,4.5,-54455.0,120.06266000000001,26.14333333333333,6576.423333333333,-0.47504,-0.8509,38514009.0,-1775357.0,-307501.43342617,41.8,3.4,3.1,2.4,2.7
2026-05-29,327.46,333.512,128.969,128.394,346.622,283.223,4.0,2.53,2.3233333333333337,31442.483,24065.956,70279.0,102.551,16.118,4.4,7.9,158466.0,210000.0,34.3,37.32,6946.0,62.0,3.64,3.6399999999999997,3.856666666666667,4.353333333333333,4.913333333333333,0.49666666666666665,0.6166666666666667,3.1833333333333336,0.8733333333333334,6.38,22667.3,2956.6,2789.8344,5114679.44,1328986.66,332.037,1487.0,1376.0,4090000.0,9.7,56.4,733537.0,21536.6,4.5,-54455.0,120.06266000000001,26.14333333333333,6576.423333333333,-0.47504,-0.8509,38514009.0,-1775357.0,-307501.43342617,41.8,3.4,3.1,2.4,2.7
2026-06-05,327.46,333.512,128.969,128.394,346.622,283.223,4.0,2.53,2.3233333333333337,31442.483,24065.956,70279.0,102.551,16.118,4.4,7.9,158466.0,210000.0,34.3,37.32,6946.0,62.0,3.64,3.6399999999999997,3.856666666666667,4.353333333333333,4.913333333333333,0.49666666666666665,0.6166666666666667,3.1833333333333336,0.8733333333333334,6.38,22667.3,2956.6,2789.8344,5114679.44,1328986.66,332.037,1487.0,1376.0,4090000.0,9.7,56.4,733537.0,21536.6,4.5,-54455.0,120.06266000000001,26.14333333333333,6576.423333333333,-0.47504,-0.8509,38514009.0,-1775357.0,-307501.43342617,41.8,3.4,3.1,2.4,2.7
2026-06-12,327.46,333.512,128.969,128.394,346.622,283.223,4.0,2.53,2.3233333333333337,31442.483,24065.956,70279.0,102.551,16.118,4.4,7.9,158466.0,210000.0,34.3,37.32,6946.0,62.0,3.64,3.6399999999999997,3.856666666666667,4.353333333333333,4.913333333333333,0.49666666666666665,0.6166666666666667,3.1833333333333336,0.8733333333333334,6.38,22667.3,2956.6,2789.8344,5114679.44,1328986.66,332.037,1487.0,1376.0,4090000.0,9.7,56.4,733537.0,21536.6,4.5,-54455.0,120.06266000000001,26.14333333333333,6576.423333333333,-0.47504,-0.8509,38514009.0,-1775357.0,-307501.43342617,41.8,3.4,3.1,2.4,2.7
2026-06-19,327.46,333.512,128.969,128.394,346.622,283.223,4.0,2.53,2.3233333333333337,31442.483,24065.956,70279.0,102.551,16.118,4.4,7.9,158466.0,210000.0,34.3,37.32,6946.0,62.0,3.64,3.6399999999999997,3.856666666666667,4.353333333333333,4.913333333333333,0.49666666666666665,0.6166666666666667,3.1833333333333336,0.8733333333333334,6.38,22667.3,2956.6,2789.8344,5114679.44,1328986.66,332.037,1487.0,1376.0,4090000.0,9.7,56.4,733537.0,21536.6,4.5,-54455.0,120.06266000000001,26.14333333333333,6576.423333333333,-0.47504,-0.8509,38514009.0,-1775357.0,-307501.43342617,41.8,3.4,3.1,2.4,2.7
2026-06-26,327.46,333.512,128.969,128.394,346.622,283.223,4.0,2.53,2.3233333333333337,31442.483,24065.956,70279.0,102.551,16.118,4.4,7.9,158466.0,210000.0,34.3,37.32,6946.0,62.0,3.64,3.6399999999999997,3.856666666666667,4.353333333333333,4.913333333333333,0.49666666666666665,0.6166666666666667,3.1833333333333336,0.8733333333333334,6.38,22667.3,2956.6,2789.8344,5114679.44,1328986.66,332.037,1487.0,1376.0,4090000.0,9.7,56.4,733537.0,21536.6,4.5,-54455.0,120.06266000000001,26.14333333333333,6576.423333333333,-0.47504,-0.8509,38514009.0,-1775357.0,-307501.43342617,41.8,3.4,3.1,2.4,2.7
2026-07-03,327.46,333.512,128.969,128.394,346.622,283.223,4.0,2.53,2.3233333333333337,31442.483,24065.956,70279.0,102.551,16.118,4.4,7.9,158466.0,210000.0,34.3,37.32,6946.0,62.0,3.64,3.6399999999999997,3.856666666666667,4.353333333333333,4.913333333333333,0.49666666666666665,0.6166666666666667,3.1833333333333336,0.8733333333333334,6.38,22667.3,2956.6,2789.8344,5114679.44,1328986.66,332.037,1487.0,1376.0,4090000.0,9.7,56.4,733537.0,21536.6,4.5,-54455.0,120.06266000000001,26.14333333333333,6576.423333333333,-0.47504,-0.8509,38514009.0,-1775357.0,-307501.43342617,41.8,3.4,3.1,2.4,2.7
2026-07-10,327.46,333.512,128.969,128.394,346.622,283.223,4.0,2.53,2.3233333333333337,31442.483,24065.956,70279.0,102.551,16.118,4.4,7.9,158466.0,210000.0,34.3,37.32,6946.0,62.0,3.64,3.6399999999999997,3.856666666666667,4.353333333333333,4.913333333333333,0.49666666666666665,0.6166666666666667,3.1833333333333336,0.8733333333333334,6.38,22667.3,2956.6,2789.8344,5114679.44,1328986.66,332.037,1487.0,1376.0,4090000.0,9.7,56.4,733537.0,21536.6,4.5,-54455.0,120.06266000000001,26.14333333333333,6576.423333333333,-0.47504,-0.8509,38514009.0,-1775357.0,-307501.43342617,41.8,3.4,3.1,2.4,2.7
2026-07-17,327.46,333.512,128.969,128.394,346.622,283.223,4.0,2.53,2.3233333333333337,31442.483,24065.956,70279.0,102.551,16.118,4.4,7.9,158466.0,210000.0,34.3,37.32,6946.0,62.0,3.64,3.6399999999999997,3.856666666666667,4.353333333333333,4.913333333333333,0.49666666666666665,0.6166666666666667,3.1833333333333336,0.8733333333333334,6.38,22667.3,2956.6,2789.8344,5114679.44,1328986.66,332.037,1487.0,1376.0,4090000.0,9.7,56.4,733537.0,21536.6,4.5,-54455.0,120.06266000000001,26.14333333333333,6576.423333333333,-0.47504,-0.8509,38514009.0,-1775357.0,-307501.43342617,41.8,3.4,3.1,2.4,2.7
2026-07-24,327.46,333.512,128.969,128.394,346.622,283.223,4.0,2.53,2.3233333333333337,31442.483,24065.956,70279.0,102.551,16.118,4.4,7.9,158466.0,210000.0,34.3,37.32,6946.0,62.0,3.64,3.6399999999999997,3.856666666666667,4.353333333333333,4.913333333333333,0.49666666666666665,0.6166666666666667,3.1833333333333336,0.8733333333333334,6.38,22667.3,2956.6,2789.8344,5114679.44,1328986.66,332.037,1487.0,1376.0,4090000.0,9.7,56.4,733537.0,21536.6,4.5,-54455.0,120.06266000000001,26.14333333333333,6576.423333333333,-0.47504,-0.8509,38514009.0,-1775357.0,-307501.43342617,41.8,3.4,3.1,2.4,2.7
2026-07-31,327.46,333.512,128.969,128.394,346.622,283.223,4.0,2.53,2.3233333333333337,31442.483,24065.956,70279.0,102.551,16.118,4.4,7.9,158466.0,210000.0,34.3,37.32,6946.0,62.0,3.64,3.6399999999999997,3.856666666666667,4.353333333333333,4.913333333333333,0.49666666666666665,0.6166666666666667,3.1833333333333336,0.8733333333333334,6.38,22667.3,2956.6,2789.8344,5114679.44,1328986.66,332.037,1487.0,1376.0,4090000.0,9.7,56.4,733537.0,21536.6,4.5,-54455.0,120.06266000000001,26.14333333333333,6576.423333333333,-0.47504,-0.8509,38514009.0,-1775357.0,-307501.43342617,41.8,3.4,3.1,2.4,2.7
2026-08-07,327.46,333.512,128.969,128.394,346.622,283.223,4.0,2.53,2.3233333333333337,31442.483,24065.956,70279.0,102.551,16.118,4.4,7.9,158466.0,210000.0,34.3,37.32,6946.0,62.0,3.64,3.6399999999999997,3.856666666666667,4.353333333333333,4.913333333333333,0.49666666666666665,0.6166666666666667,3.1833333333333336,0.8733333333333334,6.38,22667.3,2956.6,2789.8344,5114679.44,1328986.66,332.037,1487.0,1376.0,4090000.0,9.7,56.4,733537.0,21536.6,4.5,-54455.0,120.06266000000001,26.14333333333333,6576.423333333333,-0.47504,-0.8509,38514009.0,-1775357.0,-307501.43342617,41.8,3.4,3.1,2.4,2.7
2026-08-14,327.46,333.512,128.969,128.394,346.622,283.223,4.0,2.53,2.3233333333333337,31442.483,24065.956,70279.0,102.551,16.118,4.4,7.9,158466.0,210000.0,34.3,37.32,6946.0,62.0,3.64,3.6399999999999997,3.856666666666667,4.353333333333333,4.913333333333333,0.49666666666666665,0.6166666666666667,3.1833333333333336,0.8733333333333334,6.38,22667.3,2956.6,2789.8344,5114679.44,1328986.66,332.037,1487.0,1376.0,4090000.0,9.7,56.4,733537.0,21536.6,4.5,-54455.0,120.06266000000001,26.14333333333333,6576.423333333333,-0.47504,-0.8509,38514009.0,-1775357.0,-307501.43342617,41.8,3.4,3.1,2.4,2.7
2026-08-21,327.46,333.512,128.969,128.394,346.622,283.223,4.0,2.53,2.3233333333333337,31442.483,24065.956,70279.0,102.551,16.118,4.4,7.9,158466.0,210000.0,34.3,37.32,6946.0,62.0,3.64,3.6399999999999997,3.856666666666667,4.353333333333333,4.913333333333333,0.49666666666666665,0.6166666666666667,3.1833333333333336,0.8733333333333334,6.38,22667.3,2956.6,2789.8344,5114679.44,1328986.66,332.037,1487.0,1376.0,4090000.0,9.7,56.4,733537.0,21536.6,4.5,-54455.0,120.06266000000001,26.14333333333333,6576.423333333333,-0.47504,-0.8509,38514009.0,-1775357.0,-307501.43342617,41.8,3.4,3.1,2.4,2.7
2026-08-28,327.46,333.512,128.969,128.394,346.622,283.223,4.0,2.53,2.3233333333333337,31442.483,24065.956,70279.0,102.551,16.118,4.4,7.9,158466.0,210000.0,34.3,37.32,6946.0,62.0,3.64,3.6399999999999997,3.856666666666667,4.353333333333333,4.913333333333333,0.49666666666666665,0.6166666666666667,3.1833333333333336,0.8733333333333334,6.38,22667.3,2956.6,2789.8344,5114679.44,1328986.66,332.037,1487.0,1376.0,4090000.0,9.7,56.4,733537.0,21536.6,4.5,-54455.0,120.06266000000001,26.14333333333333,6576.423333333333,-0.47504,-0.8509,38514009.0,-1775357.0,-307501.43342617,41.8,3.4,3.1,2.4,2.7
2026-09-04,327.46,333.512,128.969,128.394,346.622,283.223,4.0,2.53,2.3233333333333337,31442.483,24065.956,70279.0,102.551,16.118,4.4,7.9,158466.0,210000.0,34.3,37.32,6946.0,62.0,3.64,3.6399999999999997,3.856666666666667,4.353333333333333,4.913333333333333,0.49666666666666665,0.6166666666666667,3.1833333333333336,0.8733333333333334,6.38,22667.3,2956.6,2789.8344,5114679.44,1328986.66,332.037,1487.0,1376.0,4090000.0,9.7,56.4,733537.0,21536.6,4.5,-54455.0,120.06266000000001,26.14333333333333,6576.423333333333,-0.47504,-0.8509,38514009.0,-1775357.0,-307501.43342617,41.8,3.4,3.1,2.4,2.7
2026-09-11,327.46,333.512,128.969,128.394,346.622,283.223,4.0,2.53,2.3233333333333337,31442.483,24065.956,70279.0,102.551,16.118,4.4,7.9,158466.0,210000.0,34.3,37.32,6946.0,62.0,3.64,3.6399999999999997,3.856666666666667,4.353333333333333,4.913333333333333,0.49666666666666665,0.6166666666666667,3.1833333333333336,0.8733333333333334,6.38,22667.3,2956.6,2789.8344,5114679.44,1328986.66,332.037,1487.0,1376.0,4090000.0,9.7,56.4,733537.0,21536.6,4.5,-54455.0,120.06266000000001,26.14333333333333,6576.423333333333,-0.47504,-0.8509,38514009.0,-1775357.0,-307501.43342617,41.8,3.4,3.1,2.4,2.7
2026-09-18,327.46,333.512,128.969,128.394,346.622,283.223,4.0,2.53,2.3233333333333337,31442.483,24065.956,70279.0,102.551,16.118,4.4,7.9,158466.0,210000.0,34.3,37.32,6946.0,62.0,3.64,3.6399999999999997,3.856666666666667,4.353333333333333,4.913333333333333,0.49666666666666665,0.6166666666666667,3.1833333333333336,0.8733333333333334,6.38,22667.3,2956.6,2789.8344,5114679.44,1328986.66,332.037,1487.0,1376.0,4090000.0,9.7,56.4,733537.0,21536.6,4.5,-54455.0,120.06266000000001,26.14333333333333,6576.423333333333,-0.47504,-0.8509,38514009.0,-1775357.0,-307501.43342617,41.8,3.4,3.1,2.4,2.7
2026-09-25,327.46,333.512,128.969,128.394,346.622,283.223,4.0,2.53,2.3233333333333337,31442.483,24065.956,70279.0,102.551,16.118,4.4,7.9,158466.0,210000.0,34.3,37.32,6946.0,62.0,3.64,3.6399999999999997,3.856666666666667,4.353333333333333,4.913333333333333,0.49666666666666665,0.6166666666666667,3.1833333333333336,0.8733333333333334,6.38,22667.3,2956.6,2789.8344,5114679.44,1328986.66,332.037,1487.0,1376.0,4090000.0,9.7,56.4,733537.0,21536.6,4.5,-54455.0,120.06266000000001,26.14333333333333,6576.423333333333,-0.47504,-0.8509,38514009.0,-1775357.0,-307501.43342617,41.8,3.4,3.1,2.4,2.7
2026-10-02,327.46,333.512,128.969,128.394,346.622,283.223,4.0,2.53,2.3233333333333337,31442.483,24065.956,70279.0,102.551,16.118,4.4,7.9,158466.0,210000.0,34.3,37.32,6946.0,62.0,3.64,3.6399999999999997,3.856666666666667,4.353333333333333,4.913333333333333,0.49666666666666665,0.6166666666666667,3.1833333333333336,0.8733333333333334,6.38,22667.3,2956.6,2789.8344,5114679.44,1328986.66,332.037,1487.0,1376.0,4090000.0,9.7,56.4,733537.0,21536.6,4.5,-54455.0,120.06266000000001,26.14333333333333,6576.423333333333,-0.47504,-0.8509,38514009.0,-1775357.0,-307501.43342617,41.8,3.4,3.1,2.4,2.7
2026-10-09,327.46,333.512,128.969,128.394,346.622,283.223,4.0,2.53,2.3233333333333337,31442.483,24065.956,70279.0,102.551,16.118,4.4,7.9,158466.0,210000.0,34.3,37.32,6946.0,62.0,3.64,3.6399999999999997,3.856666666666667,4.353333333333333,4.913333333333333,0.49666666666666665,0.6166666666666667,3.1833333333333336,0.8733333333333334,6.38,22667.3,2956.6,2789.8344,5114679.44,1328986.66,332.037,1487.0,1376.0,4090000.0,9.7,56.4,733537.0,21536.6,4.5,-54455.0,120.06266000000001,26.14333333333333,6576.423333333333,-0.47504,-0.8509,38514009.0,-1775357.0,-307501.43342617,41.8,3.4,3.1,2.4,2.7
2026-10-16,327.46,333.512,128.969,128.394,346.622,283.223,4.0,2.53,2.3233333333333337,31442.483,24065.956,70279.0,102.551,16.118,4.4,7.9,158466.0,210000.0,34.3,37.32,6946.0,62.0,3.64,3.6399999999999997,3.856666666666667,4.353333333333333,4.913333333333333,0.49666666666666665,0.6166666666666667,3.1833333333333336,0.8733333333333334,6.38,22667.3,2956.6,2789.8344,5114679.44,1328986.66,332.037,1487.0,1376.0,4090000.0,9.7,56.4,733537.0,21536.6,4.5,-54455.0,120.06266000000001,26.14333333333333,6576.423333333333,-0.47504,-0.8509,38514009.0,-1775357.0,-307501.43342617,41.8,3.4,3.1,2.4,2.7
2026-10-23,327.46,333.512,128.969,128.394,346.622,283.223,4.0,2.53,2.3233333333333337,31442.483,24065.956,70279.0,102.551,16.118,4.4,7.9,158466.0,210000.0,34.3,37.32,6946.0,62.0,3.64,3.6399999999999997,3.856666666666667,4.353333333333333,4.913333333333333,0.49666666666666665,0.6166666666666667,3.1833333333333336,0.8733333333333334,6.38,22667.3,2956.6,2789.8344,5114679.44,1328986.66,332.037,1487.0,1376.0,4090000.0,9.7,56.4,733537.0,21536.6,4.5,-54455.0,120.06266000000001,26.14333333333333,6576.423333333333,-0.47504,-0.8509,38514009.0,-1775357.0,-307501.43342617,41.8,3.4,3.1,2.4,2.7
2026-10-30,327.46,333.512,128.969,128.394,346.622,283.223,4.0,2.53,2.3233333333333337,31442.483,24065.956,70279.0,102.551,16.118,4.4,7.9,158466.0,210000.0,34.3,37.32,6946.0,62.0,3.64,3.6399999999999997,3.856666666666667,4.353333333333333,4.913333333333333,0.49666666666666665,0.6166666666666667,3.1833333333333336,0.8733333333333334,6.38,22667.3,2956.6,2789.8344,5114679.44,1328986.66,332.037,1487.0,1376.0,4090000.0,9.7,56.4,733537.0,21536.6,4.5,-54455.0,120.06266000000001,26.14333333333333,6576.423333333333,-0.47504,-0.8509,38514009.0,-1775357.0,-307501.43342617,41.8,3.4,3.1,2.4,2.7
2026-11-06,327.46,333.512,128.969,128.394,346.622,283.223,4.0,2.53,2.3233333333333337,31442.483,24065.956,70279.0,102.551,16.118,4.4,7.9,158466.0,210000.0,34.3,37.32,6946.0,62.0,3.64,3.6399999999999997,3.856666666666667,4.353333333333333,4.913333333333333,0.49666666666666665,0.6166666666666667,3.1833333333333336,0.8733333333333334,6.38,22667.3,2956.6,2789.8344,5114679.44,1328986.66,332.037,1487.0,1376.0,4090000.0,9.7,56.4,733537.0,21536.6,4.5,-54455.0,120.06266000000001,26.14333333333333,6576.423333333333,-0.47504,-0.8509,38514009.0,-1775357.0,-307501.43342617,41.8,3.4,3.1,2.4,2.7
2026-11-13,327.46,333.512,128.969,128.394,346.622,283.223,4.0,2.53,2.3233333333333337,31442.483,24065.956,70279.0,102.551,16.118,4.4,7.9,158466.0,210000.0,34.3,37.32,6946.0,62.0,3.64,3.6399999999999997,3.856666666666667,4.353333333333333,4.913333333333333,0.49666666666666665,0.6166666666666667,3.1833333333333336,0.8733333333333334,6.38,22667.3,2956.6,2789.8344,5114679.44,1328986.66,332.037,1487.0,1376.0,4090000.0,9.7,56.4,733537.0,21536.6,4.5,-54455.0,120.06266000000001,26.14333333333333,6576.423333333333,-0.47504,-0.8509,38514009.0,-1775357.0,-307501.43342617,41.8,3.4,3.1,2.4,2.7
2026-11-20,327.46,333.512,128.969,128.394,346.622,283.223,4.0,2.53,2.3233333333333337,31442.483,24065.956,70279.0,102.551,16.118,4.4,7.9,158466.0,210000.0,34.3,37.32,6946.0,62.0,3.64,3.6399999999999997,3.856666666666667,4.353333333333333,4.913333333333333,0.49666666666666665,0.6166666666666667,3.1833333333333336,0.8733333333333334,6.38,22667.3,2956.6,2789.8344,5114679.44,1328986.66,332.037,1487.0,1376.0,4090000.0,9.7,56.4,733537.0,21536.6,4.5,-54455.0,120.06266000000001,26.14333333333333,6576.423333333333,-0.47504,-0.8509,38514009.0,-1775357.0,-307501.43342617,41.8,3.4,3.1,2.4,2.7
2026-11-27,327.46,333.512,128.969,128.394,346.622,283.223,4.0,2.53,2.3233333333333337,31442.483,24065.956,70279.0,102.551,16.118,4.4,7.9,158466.0,210000.0,34.3,37.32,6946.0,62.0,3.64,3.6399999999999997,3.856666666666667,4.353333333333333,4.913333333333333,0.49666666666666665,0.6166666666666667,3.1833333333333336,0.8733333333333334,6.38,22667.3,2956.6,2789.8344,5114679.44,1328986.66,332.037,1487.0,1376.0,4090000.0,9.7,56.4,733537.0,21536.6,4.5,-54455.0,120.06266000000001,26.14333333333333,6576.423333333333,-0.47504,-0.8509,38514009.0,-1775357.0,-307501.43342617,41.8,3.4,3.1,2.4,2.7
2026-12-04,327.46,333.512,128.969,128.394,346.622,283.223,4.0,2.53,2.3233333333333337,31442.483,24065.956,70279.0,102.551,16.118,4.4,7.9,158466.0,210000.0,34.3,37.32,6946.0,62.0,3.64,3.6399999999999997,3.856666666666667,4.353333333333333,4.913333333333333,0.49666666666666665,0.6166666666666667,3.1833333333333336,0.8733333333333334,6.38,22667.3,2956.6,2789.8344,5114679.44,1328986.66,332.037,1487.0,1376.0,4090000.0,9.7,56.4,733537.0,21536.6,4.5,-54455.0,120.06266000000001,26.14333333333333,6576.423333333333,-0.47504,-0.8509,38514009.0,-1775357.0,-307501.43342617,41.8,3.4,3.1,2.4,2.7
2026-12-11,327.46,333.512,128.969,128.394,346.622,283.223,4.0,2.53,2.3233333333333337,31442.483,24065.956,70279.0,102.551,16.118,4.4,7.9,158466.0,210000.0,34.3,37.32,6946.0,62.0,3.64,3.6399999999999997,3.856666666666667,4.353333333333333,4.913333333333333,0.49666666666666665,0.6166666666666667,3.1833333333333336,0.8733333333333334,6.38,22667.3,2956.6,2789.8344,5114679.44,1328986.66,332.037,1487.0,1376.0,4090000.0,9.7,56.4,733537.0,21536.6,4.5,-54455.0,120.06266000000001,26.14333333333333,6576.423333333333,-0.47504,-0.8509,38514009.0,-1775357.0,-307501.43342617,41.8,3.4,3.1,2.4,2.7
2026-12-18,327.46,333.512,128.969,128.394,346.622,283.223,4.0,2.53,2.3233333333333337,31442.483,24065.956,70279.0,102.551,16.118,4.4,7.9,158466.0,210000.0,34.3,37.32,6946.0,62.0,3.64,3.6399999999999997,3.856666666666667,4.353333333333333,4.913333333333333,0.49666666666666665,0.6166666666666667,3.1833333333333336,0.8733333333333334,6.38,22667.3,2956.6,2789.8344,5114679.44,1328986.66,332.037,1487.0,1376.0,4090000.0,9.7,56.4,733537.0,21536.6,4.5,-54455.0,120.06266000000001,26.14333333333333,6576.423333333333,-0.47504,-0.8509,38514009.0,-1775357.0,-307501.43342617,41.8,3.4,3.1,2.4,2.7
2026-12-25,327.46,333.512,128.969,128.394,346.622,283.223,4.0,2.53,2.3233333333333337,31442.483,24065.956,70279.0,102.551,16.118,4.4,7.9,158466.0,210000.0,34.3,37.32,6946.0,62.0,3.64,3.6399999999999997,3.856666666666667,4.353333333333333,4.913333333333333,0.49666666666666665,0.6166666666666667,3.1833333333333336,0.8733333333333334,6.38,22667.3,2956.6,2789.8344,5114679.44,1328986.66,332.037,1487.0,1376.0,4090000.0,9.7,56.4,733537.0,21536.6,4.5,-54455.0,120.06266000000001,26.14333333333333,6576.423333333333,-0.47504,-0.8509,38514009.0,-1775357.0,-307501.43342617,41.8,3.4,3.1,2.4,2.7
2027-01-01,327.46,333.512,128.969,128.394,346.622,283.223,4.0,2.53,2.3233333333333337,31442.483,24065.956,70279.0,102.551,16.118,4.4,7.9,158466.0,210000.0,34.3,37.32,6946.0,62.0,3.64,3.6399999999999997,3.856666666666667,4.353333333333333,4.913333333333333,0.49666666666666665,0.6166666666666667,3.1833333333333336,0.8733333333333334,6.38,22667.3,2956.6,2789.8344,5114679.44,1328986.66,332.037,1487.0,1376.0,4090000.0,9.7,56.4,733537.0,21536.6,4.5,-54455.0,120.06266000000001,26.14333333333333,6576.423333333333,-0.47504,-0.8509,38514009.0,-1775357.0,-307501.43342617,41.8,3.1,3.1,2.3,2.2
2027-01-08,327.46,333.512,128.969,128.394,346.622,283.223,4.0,2.53,2.3233333333333337,31442.483,24065.956,70279.0,102.551,16.118,4.4,7.9,158466.0,210000.0,34.3,37.32,6946.0,62.0,3.64,3.6399999999999997,3.856666666666667,4.353333333333333,4.913333333333333,0.49666666666666665,0.6166666666666667,3.1833333333333336,0.8733333333333334,6.38,22667.3,2956.6,2789.8344,5114679.44,1328986.66,332.037,1487.0,1376.0,4090000.0,9.7,56.4,733537.0,21536.6,4.5,-54455.0,120.06266000000001,26.14333333333333,6576.423333333333,-0.47504,-0.8509,38514009.0,-1775357.0,-307501.43342617,41.8,3.1,3.1,2.3,2.2
2027-01-15,327.46,333.512,128.969,128.394,346.622,283.223,4.0,2.53,2.3233333333333337,31442.483,24065.956,70279.0,102.551,16.118,4.4,7.9,158466.0,210000.0,34.3,37.32,6946.0,62.0,3.64,3.6399999999999997,3.856666666666667,4.353333333333333,4.913333333333333,0.49666666666666665,0.6166666666666667,3.1833333333333336,0.8733333333333334,6.38,22667.3,2956.6,2789.8344,5114679.44,1328986.66,332.037,1487.0,1376.0,4090000.0,9.7,56.4,733537.0,21536.6,4.5,-54455.0,120.06266000000001,26.14333333333333,6576.423333333333,-0.47504,-0.8509,38514009.0,-1775357.0,-307501.43342617,41.8,3.1,3.1,2.3,2.2
2027-01-22,327.46,333.512,128.969,128.394,346.622,283.223,4.0,2.53,2.3233333333333337,31442.483,24065.956,70279.0,102.551,16.118,4.4,7.9,158466.0,210000.0,34.3,37.32,6946.0,62.0,3.64,3.6399999999999997,3.856666666666667,4.353333333333333,4.913333333333333,0.49666666666666665,0.6166666666666667,3.1833333333333336,0.8733333333333334,6.38,22667.3,2956.6,2789.8344,5114679.44,1328986.66,332.037,1487.0,1376.0,4090000.0,9.7,56.4,733537.0,21536.6,4.5,-54455.0,120.06266000000001,26.14333333333333,6576.423333333333,-0.47504,-0.8509,38514009.0,-1775357.0,-307501.43342617,41.8,3.1,3.1,2.3,2.2
2027-01-29,327.46,333.512,128.969,128.394,346.622,283.223,4.0,2.53,2.3233333333333337,31442.483,24065.956,70279.0,102.551,16.118,4.4,7.9,158466.0,210000.0,34.3,37.32,6946.0,62.0,3.64,3.6399999999999997,3.856666666666667,4.353333333333333,4.913333333333333,0.49666666666666665,0.6166666666666667,3.1833333333333336,0.8733333333333334,6.38,22667.3,2956.6,2789.8344,5114679.44,1328986.66,332.037,1487.0,1376.0,4090000.0,9.7,56.4,733537.0,21536.6,4.5,-54455.0,120.06266000000001,26.14333333333333,6576.423333333333,-0.47504,-0.8509,38514009.0,-1775357.0,-307501.43342617,41.8,3.1,3.1,2.3,2.2
2027-02-05,327.46,333.512,128.969,128.394,346.622,283.223,4.0,2.53,2.3233333333333337,31442.483,24065.956,70279.0,102.551,16.118,4.4,7.9,158466.0,210000.0,34.3,37.32,6946.0,62.0,3.64,3.6399999999999997,3.856666666666667,4.353333333333333,4.913333333333333,0.49666666666666665,0.6166666666666667,3.1833333333333336,0.8733333333333334,6.38,22667.3,2956.6,2789.8344,5114679.44,1328986.66,332.037,1487.0,1376.0,4090000.0,9.7,56.4,733537.0,21536.6,4.5,-54455.0,120.06266000000001,26.14333333333333,6576.423333333333,-0.47504,-0.8509,38514009.0,-1775357.0,-307501.43342617,41.8,3.1,3.1,2.3,2.2
2027-02-12,327.46,333.512,128.969,128.394,346.622,283.223,4.0,2.53,2.3233333333333337,31442.483,24065.956,70279.0,102.551,16.118,4.4,7.9,158466.0,210000.0,34.3,37.32,6946.0,62.0,3.64,3.6399999999999997,3.856666666666667,4.353333333333333,4.913333333333333,0.49666666666666665,0.6166666666666667,3.1833333333333336,0.8733333333333334,6.38,22667.3,2956.6,2789.8344,5114679.44,1328986.66,332.037,1487.0,1376.0,4090000.0,9.7,56.4,733537.0,21536.6,4.5,-54455.0,120.06266000000001,26.14333333333333,6576.423333333333,-0.47504,-0.8509,38514009.0,-1775357.0,-307501.43342617,41.8,3.1,3.1,2.3,2.2
2027-02-19,327.46,333.512,128.969,128.394,346.622,283.223,4.0,2.53,2.3233333333333337,31442.483,24065.956,70279.0,102.551,16.118,4.4,7.9,158466.0,210000.0,34.3,37.32,6946.0,62.0,3.64,3.6399999999999997,3.856666666666667,4.353333333333333,4.913333333333333,0.49666666666666665,0.6166666666666667,3.1833333333333336,0.8733333333333334,6.38,22667.3,2956.6,2789.8344,5114679.44,1328986.66,332.037,1487.0,1376.0,4090000.0,9.7,56.4,733537.0,21536.6,4.5,-54455.0,120.06266000000001,26.14333333333333,6576.423333333333,-0.47504,-0.8509,38514009.0,-1775357.0,-307501.43342617,41.8,3.1,3.1,2.3,2.2
2027-02-26,327.46,333.512,128.969,128.394,346.622,283.223,4.0,2.53,2.3233333333333337,31442.483,24065.956,70279.0,102.551,16.118,4.4,7.9,158466.0,210000.0,34.3,37.32,6946.0,62.0,3.64,3.6399999999999997,3.856666666666667,4.353333333333333,4.913333333333333,0.49666666666666665,0.6166666666666667,3.1833333333333336,0.8733333333333334,6.38,22667.3,2956.6,2789.8344,5114679.44,1328986.66,332.037,1487.0,1376.0,4090000.0,9.7,56.4,733537.0,21536.6,4.5,-54455.0,120.06266000000001,26.14333333333333,6576.423333333333,-0.47504,-0.8509,38514009.0,-1775357.0,-307501.43342617,41.8,3.1,3.1,2.3,2.2
2027-03-05,327.46,333.512,128.969,128.394,346.622,283.223,4.0,2.53,2.3233333333333337,31442.483,24065.956,70279.0,102.551,16.118,4.4,7.9,158466.0,210000.0,34.3,37.32,6946.0,62.0,3.64,3.6399999999999997,3.856666666666667,4.353333333333333,4.913333333333333,0.49666666666666665,0.6166666666666667,3.1833333333333336,0.8733333333333334,6.38,22667.3,2956.6,2789.8344,5114679.44,1328986.66,332.037,1487.0,1376.0,4090000.0,9.7,56.4,733537.0,21536.6,4.5,-54455.0,120.06266000000001,26.14333333333333,6576.423333333333,-0.47504,-0.8509,38514009.0,-1775357.0,-307501.43342617,41.8,3.1,3.1,2.3,2.2
2027-03-12,327.46,333.512,128.969,128.394,346.622,283.223,4.0,2.53,2.3233333333333337,31442.483,24065.956,70279.0,102.551,16.118,4.4,7.9,158466.0,210000.0,34.3,37.32,6946.0,62.0,3.64,3.6399999999999997,3.856666666666667,4.353333333333333,4.913333333333333,0.49666666666666665,0.6166666666666667,3.1833333333333336,0.8733333333333334,6.38,22667.3,2956.6,2789.8344,5114679.44,1328986.66,332.037,1487.0,1376.0,4090000.0,9.7,56.4,733537.0,21536.6,4.5,-54455.0,120.06266000000001,26.14333333333333,6576.423333333333,-0.47504,-0.8509,38514009.0,-1775357.0,-307501.43342617,41.8,3.1,3.1,2.3,2.2
2027-03-19,327.46,333.512,128.969,128.394,346.622,283.223,4.0,2.53,2.3233333333333337,31442.483,24065.956,70279.0,102.551,16.118,4.4,7.9,158466.0,210000.0,34.3,37.32,6946.0,62.0,3.64,3.6399999999999997,3.856666666666667,4.353333333333333,4.913333333333333,0.49666666666666665,0.6166666666666667,3.1833333333333336,0.8733333333333334,6.38,22667.3,2956.6,2789.8344,5114679.44,1328986.66,332.037,1487.0,1376.0,4090000.0,9.7,56.4,733537.0,21536.6,4.5,-54455.0,120.06266000000001,26.14333333333333,6576.423333333333,-0.47504,-0.8509,38514009.0,-1775357.0,-307501.43342617,41.8,3.1,3.1,2.3,2.2
2027-03-26,327.46,333.512,128.969,128.394,346.622,283.223,4.0,2.53,2.3233333333333337,31442.483,24065.956,70279.0,102.551,16.118,4.4,7.9,158466.0,210000.0,34.3,37.32,6946.0,62.0,3.64,3.6399999999999997,3.856666666666667,4.353333333333333,4.913333333333333,0.49666666666666665,0.6166666666666667,3.1833333333333336,0.8733333333333334,6.38,22667.3,2956.6,2789.8344,5114679.44,1328986.66,332.037,1487.0,1376.0,4090000.0,9.7,56.4,733537.0,21536.6,4.5,-54455.0,120.06266000000001,26.14333333333333,6576.423333333333,-0.47504,-0.8509,38514009.0,-1775357.0,-307501.43342617,41.8,3.1,3.1,2.3,2.2
2027-04-02,327.46,333.512,128.969,128.394,346.622,283.223,4.0,2.53,2.3233333333333337,31442.483,24065.956,70279.0,102.551,16.118,4.4,7.9,158466.0,210000.0,34.3,37.32,6946.0,62.0,3.64,3.6399999999999997,3.856666666666667,4.353333333333333,4.913333333333333,0.49666666666666665,0.6166666666666667,3.1833333333333336,0.8733333333333334,6.38,22667.3,2956.6,2789.8344,5114679.44,1328986.66,332.037,1487.0,1376.0,4090000.0,9.7,56.4,733537.0,21536.6,4.5,-54455.0,120.06266000000001,26.14333333333333,6576.423333333333,-0.47504,-0.8509,38514009.0,-1775357.0,-307501.43342617,41.8,3.1,3.1,2.3,2.2
2027-04-09,327.46,333.512,128.969,128.394,346.622,283.223,4.0,2.53,2.3233333333333337,31442.483,24065.956,70279.0,102.551,16.118,4.4,7.9,158466.0,210000.0,34.3,37.32,6946.0,62.0,3.64,3.6399999999999997,3.856666666666667,4.353333333333333,4.913333333333333,0.49666666666666665,0.6166666666666667,3.1833333333333336,0.8733333333333334,6.38,22667.3,2956.6,2789.8344,5114679.44,1328986.66,332.037,1487.0,1376.0,4090000.0,9.7,56.4,733537.0,21536.6,4.5,-54455.0,120.06266000000001,26.14333333333333,6576.423333333333,-0.47504,-0.8509,38514009.0,-1775357.0,-307501.43342617,41.8,3.1,3.1,2.3,2.2
2027-04-16,327.46,333.512,128.969,128.394,346.622,283.223,4.0,2.53,2.3233333333333337,31442.483,24065.956,70279.0,102.551,16.118,4.4,7.9,158466.0,210000.0,34.3,37.32,6946.0,62.0,3.64,3.6399999999999997,3.856666666666667,4.353333333333333,4.913333333333333,0.49666666666666665,0.6166666666666667,3.1833333333333336,0.8733333333333334,6.38,22667.3,2956.6,2789.8344,5114679.44,1328986.66,332.037,1487.0,1376.0,4090000.0,9.7,56.4,733537.0,21536.6,4.5,-54455.0,120.06266000000001,26.14333333333333,6576.423333333333,-0.47504,-0.8509,38514009.0,-1775357.0,-307501.43342617,41.8,3.1,3.1,2.3,2.2
2027-04-23,327.46,333.512,128.969,128.394,346.622,283.223,4.0,2.53,2.3233333333333337,31442.483,24065.956,70279.0,102.551,16.118,4.4,7.9,158466.0,210000.0,34.3,37.32,6946.0,62.0,3.64,3.6399999999999997,3.856666666666667,4.353333333333333,4.913333333333333,0.49666666666666665,0.6166666666666667,3.1833333333333336,0.8733333333333334,6.38,22667.3,2956.6,2789.8344,5114679.44,1328986.66,332.037,1487.0,1376.0,4090000.0,9.7,56.4,733537.0,21536.6,4.5,-54455.0,120.06266000000001,26.14333333333333,6576.423333333333,-0.47504,-0.8509,38514009.0,-1775357.0,-307501.43342617,41.8,3.1,3.1,2.3,2.2
2027-04-30,327.46,333.512,128.969,128.394,346.622,283.223,4.0,2.53,2.3233333333333337,31442.483,24065.956,70279.0,102.551,16.118,4.4,7.9,158466.0,210000.0,34.3,37.32,6946.0,62.0,3.64,3.6399999999999997,3.856666666666667,4.353333333333333,4.913333333333333,0.49666666666666665,0.6166666666666667,3.1833333333333336,0.8733333333333334,6.38,22667.3,2956.6,2789.8344,5114679.44,1328986.66,332.037,1487.0,1376.0,4090000.0,9.7,56.4,733537.0,21536.6,4.5,-54455.0,120.06266000000001,26.14333333333333,6576.423333333333,-0.47504,-0.8509,38514009.0,-1775357.0,-307501.43342617,41.8,3.1,3.1,2.3,2.2
2027-05-07,327.46,333.512,128.969,128.394,346.622,283.223,4.0,2.53,2.3233333333333337,31442.483,24065.956,70279.0,102.551,16.118,4.4,7.9,158466.0,210000.0,34.3,37.32,6946.0,62.0,3.64,3.6399999999999997,3.856666666666667,4.353333333333333,4.913333333333333,0.49666666666666665,0.6166666666666667,3.1833333333333336,0.8733333333333334,6.38,22667.3,2956.6,2789.8344,5114679.44,1328986.66,332.037,1487.0,1376.0,4090000.0,9.7,56.4,733537.0,21536.6,4.5,-54455.0,120.06266000000001,26.14333333333333,6576.423333333333,-0.47504,-0.8509,38514009.0,-1775357.0,-307501.43342617,41.8,3.1,3.1,2.3,2.2
2027-05-14,327.46,333.512,128.969,128.394,346.622,283.223,4.0,2.53,2.3233333333333337,31442.483,24065.956,70279.0,102.551,16.118,4.4,7.9,158466.0,210000.0,34.3,37.32,6946.0,62.0,3.64,3.6399999999999997,3.856666666666667,4.353333333333333,4.913333333333333,0.49666666666666665,0.6166666666666667,3.1833333333333336,0.8733333333333334,6.38,22667.3,2956.6,2789.8344,5114679.44,1328986.66,332.037,1487.0,1376.0,4090000.0,9.7,56.4,733537.0,21536.6,4.5,-54455.0,120.06266000000001,26.14333333333333,6576.423333333333,-0.47504,-0.8509,38514009.0,-1775357.0,-307501.43342617,41.8,3.1,3.1,2.3,2.2
2027-05-21,327.46,333.512,128.969,128.394,346.622,283.223,4.0,2.53,2.3233333333333337,31442.483,24065.956,70279.0,102.551,16.118,4.4,7.9,158466.0,210000.0,34.3,37.32,6946.0,62.0,3.64,3.6399999999999997,3.856666666666667,4.353333333333333,4.913333333333333,0.49666666666666665,0.6166666666666667,3.1833333333333336,0.8733333333333334,6.38,22667.3,2956.6,2789.8344,5114679.44,1328986.66,332.037,1487.0,1376.0,4090000.0,9.7,56.4,733537.0,21536.6,4.5,-54455.0,120.06266000000001,26.14333333333333,6576.423333333333,-0.47504,-0.8509,38514009.0,-1775357.0,-307501.43342617,41.8,3.1,3.1,2.3,2.2
2027-05-28,327.46,333.512,128.969,128.394,346.622,283.223,4.0,2.53,2.3233333333333337,31442.483,24065.956,70279.0,102.551,16.118,4.4,7.9,158466.0,210000.0,34.3,37.32,6946.0,62.0,3.64,3.6399999999999997,3.856666666666667,4.353333333333333,4.913333333333333,0.49666666666666665,0.6166666666666667,3.1833333333333336,0.8733333333333334,6.38,22667.3,2956.6,2789.8344,5114679.44,1328986.66,332.037,1487.0,1376.0,4090000.0,9.7,56.4,733537.0,21536.6,4.5,-54455.0,120.06266000000001,26.14333333333333,6576.423333333333,-0.47504,-0.8509,38514009.0,-1775357.0,-307501.43342617,41.8,3.1,3.1,2.3,2.2
2027-06-04,327.46,333.512,128.969,128.394,346.622,283.223,4.0,2.53,2.3233333333333337,31442.483,24065.956,70279.0,102.551,16.118,4.4,7.9,158466.0,210000.0,34.3,37.32,6946.0,62.0,3.64,3.6399999999999997,3.856666666666667,4.353333333333333,4.913333333333333,0.49666666666666665,0.6166666666666667,3.1833333333333336,0.8733333333333334,6.38,22667.3,2956.6,2789.8344,5114679.44,1328986.66,332.037,1487.0,1376.0,4090000.0,9.7,56.4,733537.0,21536.6,4.5,-54455.0,120.06266000000001,26.14333333333333,6576.423333333333,-0.47504,-0.8509,38514009.0,-1775357.0,-307501.43342617,41.8,3.1,3.1,2.3,2.2
2027-06-11,327.46,333.512,128.969,128.394,346.622,283.223,4.0,2.53,2.3233333333333337,31442.483,24065.956,70279.0,102.551,16.118,4.4,7.9,158466.0,210000.0,34.3,37.32,6946.0,62.0,3.64,3.6399999999999997,3.856666666666667,4.353333333333333,4.913333333333333,0.49666666666666665,0.6166666666666667,3.1833333333333336,0.8733333333333334,6.38,22667.3,2956.6,2789.8344,5114679.44,1328986.66,332.037,1487.0,1376.0,4090000.0,9.7,56.4,733537.0,21536.6,4.5,-54455.0,120.06266000000001,26.14333333333333,6576.423333333333,-0.47504,-0.8509,38514009.0,-1775357.0,-307501.43342617,41.8,3.1,3.1,2.3,2.2
2027-06-18,327.46,333.512,128.969,128.394,346.622,283.223,4.0,2.53,2.3233333333333337,31442.483,24065.956,70279.0,102.551,16.118,4.4,7.9,158466.0,210000.0,34.3,37.32,6946.0,62.0,3.64,3.6399999999999997,3.856666666666667,4.353333333333333,4.913333333333333,0.49666666666666665,0.6166666666666667,3.1833333333333336,0.8733333333333334,6.38,22667.3,2956.6,2789.8344,5114679.44,1328986.66,332.037,1487.0,1376.0,4090000.0,9.7,56.4,733537.0,21536.6,4.5,-54455.0,120.06266000000001,26.14333333333333,6576.423333333333,-0.47504,-0.8509,38514009.0,-1775357.0,-307501.43342617,41.8,3.1,3.1,2.3,2.2
2027-06-25,327.46,333.512,128.969,128.394,346.622,283.223,4.0,2.53,2.3233333333333337,31442.483,24065.956,70279.0,102.551,16.118,4.4,7.9,158466.0,210000.0,34.3,37.32,6946.0,62.0,3.64,3.6399999999999997,3.856666666666667,4.353333333333333,4.913333333333333,0.49666666666666665,0.6166666666666667,3.1833333333333336,0.8733333333333334,6.38,22667.3,2956.6,2789.8344,5114679.44,1328986.66,332.037,1487.0,1376.0,4090000.0,9.7,56.4,733537.0,21536.6,4.5,-54455.0,120.06266000000001,26.14333333333333,6576.423333333333,-0.47504,-0.8509,38514009.0,-1775357.0,-307501.43342617,41.8,3.1,3.1,2.3,2.2
2027-07-02,327.46,333.512,128.969,128.394,346.622,283.223,4.0,2.53,2.3233333333333337,31442.483,24065.956,70279.0,102.551,16.118,4.4,7.9,158466.0,210000.0,34.3,37.32,6946.0,62.0,3.64,3.6399999999999997,3.856666666666667,4.353333333333333,4.913333333333333,0.49666666666666665,0.6166666666666667,3.1833333333333336,0.8733333333333334,6.38,22667.3,2956.6,2789.8344,5114679.44,1328986.66,332.037,1487.0,1376.0,4090000.0,9.7,56.4,733537.0,21536.6,4.5,-54455.0,120.06266000000001,26.14333333333333,6576.423333333333,-0.47504,-0.8509,38514009.0,-1775357.0,-307501.43342617,41.8,3.1,3.1,2.3,2.2
2027-07-09,327.46,333.512,128.969,128.394,346.622,283.223,4.0,2.53,2.3233333333333337,31442.483,24065.956,70279.0,102.551,16.118,4.4,7.9,158466.0,210000.0,34.3,37.32,6946.0,62.0,3.64,3.6399999999999997,3.856666666666667,4.353333333333333,4.913333333333333,0.49666666666666665,0.6166666666666667,3.1833333333333336,0.8733333333333334,6.38,22667.3,2956.6,2789.8344,5114679.44,1328986.66,332.037,1487.0,1376.0,4090000.0,9.7,56.4,733537.0,21536.6,4.5,-54455.0,120.06266000000001,26.14333333333333,6576.423333333333,-0.47504,-0.8509,38514009.0,-1775357.0,-307501.43342617,41.8,3.1,3.1,2.3,2.2
2027-07-16,327.46,333.512,128.969,128.394,346.622,283.223,4.0,2.53,2.3233333333333337,31442.483,24065.956,70279.0,102.551,16.118,4.4,7.9,158466.0,210000.0,34.3,37.32,6946.0,62.0,3.64,3.6399999999999997,3.856666666666667,4.353333333333333,4.913333333333333,0.49666666666666665,0.6166666666666667,3.1833333333333336,0.8733333333333334,6.38,22667.3,2956.6,2789.8344,5114679.44,1328986.66,332.037,1487.0,1376.0,4090000.0,9.7,56.4,733537.0,21536.6,4.5,-54455.0,120.06266000000001,26.14333333333333,6576.423333333333,-0.47504,-0.8509,38514009.0,-1775357.0,-307501.43342617,41.8,3.1,3.1,2.3,2.2
2027-07-23,327.46,333.512,128.969,128.394,346.622,283.223,4.0,2.53,2.3233333333333337,31442.483,24065.956,70279.0,102.551,16.118,4.4,7.9,158466.0,210000.0,34.3,37.32,6946.0,62.0,3.64,3.6399999999999997,3.856666666666667,4.353333333333333,4.913333333333333,0.49666666666666665,0.6166666666666667,3.1833333333333336,0.8733333333333334,6.38,22667.3,2956.6,2789.8344,5114679.44,1328986.66,332.037,1487.0,1376.0,4090000.0,9.7,56.4,733537.0,21536.6,4.5,-54455.0,120.06266000000001,26.14333333333333,6576.423333333333,-0.47504,-0.8509,38514009.0,-1775357.0,-307501.43342617,41.8,3.1,3.1,2.3,2.2
2027-07-30,327.46,333.512,128.969,128.394,346.622,283.223,4.0,2.53,2.3233333333333337,31442.483,24065.956,70279.0,102.551,16.118,4.4,7.9,158466.0,210000.0,34.3,37.32,6946.0,62.0,3.64,3.6399999999999997,3.856666666666667,4.353333333333333,4.913333333333333,0.49666666666666665,0.6166666666666667,3.1833333333333336,0.8733333333333334,6.38,22667.3,2956.6,2789.8344,5114679.44,1328986.66,332.037,1487.0,1376.0,4090000.0,9.7,56.4,733537.0,21536.6,4.5,-54455.0,120.06266000000001,26.14333333333333,6576.423333333333,-0.47504,-0.8509,38514009.0,-1775357.0,-307501.43342617,41.8,3.1,3.1,2.3,2.2
2027-08-06,327.46,333.512,128.969,128.394,346.622,283.223,4.0,2.53,2.3233333333333337,31442.483,24065.956,70279.0,102.551,16.118,4.4,7.9,158466.0,210000.0,34.3,37.32,6946.0,62.0,3.64,3.6399999999999997,3.856666666666667,4.353333333333333,4.913333333333333,0.49666666666666665,0.6166666666666667,3.1833333333333336,0.8733333333333334,6.38,22667.3,2956.6,2789.8344,5114679.44,1328986.66,332.037,1487.0,1376.0,4090000.0,9.7,56.4,733537.0,21536.6,4.5,-54455.0,120.06266000000001,26.14333333333333,6576.423333333333,-0.47504,-0.8509,38514009.0,-1775357.0,-307501.43342617,41.8,3.1,3.1,2.3,2.2
2027-08-13,327.46,333.512,128.969,128.394,346.622,283.223,4.0,2.53,2.3233333333333337,31442.483,24065.956,70279.0,102.551,16.118,4.4,7.9,158466.0,210000.0,34.3,37.32,6946.0,62.0,3.64,3.6399999999999997,3.856666666666667,4.353333333333333,4.913333333333333,0.49666666666666665,0.6166666666666667,3.1833333333333336,0.8733333333333334,6.38,22667.3,2956.6,2789.8344,5114679.44,1328986.66,332.037,1487.0,1376.0,4090000.0,9.7,56.4,733537.0,21536.6,4.5,-54455.0,120.06266000000001,26.14333333333333,6576.423333333333,-0.47504,-0.8509,38514009.0,-1775357.0,-307501.43342617,41.8,3.1,3.1,2.3,2.2
2027-08-20,327.46,333.512,128.969,128.394,346.622,283.223,4.0,2.53,2.3233333333333337,31442.483,24065.956,70279.0,102.551,16.118,4.4,7.9,158466.0,210000.0,34.3,37.32,6946.0,62.0,3.64,3.6399999999999997,3.856666666666667,4.353333333333333,4.913333333333333,0.49666666666666665,0.6166666666666667,3.1833333333333336,0.8733333333333334,6.38,22667.3,2956.6,2789.8344,5114679.44,1328986.66,332.037,1487.0,1376.0,4090000.0,9.7,56.4,733537.0,21536.6,4.5,-54455.0,120.06266000000001,26.14333333333333,6576.423333333333,-0.47504,-0.8509,38514009.0,-1775357.0,-307501.43342617,41.8,3.1,3.1,2.3,2.2
2027-08-27,327.46,333.512,128.969,128.394,346.622,283.223,4.0,2.53,2.3233333333333337,31442.483,24065.956,70279.0,102.551,16.118,4.4,7.9,158466.0,210000.0,34.3,37.32,6946.0,62.0,3.64,3.6399999999999997,3.856666666666667,4.353333333333333,4.913333333333333,0.49666666666666665,0.6166666666666667,3.1833333333333336,0.8733333333333334,6.38,22667.3,2956.6,2789.8344,5114679.44,1328986.66,332.037,1487.0,1376.0,4090000.0,9.7,56.4,733537.0,21536.6,4.5,-54455.0,120.06266000000001,26.14333333333333,6576.423333333333,-0.47504,-0.8509,38514009.0,-1775357.0,-307501.43342617,41.8,3.1,3.1,2.3,2.2
2027-09-03,327.46,333.512,128.969,128.394,346.622,283.223,4.0,2.53,2.3233333333333337,31442.483,24065.956,70279.0,102.551,16.118,4.4,7.9,158466.0,210000.0,34.3,37.32,6946.0,62.0,3.64,3.6399999999999997,3.856666666666667,4.353333333333333,4.913333333333333,0.49666666666666665,0.6166666666666667,3.1833333333333336,0.8733333333333334,6.38,22667.3,2956.6,2789.8344,5114679.44,1328986.66,332.037,1487.0,1376.0,4090000.0,9.7,56.4,733537.0,21536.6,4.5,-54455.0,120.06266000000001,26.14333333333333,6576.423333333333,-0.47504,-0.8509,38514009.0,-1775357.0,-307501.43342617,41.8,3.1,3.1,2.3,2.2
2027-09-10,327.46,333.512,128.969,128.394,346.622,283.223,4.0,2.53,2.3233333333333337,31442.483,24065.956,70279.0,102.551,16.118,4.4,7.9,158466.0,210000.0,34.3,37.32,6946.0,62.0,3.64,3.6399999999999997,3.856666666666667,4.353333333333333,4.913333333333333,0.49666666666666665,0.6166666666666667,3.1833333333333336,0.8733333333333334,6.38,22667.3,2956.6,2789.8344,5114679.44,1328986.66,332.037,1487.0,1376.0,4090000.0,9.7,56.4,733537.0,21536.6,4.5,-54455.0,120.06266000000001,26.14333333333333,6576.423333333333,-0.47504,-0.8509,38514009.0,-1775357.0,-307501.43342617,41.8,3.1,3.1,2.3,2.2
2027-09-17,327.46,333.512,128.969,128.394,346.622,283.223,4.0,2.53,2.3233333333333337,31442.483,24065.956,70279.0,102.551,16.118,4.4,7.9,158466.0,210000.0,34.3,37.32,6946.0,62.0,3.64,3.6399999999999997,3.856666666666667,4.353333333333333,4.913333333333333,0.49666666666666665,0.6166666666666667,3.1833333333333336,0.8733333333333334,6.38,22667.3,2956.6,2789.8344,5114679.44,1328986.66,332.037,1487.0,1376.0,4090000.0,9.7,56.4,733537.0,21536.6,4.5,-54455.0,120.06266000000001,26.14333333333333,6576.423333333333,-0.47504,-0.8509,38514009.0,-1775357.0,-307501.43342617,41.8,3.1,3.1,2.3,2.2
2027-09-24,327.46,333.512,128.969,128.394,346.622,283.223,4.0,2.53,2.3233333333333337,31442.483,24065.956,70279.0,102.551,16.118,4.4,7.9,158466.0,210000.0,34.3,37.32,6946.0,62.0,3.64,3.6399999999999997,3.856666666666667,4.353333333333333,4.913333333333333,0.49666666666666665,0.6166666666666667,3.1833333333333336,0.8733333333333334,6.38,22667.3,2956.6,2789.8344,5114679.44,1328986.66,332.037,1487.0,1376.0,4090000.0,9.7,56.4,733537.0,21536.6,4.5,-54455.0,120.06266000000001,26.14333333333333,6576.423333333333,-0.47504,-0.8509,38514009.0,-1775357.0,-307501.43342617,41.8,3.1,3.1,2.3,2.2
2027-10-01,327.46,333.512,128.969,128.394,346.622,283.223,4.0,2.53,2.3233333333333337,31442.483,24065.956,70279.0,102.551,16.118,4.4,7.9,158466.0,210000.0,34.3,37.32,6946.0,62.0,3.64,3.6399999999999997,3.856666666666667,4.353333333333333,4.913333333333333,0.49666666666666665,0.6166666666666667,3.1833333333333336,0.8733333333333334,6.38,22667.3,2956.6,2789.8344,5114679.44,1328986.66,332.037,1487.0,1376.0,4090000.0,9.7,56.4,733537.0,21536.6,4.5,-54455.0,120.06266000000001,26.14333333333333,6576.423333333333,-0.47504,-0.8509,38514009.0,-1775357.0,-307501.43342617,41.8,3.1,3.1,2.3,2.2
2027-10-08,327.46,333.512,128.969,128.394,346.622,283.223,4.0,2.53,2.3233333333333337,31442.483,24065.956,70279.0,102.551,16.118,4.4,7.9,158466.0,210000.0,34.3,37.32,6946.0,62.0,3.64,3.6399999999999997,3.856666666666667,4.353333333333333,4.913333333333333,0.49666666666666665,0.6166666666666667,3.1833333333333336,0.8733333333333334,6.38,22667.3,2956.6,2789.8344,5114679.44,1328986.66,332.037,1487.0,1376.0,4090000.0,9.7,56.4,733537.0,21536.6,4.5,-54455.0,120.06266000000001,26.14333333333333,6576.423333333333,-0.47504,-0.8509,38514009.0,-1775357.0,-307501.43342617,41.8,3.1,3.1,2.3,2.2
2027-10-15,327.46,333.512,128.969,128.394,346.622,283.223,4.0,2.53,2.3233333333333337,31442.483,24065.956,70279.0,102.551,16.118,4.4,7.9,158466.0,210000.0,34.3,37.32,6946.0,62.0,3.64,3.6399999999999997,3.856666666666667,4.353333333333333,4.913333333333333,0.49666666666666665,0.6166666666666667,3.1833333333333336,0.8733333333333334,6.38,22667.3,2956.6,2789.8344,5114679.44,1328986.66,332.037,1487.0,1376.0,4090000.0,9.7,56.4,733537.0,21536.6,4.5,-54455.0,120.06266000000001,26.14333333333333,6576.423333333333,-0.47504,-0.8509,38514009.0,-1775357.0,-307501.43342617,41.8,3.1,3.1,2.3,2.2
2027-10-22,327.46,333.512,128.969,128.394,346.622,283.223,4.0,2.53,2.3233333333333337,31442.483,24065.956,70279.0,102.551,16.118,4.4,7.9,158466.0,210000.0,34.3,37.32,6946.0,62.0,3.64,3.6399999999999997,3.856666666666667,4.353333333333333,4.913333333333333,0.49666666666666665,0.6166666666666667,3.1833333333333336,0.8733333333333334,6.38,22667.3,2956.6,2789.8344,5114679.44,1328986.66,332.037,1487.0,1376.0,4090000.0,9.7,56.4,733537.0,21536.6,4.5,-54455.0,120.06266000000001,26.14333333333333,6576.423333333333,-0.47504,-0.8509,38514009.0,-1775357.0,-307501.43342617,41.8,3.1,3.1,2.3,2.2
2027-10-29,327.46,333.512,128.969,128.394,346.622,283.223,4.0,2.53,2.3233333333333337,31442.483,24065.956,70279.0,102.551,16.118,4.4,7.9,158466.0,210000.0,34.3,37.32,6946.0,62.0,3.64,3.6399999999999997,3.856666666666667,4.353333333333333,4.913333333333333,0.49666666666666665,0.6166666666666667,3.1833333333333336,0.8733333333333334,6.38,22667.3,2956.6,2789.8344,5114679.44,1328986.66,332.037,1487.0,1376.0,4090000.0,9.7,56.4,733537.0,21536.6,4.5,-54455.0,120.06266000000001,26.14333333333333,6576.423333333333,-0.47504,-0.8509,38514009.0,-1775357.0,-307501.43342617,41.8,3.1,3.1,2.3,2.2
2027-11-05,327.46,333.512,128.969,128.394,346.622,283.223,4.0,2.53,2.3233333333333337,31442.483,24065.956,70279.0,102.551,16.118,4.4,7.9,158466.0,210000.0,34.3,37.32,6946.0,62.0,3.64,3.6399999999999997,3.856666666666667,4.353333333333333,4.913333333333333,0.49666666666666665,0.6166666666666667,3.1833333333333336,0.8733333333333334,6.38,22667.3,2956.6,2789.8344,5114679.44,1328986.66,332.037,1487.0,1376.0,4090000.0,9.7,56.4,733537.0,21536.6,4.5,-54455.0,120.06266000000001,26.14333333333333,6576.423333333333,-0.47504,-0.8509,38514009.0,-1775357.0,-307501.43342617,41.8,3.1,3.1,2.3,2.2
2027-11-12,327.46,333.512,128.969,128.394,346.622,283.223,4.0,2.53,2.3233333333333337,31442.483,24065.956,70279.0,102.551,16.118,4.4,7.9,158466.0,210000.0,34.3,37.32,6946.0,62.0,3.64,3.6399999999999997,3.856666666666667,4.353333333333333,4.913333333333333,0.49666666666666665,0.6166666666666667,3.1833333333333336,0.8733333333333334,6.38,22667.3,2956.6,2789.8344,5114679.44,1328986.66,332.037,1487.0,1376.0,4090000.0,9.7,56.4,733537.0,21536.6,4.5,-54455.0,120.06266000000001,26.14333333333333,6576.423333333333,-0.47504,-0.8509,38514009.0,-1775357.0,-307501.43342617,41.8,3.1,3.1,2.3,2.2
2027-11-19,327.46,333.512,128.969,128.394,346.622,283.223,4.0,2.53,2.3233333333333337,31442.483,24065.956,70279.0,102.551,16.118,4.4,7.9,158466.0,210000.0,34.3,37.32,6946.0,62.0,3.64,3.6399999999999997,3.856666666666667,4.353333333333333,4.913333333333333,0.49666666666666665,0.6166666666666667,3.1833333333333336,0.8733333333333334,6.38,22667.3,2956.6,2789.8344,5114679.44,1328986.66,332.037,1487.0,1376.0,4090000.0,9.7,56.4,733537.0,21536.6,4.5,-54455.0,120.06266000000001,26.14333333333333,6576.423333333333,-0.47504,-0.8509,38514009.0,-1775357.0,-307501.43342617,41.8,3.1,3.1,2.3,2.2
2027-11-26,327.46,333.512,128.969,128.394,346.622,283.223,4.0,2.53,2.3233333333333337,31442.483,24065.956,70279.0,102.551,16.118,4.4,7.9,158466.0,210000.0,34.3,37.32,6946.0,62.0,3.64,3.6399999999999997,3.856666666666667,4.353333333333333,4.913333333333333,0.49666666666666665,0.6166666666666667,3.1833333333333336,0.8733333333333334,6.38,22667.3,2956.6,2789.8344,5114679.44,1328986.66,332.037,1487.0,1376.0,4090000.0,9.7,56.4,733537.0,21536.6,4.5,-54455.0,120.06266000000001,26.14333333333333,6576.423333333333,-0.47504,-0.8509,38514009.0,-1775357.0,-307501.43342617,41.8,3.1,3.1,2.3,2.2
2027-12-03,327.46,333.512,128.969,128.394,346.622,283.223,4.0,2.53,2.3233333333333337,31442.483,24065.956,70279.0,102.551,16.118,4.4,7.9,158466.0,210000.0,34.3,37.32,6946.0,62.0,3.64,3.6399999999999997,3.856666666666667,4.353333333333333,4.913333333333333,0.49666666666666665,0.6166666666666667,3.1833333333333336,0.8733333333333334,6.38,22667.3,2956.6,2789.8344,5114679.44,1328986.66,332.037,1487.0,1376.0,4090000.0,9.7,56.4,733537.0,21536.6,4.5,-54455.0,120.06266000000001,26.14333333333333,6576.423333333333,-0.47504,-0.8509,38514009.0,-1775357.0,-307501.43342617,41.8,3.1,3.1,2.3,2.2
2027-12-10,327.46,333.512,128.969,128.394,346.622,283.223,4.0,2.53,2.3233333333333337,31442.483,24065.956,70279.0,102.551,16.118,4.4,7.9,158466.0,210000.0,34.3,37.32,6946.0,62.0,3.64,3.6399999999999997,3.856666666666667,4.353333333333333,4.913333333333333,0.49666666666666665,0.6166666666666667,3.1833333333333336,0.8733333333333334,6.38,22667.3,2956.6,2789.8344,5114679.44,1328986.66,332.037,1487.0,1376.0,4090000.0,9.7,56.4,733537.0,21536.6,4.5,-54455.0,120.06266000000001,26.14333333333333,6576.423333333333,-0.47504,-0.8509,38514009.0,-1775357.0,-307501.43342617,41.8,3.1,3.1,2.3,2.2
2027-12-17,327.46,333.512,128.969,128.394,346.622,283.223,4.0,2.53,2.3233333333333337,31442.483,24065.956,70279.0,102.551,16.118,4.4,7.9,158466.0,210000.0,34.3,37.32,6946.0,62.0,3.64,3.6399999999999997,3.856666666666667,4.353333333333333,4.913333333333333,0.49666666666666665,0.6166666666666667,3.1833333333333336,0.8733333333333334,6.38,22667.3,2956.6,2789.8344,5114679.44,1328986.66,332.037,1487.0,1376.0,4090000.0,9.7,56.4,733537.0,21536.6,4.5,-54455.0,120.06266000000001,26.14333333333333,6576.423333333333,-0.47504,-0.8509,38514009.0,-1775357.0,-307501.43342617,41.8,3.1,3.1,2.3,2.2
2027-12-24,327.46,333.512,128.969,128.394,346.622,283.223,4.0,2.53,2.3233333333333337,31442.483,24065.956,70279.0,102.551,16.118,4.4,7.9,158466.0,210000.0,34.3,37.32,6946.0,62.0,3.64,3.6399999999999997,3.856666666666667,4.353333333333333,4.913333333333333,0.49666666666666665,0.6166666666666667,3.1833333333333336,0.8733333333333334,6.38,22667.3,2956.6,2789.8344,5114679.44,1328986.66,332.037,1487.0,1376.0,4090000.0,9.7,56.4,733537.0,21536.6,4.5,-54455.0,120.06266000000001,26.14333333333333,6576.423333333333,-0.47504,-0.8509,38514009.0,-1775357.0,-307501.43342617,41.8,3.1,3.1,2.3,2.2
2027-12-31,327.46,333.512,128.969,128.394,346.622,283.223,4.0,2.53,2.3233333333333337,31442.483,24065.956,70279.0,102.551,16.118,4.4,7.9,158466.0,210000.0,34.3,37.32,6946.0,62.0,3.64,3.6399999999999997,3.856666666666667,4.353333333333333,4.913333333333333,0.49666666666666665,0.6166666666666667,3.1833333333333336,0.8733333333333334,6.38,22667.3,2956.6,2789.8344,5114679.44,1328986.66,332.037,1487.0,1376.0,4090000.0,9.7,56.4,733537.0,21536.6,4.5,-54455.0,120.06266000000001,26.14333333333333,6576.423333333333,-0.47504,-0.8509,38514009.0,-1775357.0,-307501.43342617,41.8,3.1,3.1,2.3,2.2
2028-01-07,327.46,333.512,128.969,128.394,346.622,283.223,4.0,2.53,2.3233333333333337,31442.483,24065.956,70279.0,102.551,16.118,4.4,7.9,158466.0,210000.0,34.3,37.32,6946.0,62.0,3.64,3.6399999999999997,3.856666666666667,4.353333333333333,4.913333333333333,0.49666666666666665,0.6166666666666667,3.1833333333333336,0.8733333333333334,6.38,22667.3,2956.6,2789.8344,5114679.44,1328986.66,332.037,1487.0,1376.0,4090000.0,9.7,56.4,733537.0,21536.6,4.5,-54455.0,120.06266000000001,26.14333333333333,6576.423333333333,-0.47504,-0.8509,38514009.0,-1775357.0,-307501.43342617,41.8,3.1,3.1,2.1,2.0
